SID,CID,DATE,VESSEL_NO,SOURCE,SEAMAPSTATION,ENV_LAT,ENV_LON,SECCHI,DEPTH,TIMEENV,TEMPSUR,TEMPMID,TEMPBOT,SALSUR,SALMID,SALBOT,DOSUR,DOMID,DOBOT,HF1LAT,HF1LON,HF1STIME,HF1ETIME,HF1DEPTH,HF2LAT,HF2LON,HF2STIME,HF2ETIME,HF2DEPTH,TIMESOAK,GEARCODE,HOOKSIZE,HOOKSDEPLOYED,HOOKSRETRIEVED,OPCODE,COMMENT,date,year,LUTJANUS CAMPECHANUS,RHIZOPRIONODON TERRAENOVAE,redSnapper,AtlSharpnose
1,2,2023-08-15,73,AL,081523BL04,30.2574,-87.4565,9.5,8.9,1450,28.9,26.1,25.1,35.8,35.8,36.1,6.6,6.7,6.8,30.2747,-87.4488,1434,1550,8,30.2574,-87.4565,1450,1628,8.9,60,"BL, TY, SY, OY",15,100,100,,,2023-08-15,2023,NA,NA,0,0
2,2,2023-09-14,73,AL,091423BL01,30.2059,-87.8803,6,10.9,701,30,30.2,30.2,33.8,33.9,34,5.1,4.2,4.1,30.1964,-87.881,647,759,7,30.2148,-87.8783,701,830,10.9,58,"BL, TY, SY, OY",15,100,100,,,2023-09-14,2023,NA,NA,0,0
3,2,2023-09-14,73,AL,091423BL02,30.2424,-88.0789,1.5,2.9,955,30.2,30.3,30.3,29.1,31,31.4,4.9,4.6,4.2,30.2379,-88.0989,942,1054,3.6,30.2428,-88.079,955,1125,2.9,59,"BL, TY, SY, OY",15,100,100,,,2023-09-14,2023,NA,NA,0,0
4,2,2023-09-14,73,AL,091423BL03,30.344,-88.3593,3,3.3,1317,30.1,30.2,30.3,29.9,30.3,31.1,6.6,6.2,4.4,30.341,-88.37,1304,1416,3.4,30.346,-88.3505,1317,1458,3.3,59,"BL, TY, SY, OY",15,100,99,H,"bite off:1,hooks lost",2023-09-14,2023,0,8,0,8
5,3,2023-05-01,73,AL,050123BL02,30.2409,-87.6809,1.5,7.7,940,21.7,21.6,21.6,32.7,32.8,32.8,7,6.5,6.6,30.2426,-87.6588,926,1039,8.6,30.2409,-87.6809,940,1119,7.7,59,"BL, TY, SY, OY",15,100,100,,"seas subsiding 2-3ft,calm seas at haul time",2023-05-01,2023,0,4,0,4
6,3,2023-05-01,73,AL,050123BL03,30.3462,-87.0166,10,11.5,1341,22.1,21.8,21.9,34.8,34.8,34.9,7.3,7.3,7.2,30.3526,-86.996,1325,1439,9.8,30.3462,-87.0166,1341,1513,11.5,58,"BL, TY, SY, OY",15,100,100,,calm seas(<1ft),2023-05-01,2023,NA,NA,0,0
7,4,2023-06-09,73,AL,060923BL01,30.2899,-87.4094,8,6.1,710,26.2,26,26.1,34.2,34.6,34.6,6.9,7,6.9,30.2952,-87.3901,656,810,6.2,30.2899,-87.4094,710,839,6.1,60,"BL, TY, SY, OY",15,100,100,,"secchi depth-8m (hit bottom),caught loggerhead  sea turtle,hook cut,foul hooked in front left flipper,no injuries,water haul",2023-06-09,2023,NA,NA,0,0
8,4,2023-06-09,73,AL,060923BL02,30.251,-87.5822,11,10.2,929,26.4,26,26.1,34,34.6,34.7,7,7.1,7,30.2507,-87.5618,917,1028,8.8,30.251,-87.5822,929,1128,10.2,59,"BL, TY, SY, OY",15,100,100,,,2023-06-09,2023,NA,NA,0,0
9,4,2023-06-09,73,AL,060923BL03,30.2562,-88.0181,4,4.4,1347,28.8,26.7,26.5,25.4,31.4,31.6,7.2,6.8,6.9,30.2547,-87.9971,1333,1446,4.9,30.2562,-88.0181,1347,1524,4.4,59,"BL, TY, SY, OY",15,100,100,,,2023-06-09,2023,NA,NA,0,0
10,5,2024-08-28,73,AL,082824BL01,30.2913,-87.4164,6.5,6.2,854,30,30.1,30.1,30.8,30.9,31.4,6.7,6.6,5.9,30.2893,-87.4274,839,954,5.9,30.293,-87.4068,854,1022,6.2,60,"BL, TY, SY, OY",15,100,100,,,2024-08-28,2024,0,1,0,1
11,5,2024-08-29,73,AL,082924BL01,30.2242,-87.9206,4.5,9.7,710,30.2,30.3,30.3,31,31.2,31.5,6.5,6.5,6.4,30.2237,-87.9325,654,810,9.7,30.2248,-87.9106,710,854,9.7,60,"BL, TY, SY, OY",15,100,100,,,2024-08-29,2024,NA,NA,0,0
12,5,2024-08-29,73,AL,082924BL02,30.1878,-88.0055,5,10.4,933,30,30,29.9,31.8,31.8,31.8,6.6,6.6,6.5,30.1838,-88.0159,916,1034,8,30.1916,-87.9957,933,1115,10.4,61,"BL, TY, SY, OY",15,100,100,,,2024-08-29,2024,NA,NA,0,0
13,5,2024-08-29,73,AL,082924BL03,30.2976,-88.3104,2,3.6,1305,30.2,30.2,30.1,27.4,27.4,30,7,6.8,5.6,30.2877,-88.3124,1250,1405,3.9,30.3066,-88.3083,1305,1503,3.6,60,"BL, TY, SY, OY",15,100,100,,,2024-08-29,2024,0,3,0,3
14,6,2024-04-25,73,AL,042524BL03,30.1817,-87.8666,9.5,9.2,1301,22.5,20.8,20.3,26.8,31.6,34.2,7.8,7.5,7.5,30.19,-87.8756,1247,1400,7.7,30.1748,-87.859,1301,1429,9.2,59,"BL, TY, SY, OY",15,100,100,,,2024-04-25,2024,NA,NA,0,0
15,6,2024-04-25,73,AL,042524BL04,30.297,-87.9913,1,3.1,1556,24.3,24.1,21.2,6.4,6.4,21.7,10.4,10.5,7.2,30.3053,-87.9976,1541,1656,3.1,30.2896,-87.9845,1556,1734,3.1,60,"BL, TY, SY, OY",15,100,100,,,2024-04-25,2024,NA,NA,0,0
16,7,2024-06-26,77,AL,062624BL01,30.296,-87.9272,1.5,3.2,1400,30.5,30.5,30.5,17.7,17.7,17.7,7.1,7.1,7.1,30.3064,87.9271,1344,1459,2.8,30.2876,87.9318,1400,1535,3.2,59,"BL, TY, SY, OY",15,100,100,,"DHP class trip,derelict crab,trap on gangion",2024-06-26,2024,NA,NA,0,0
17,8,2010-05-27,73,AL,052710BL01,30.2742,-88.3266,NA,4.5,746,NA,NA,NA,NA,NA,NA,NA,NA,NA,30.2904,-88.3194,731,849,4.1,30.2742,-88.3266,746,0,4.5,63,BL,15,NA,NA,,End Haul information not recorded,2010-05-27,2010,0,33,0,33
18,8,2010-05-27,73,AL,052710BL02,30.2853,-87.9755,NA,3.6,1101,NA,NA,NA,NA,NA,NA,NA,NA,NA,30.3077,-87.9748,1046,1201,3.3,30.2853,-87.9755,1101,0,3.6,60,BL,15,NA,NA,,,2010-05-27,2010,0,1,0,1
19,8,2010-06-07,73,AL,060710BL01,30.107,-88.3549,NA,19,849,NA,NA,NA,NA,NA,NA,NA,NA,NA,30.1115,-88.33,832,850,20.1,30.107,-88.3549,849,0,19,1,BL,15,NA,NA,,start haul time is not correct,2010-06-07,2010,0,1,0,1
20,8,2010-06-07,73,AL,060710BL03,30.0643,-87.6936,NA,22.3,1606,NA,NA,NA,NA,NA,NA,NA,NA,NA,30.0625,-87.6694,1552,1709,23.5,30.0643,-87.6936,1606,0,22.3,63,BL,15,NA,NA,,,2010-06-07,2010,0,6,0,6
21,8,2010-06-21,73,AL,062110BL01,30.0338,-88.2987,NA,21.8,739,NA,NA,NA,NA,NA,NA,NA,NA,NA,30.0446,-88.2796,723,741,22.4,30.0338,-88.2987,739,0,21.8,2,BL,15,NA,NA,,start haul time is not correct,2010-06-21,2010,0,4,0,4
22,8,2010-06-21,73,AL,062110BL02,30.0616,-87.8481,NA,17.2,1101,NA,NA,NA,NA,NA,NA,NA,NA,NA,30.0749,-87.8291,1043,1159,19.6,30.0616,-87.8481,1101,0,17.2,58,BL,15,NA,NA,,,2010-06-21,2010,0,8,0,8
23,8,2010-06-21,73,AL,062110BL03,30.2955,-88.0117,NA,3.2,1424,NA,NA,NA,NA,NA,NA,NA,NA,NA,30.2818,-87.997,1410,1524,3.3,30.2955,-88.0117,1424,0,3.2,60,BL,15,NA,NA,,,2010-06-21,2010,NA,NA,0,0
24,8,2010-06-21,73,AL,062110BL04,30.2711,-88.2237,NA,2.7,1722,NA,NA,NA,NA,NA,NA,NA,NA,NA,30.2706,-88.2002,1707,1823,2.5,30.2711,-88.2237,1722,0,2.7,61,BL,15,NA,NA,,,2010-06-21,2010,NA,NA,0,0
25,8,2010-07-19,73,AL,071910BL01,30.1516,-87.8635,NA,12.3,819,29.5,29.9,27.9,25.2,28.1,33.5,1.2,1.2,1.2,30.1389,-87.8447,803,903,15.1,30.1516,-87.8635,819,0,12.3,44,BL,15,NA,NA,,haul times are not correct,2010-07-19,2010,NA,NA,0,0
26,8,2010-07-19,73,AL,071910BL03,30.1056,-88.3301,NA,19.4,1404,30.5,28.8,22.5,24.9,32.5,35.2,1.2,1.2,1.3,30.0926,-88.3106,1349,1510,18.6,30.1056,-88.3301,1404,0,19.4,66,BL,15,NA,NA,,,2010-07-19,2010,NA,NA,0,0
27,8,2010-07-20,73,AL,072010BL01,30.2595,-88.3826,NA,5.7,830,30,30.1,30.1,32.4,29.4,24.7,1.2,1.2,1.2,30.2443,-88.3671,814,930,6,30.2595,-88.3826,830,0,5.7,60,BL,15,NA,NA,,,2010-07-20,2010,0,43,0,43
28,8,2010-07-20,73,AL,072010BL03,30.2796,-87.8758,NA,2.4,1539,31.5,31.5,31.5,6.5,15.5,15.4,1.3,1.3,1.3,30.2697,-87.857,1523,1643,2.2,30.2796,-87.8758,1539,0,2.4,64,BL,15,NA,NA,,99 hooks,2010-07-20,2010,0,1,0,1
29,8,2010-08-16,77,AL,081610BL01,30.1822,-88.3386,NA,12,842,29.1,29.2,28.1,27.8,28.4,33.4,1.2,1.2,1.2,30.1629,-88.3362,827,943,15.4,30.1822,-88.3386,842,0,12,61,BL,15,NA,NA,,,2010-08-16,2010,0,1,0,1
30,8,2010-08-16,77,AL,081610BL02,30.2931,-88.2694,NA,2.7,1059,30,30,30,24.7,24.7,24.7,1.2,1.2,1.2,30.2937,-88.2447,1047,1200,2.3,30.2931,-88.2694,1059,0,2.7,61,BL,15,NA,NA,,,2010-08-16,2010,0,3,0,3
31,8,2010-08-16,77,AL,081610BL03,30.2144,-87.8936,NA,11.2,1411,28.6,28.6,28.4,33,33,33,1.2,1.2,1.2,30.1991,-87.9054,1358,1510,12.4,30.2144,-87.8936,1411,0,11.2,59,BL,15,NA,NA,,,2010-08-16,2010,0,2,0,2
32,8,2010-08-16,77,AL,081610BL04,30.2857,-87.9728,NA,2.9,1651,30,30,30,20.9,20.9,20.9,1.3,1.3,1.3,30.2674,-87.9801,1638,1756,3.3,30.2857,-87.9728,1651,0,2.9,65,BL,15,NA,NA,,,2010-08-16,2010,NA,NA,0,0
33,8,2010-09-20,77,AL,092010BL01,30.0548,-87.9928,NA,18,817,29.4,29.4,29.4,30.4,30.4,30.7,1.2,1.2,1.2,30.0747,-87.9754,800,917,16.1,30.0548,-87.9928,817,0,18,60,BL,15,NA,NA,,,2010-09-20,2010,NA,NA,0,0
34,8,2010-09-20,77,AL,092010BL02,30.1217,-88.311,NA,18,1122,29.5,29.4,29.2,30,30,30.4,1.2,1.2,1.2,30.0991,-88.3039,1107,1223,18,30.1217,-88.311,1122,0,18,61,BL,15,NA,NA,,big shark broke the line,2010-09-20,2010,0,4,0,4
35,8,2010-09-20,77,AL,092010BL03,30.3059,-88.3493,NA,14.1,1359,30.5,30.2,29.8,25.3,25.4,27.8,1.2,1.2,1.2,30.3062,-88.373,1343,1500,14.4,30.3059,-88.3493,1359,0,14.1,61,BL,15,NA,NA,,,2010-09-20,2010,NA,NA,0,0
36,8,2010-09-20,77,AL,092010BL04,30.2684,-87.9553,NA,3.5,1656,30.1,30.1,30.1,21.8,21.8,21.8,1.2,1.2,1.2,30.2649,-87.9725,1639,1756,3.8,30.2684,-87.9553,1656,0,3.5,60,BL,15,NA,NA,,,2010-09-20,2010,0,1,0,1
37,8,2010-10-18,77,AL,101810BL01,30.2744,-88.4085,NA,4,804,23.4,23.3,23.3,23.2,29.8,29.8,0.4,0.4,0.6,30.2965,-88.411,753,906,3.4,30.2744,-88.4085,804,0,4,61,BL,15,NA,NA,,No end haul information,2010-10-18,2010,0,25,0,25
38,8,2010-10-18,77,AL,101810BL02,30.0802,-88.1638,NA,19.5,1107,24.9,24.9,25,33,33.1,33.3,1,1.1,5.9,30.1051,-88.1709,1054,1205,18.8,30.0802,-88.1638,1107,0,19.5,58,BL,15,NA,NA,,,2010-10-18,2010,NA,NA,0,0
39,8,2010-10-18,77,AL,101810BL03,30.1192,-87.8307,NA,15.7,1402,24.6,24.6,25.1,17.9,32.7,32.6,3.6,3.4,3.1,30.1322,-87.8565,1350,1459,16.4,30.1192,-87.8307,1402,0,15.7,57,BL,15,NA,NA,,,2010-10-18,2010,NA,NA,0,0
40,8,2010-10-18,77,AL,101810BL04,30.2955,-87.8587,NA,2.2,1717,23.6,23.6,23.6,12.8,21.7,20.7,4.2,4,3.9,30.301,-87.8851,1706,1817,2.4,30.2955,-87.8587,1717,0,2.2,60,BL,15,NA,NA,,,2010-10-18,2010,NA,NA,0,0
41,8,2010-11-08,77,AL,110810BL01,30.2172,-87.8046,NA,8.3,702,19.6,19.6,19.6,32.8,32.8,32.8,7.8,7.7,7.7,30.2244,-87.834,643,807,5.2,30.2172,-87.8046,702,0,8.3,65,BL,15,NA,NA,,,2010-11-08,2010,NA,NA,0,0
42,8,2010-11-08,77,AL,110810BL02,30.0957,-87.8442,NA,17.3,945,21.1,21.1,21.1,33.2,33.2,33.3,7.4,7.4,7.4,30.0815,-87.8702,923,1047,14.5,30.0957,-87.8442,945,0,17.3,62,BL,15,NA,NA,,,2010-11-08,2010,0,10,0,10
43,8,2010-11-08,77,AL,110810BL03,30.071,-88.1937,NA,19.1,1255,21.3,21.5,22.6,33,33.2,33.9,6.7,7.2,6.8,30.0519,-88.1803,1239,1402,21.7,30.071,-88.1937,1255,0,19.1,67,BL,15,NA,NA,,,2010-11-08,2010,0,5,0,5
44,8,2010-11-08,77,AL,110810BL04,30.2781,-88.229,NA,2.5,1623,15.5,15.5,15.5,27.7,27.7,27.7,8.2,8.2,8.2,30.2714,-88.2104,1607,1720,2.6,30.2781,-88.229,1623,0,2.5,57,BL,15,NA,NA,,,2010-11-08,2010,NA,NA,0,0
45,9,2012-03-27,73,AL,032712BL01,30.2948,-88.2488,NA,2.7,722,22.6,22.8,22.6,14.6,15,18.6,8.1,6.9,5.6,30.3066,-88.23,709,828,1.7,30.2948,-88.2488,722,856,2.7,66,BL,15,NA,NA,,,2012-03-27,2012,NA,NA,0,0
46,9,2012-03-27,73,AL,032712BL02,30.1419,-88.1721,NA,16.7,1025,22.8,20.7,18.8,23.2,34.9,36.2,8.4,7,6.2,30.1234,-88.1819,1012,1125,18.4,30.1419,-88.1721,1025,1200,16.7,60,BL,15,NA,NA,,,2012-03-27,2012,0,39,0,39
47,9,2012-03-27,73,AL,032712BL03,30.1344,-87.902,NA,14.7,1318,22.3,20.6,20.1,30.3,36.9,36.9,7.7,7.2,6.8,30.1237,-87.9101,1309,1420,16.2,30.1344,-87.902,1318,1453,14.7,62,BL,15,NA,NA,,,2012-03-27,2012,0,5,0,5
48,9,2012-03-27,73,AL,032712BL04,30.2169,-87.8625,NA,8.5,1528,22.3,21.9,20.3,35.4,35.9,36.8,7.5,7.6,6.7,30.1975,-87.873,1516,1628,9.1,30.2169,-87.8625,1528,1710,8.5,60,BL,15,NA,NA,,,2012-03-27,2012,0,7,0,7
49,9,2012-04-11,73,AL,041112BL01,30.0245,-87.8447,NA,23.3,740,23,20.4,19.6,25.7,37.3,37.3,7.7,7.2,6.8,30.0449,-87.8425,725,843,21.8,30.0245,-87.8447,740,912,23.3,63,BL,15,NA,NA,,,2012-04-11,2012,NA,NA,0,0
50,9,2012-04-11,73,AL,041112BL02,30.1628,-88.2691,NA,16.4,1058,23.4,19.5,19.3,24.1,36.2,36.6,7.3,4.7,4.3,30.1437,-88.2614,1045,1156,18.3,30.1628,-88.2691,1058,1250,16.4,58,BL,15,NA,NA,,,2012-04-11,2012,0,25,0,25
51,9,2012-04-11,73,AL,041112BL03,30.2635,-88.172,NA,3.3,1404,24.1,23.9,23.1,16.9,16.9,21.2,8.4,8.4,6.8,30.2596,-88.1903,1350,1502,3.5,30.2635,-88.172,1404,1531,3.3,58,BL,15,NA,NA,,,2012-04-11,2012,0,5,0,5
52,9,2012-04-11,73,AL,041112BL04,30.3094,-87.9703,NA,3.3,1645,23.7,22.8,22.6,8.5,26.5,28.1,9.1,6.8,0.2,30.3212,-87.9558,1632,1746,3.1,30.3094,-87.9703,1645,1820,3.3,61,BL,15,NA,NA,,,2012-04-11,2012,0,3,0,3
53,9,2012-05-18,77,AL,051812BL01,30.261,-88.202,NA,3.3,729,26.1,26,26.1,24.7,34.1,37.4,6.8,6.7,6.7,30.2607,-88.1708,712,828,3.2,30.261,-88.202,729,907,3.3,59,BL,15,NA,NA,,,2012-05-18,2012,0,36,0,36
54,9,2012-05-18,77,AL,051812BL02,30.19,-88.2431,NA,14,1031,26.5,24.1,21.8,30.2,33.4,37.1,6.8,6.2,5.2,30.1616,-88.2501,1013,1127,16.3,30.19,-88.2431,1031,1217,14,56,BL,15,NA,NA,,,2012-05-18,2012,NA,NA,0,0
55,9,2012-05-18,77,AL,051812BL03,30.2151,-87.9169,NA,10.8,1356,26.3,29.5,22.7,32.9,36.1,36.8,6.8,6.3,6.2,30.2023,-87.94,1338,1455,12.4,30.2151,-87.9169,1356,1532,10.8,59,BL,15,NA,NA,,,2012-05-18,2012,0,11,0,11
56,9,2012-05-22,77,AL,052212BL02,29.9357,-88.0131,NA,32.6,956,26.3,23.7,21.6,33.6,35.6,38,6.8,6.9,6.2,29.942,-87.9865,940,1056,30.1,29.9357,-88.0131,956,1123,32.6,60,BL,15,NA,NA,,,2012-05-22,2012,2,1,2,1
57,9,2012-06-13,77,AL,061312BL01,30.2505,-88.3562,NA,5.1,720,25.2,26.4,25.5,27.3,27.5,31.7,7.1,7.1,5.7,30.2526,-88.3316,707,820,4,30.2505,-88.3562,720,928,5.1,60,BL,15,NA,NA,,,2012-06-13,2012,0,15,0,15
58,9,2012-06-13,77,AL,061312BL02,30.0113,-88.3421,NA,26.3,1106,26.2,25.5,22.1,33.6,38.4,38.2,6.5,6,5,30.0318,-88.3288,1049,1206,21.9,30.0113,-88.3421,1106,1236,26.3,60,BL,15,NA,NA,,,2012-06-13,2012,0,1,0,1
59,9,2012-06-13,77,AL,061312BL03,30.0672,-87.8642,NA,16.9,1509,27.3,26.8,23.5,31.7,33.8,38,6.8,6.7,6.5,30.0849,-87.8571,1454,1610,17.5,30.0672,-87.8642,1509,1635,16.9,61,BL,15,NA,NA,,,2012-06-13,2012,NA,NA,0,0
60,9,2012-06-13,77,AL,061312BL04,30.3364,-87.9919,NA,2.9,1826,27.9,27.5,27,17.8,18.6,20.8,10.2,9,6.8,30.3404,-87.9711,1812,1926,2.9,30.3364,-87.9919,1826,2000,2.9,60,BL,15,NA,NA,,,2012-06-13,2012,NA,NA,0,0
61,9,2012-07-25,77,AL,072512BL01,30.2444,-88.3984,NA,5.4,829,30.2,30.2,29.6,27.8,27.8,30,6.8,6.7,6.4,30.2477,-88.373,816,929,5.4,30.2444,-88.3984,829,1024,5.4,60,BL,15,NA,NA,,,2012-07-25,2012,0,1,0,1
62,9,2012-07-25,77,AL,072512BL02,30.0932,-88.3232,NA,18.7,1131,30,29.4,27.6,31.5,33.8,38.5,6.5,6.4,6.1,30.1192,-88.3128,1117,1233,20.2,30.0932,-88.3232,1131,1315,18.7,62,BL,15,NA,NA,,,2012-07-25,2012,NA,NA,0,0
63,9,2012-07-25,77,AL,072512BL03,30.2469,-88.0232,NA,6.4,1505,31.7,30.3,29.3,21.6,23.3,32.4,7.6,7.4,3.7,30.2561,-87.9982,1452,1605,4.3,30.2469,-88.0232,1505,1718,6.4,60,BL,15,NA,NA,,Line broke half way through,2012-07-25,2012,0,10,0,10
64,9,2012-07-31,73,AL,073112BL01,30.1647,-87.8348,NA,11.2,718,28.3,28,27.6,37.8,38.1,38.7,6,5.8,5.6,30.1824,-87.8368,703,819,11.2,30.1647,-87.8348,718,855,11.2,61,BL,15,NA,NA,,,2012-07-31,2012,0,1,0,1
65,9,2012-09-25,77,AL,092512BL01,30.198,-87.7598,NA,10.3,742,NA,NA,NA,NA,NA,NA,NA,NA,NA,30.1816,-87.7755,726,844,12,30.198,-87.7598,742,916,10.3,62,BL,15,NA,NA,,,2012-09-25,2012,0,1,0,1
66,9,2012-09-25,77,AL,092512BL02,30.0564,-88.155,NA,19,1058,NA,NA,NA,NA,NA,NA,NA,NA,NA,30.0907,-88.1699,1044,1158,18.7,30.0564,-88.155,1058,1223,19,60,BL,15,NA,NA,,,2012-09-25,2012,NA,NA,0,0
67,9,2012-09-25,77,AL,092512BL03,30.2931,-87.9264,NA,2.8,1345,NA,NA,NA,NA,NA,NA,NA,NA,NA,30.2794,-87.9374,1332,1443,3.4,30.2931,-87.9264,1345,1519,2.8,58,BL,15,NA,NA,,,2012-09-25,2012,NA,NA,0,0
68,9,2012-09-25,77,AL,092512BL04,30.2826,-88.2103,NA,2.1,1621,NA,NA,NA,NA,NA,NA,NA,NA,NA,30.2898,-88.19,1609,1720,1.9,30.2826,-88.2103,1621,1800,2.1,59,BL,15,NA,NA,,,2012-09-25,2012,0,1,0,1
69,9,2012-10-12,77,AL,101212BL01,30.2878,-88.2182,NA,2.1,704,NA,NA,NA,NA,NA,NA,NA,NA,NA,30.2877,-88.1916,652,803,2.1,30.2878,-88.2182,704,840,2.1,59,BL,15,NA,NA,,,2012-10-12,2012,NA,NA,0,0
70,9,2012-10-12,77,AL,101212BL02,30.0196,-88,NA,NA,1027,NA,NA,NA,NA,NA,NA,NA,NA,NA,30.0021,-88.2655,1013,1128,NA,30.0196,NA,1027,1223,NA,61,BL,15,NA,NA,,some HF were not recorded,2012-10-12,2012,0,25,0,25
71,9,2012-10-12,77,AL,101212BL03,30.1178,-87.9349,NA,14.5,1347,NA,NA,NA,NA,NA,NA,NA,NA,NA,30.1006,-87.952,1335,1448,14.8,30.1178,-87.9349,1347,1520,14.5,61,BL,15,NA,NA,,,2012-10-12,2012,NA,NA,0,0
72,9,2012-10-12,77,AL,101212BL04,30.2719,-87.9824,NA,3.3,1630,NA,NA,NA,NA,NA,NA,NA,NA,NA,30.2575,-87.9981,1619,1730,4.2,30.2719,-87.9824,1630,1817,3.3,60,BL,15,NA,NA,,,2012-10-12,2012,0,4,0,4
73,10,2013-03-21,77,AL,032113BL01,30.383,-87.9798,NA,3.1,723,15.6,15.6,17.5,5.4,5.4,16.8,9.4,9.4,7.4,30.3559,-87.9816,708,822,2.9,30.383,-87.9798,723,847,3.1,59,BL,15,NA,NA,,,2013-03-21,2013,NA,NA,0,0
74,10,2013-03-21,77,AL,032113BL02,30.1222,-87.9651,NA,13.8,1023,17.9,19.1,19.7,30.4,32,35.7,8,6.1,4.2,30.1008,-87.9832,1009,1129,18,30.1222,-87.9651,1023,1213,13.8,66,BL,15,NA,NA,,,2013-03-21,2013,0,36,0,36
75,10,2013-03-21,77,AL,032113BL03,30.0666,-88.1482,NA,20.5,1314,18.2,19.6,19.8,30.7,35.5,36.1,7.9,4.6,3.8,30.0486,-88.1667,1301,1418,21.7,30.0666,-88.1482,1314,1515,20.5,64,BL,15,NA,NA,,,2013-03-21,2013,1,53,1,53
76,10,2013-03-21,77,AL,032113BL04,30.1884,-88.3394,NA,NA,1626,18.3,17.7,19.1,24.6,26.2,33.3,8.7,8,3.9,30.2112,-88.3499,1611,1727,3.1,30.1884,-88.3394,1626,1810,NA,61,BL,15,NA,NA,,,2013-03-21,2013,0,3,0,3
77,10,2013-05-17,77,AL,051713BL01,30.2688,-88.2372,NA,2,851,24.2,24.2,24.1,18,18,18,7.8,7.8,7.7,30.2819,-88.2629,835,953,3,30.2688,-88.2372,851,1051,2,62,BL,15,NA,NA,,,2013-05-17,2013,0,4,0,4
78,10,2013-05-17,77,AL,051713BL02,30.1444,-88.1943,NA,17,1214,24.3,21.3,20.8,25.4,34.9,36.1,8,5.7,3.5,30.1618,-88.2333,1202,1314,15.8,30.1444,-88.1943,1214,1350,17,60,BL,15,NA,NA,,,2013-05-17,2013,0,17,0,17
79,10,2013-05-21,77,AL,052113BL01,30.3025,-87.8308,NA,2.4,834,26.3,26.2,26.1,6.3,6.3,6.3,8,7.8,7.6,30.3014,-87.8635,820,933,2.5,30.3025,-87.8308,834,957,2.4,59,BL,15,NA,NA,,,2013-05-21,2013,NA,NA,0,0
80,10,2013-05-21,77,AL,052113BL02,30.1866,-87.9548,NA,13.1,1105,26.1,21.6,21.3,14.3,35.4,35.7,8.2,6.3,4.6,30.1895,-87.9837,1053,1204,11.2,30.1866,-87.9548,1105,1302,13.1,59,BL,15,NA,NA,,,2013-05-21,2013,0,14,0,14
81,10,2013-06-20,77,AL,062013BL01,30.2374,-88.405,NA,5.2,637,29,28.2,27.1,19,25.4,30,7.1,5.7,2.9,30.2426,-88.3765,623,737,5.5,30.2374,-88.405,637,847,5.2,60,BL,15,NA,NA,,,2013-06-20,2013,0,15,0,15
82,10,2013-06-20,77,AL,062013BL02,30.1886,-88.1914,NA,13.5,1011,27.4,23.8,22.2,29.1,32,35.4,7.3,4.3,2.9,30.1751,-88.1633,955,1111,13.7,30.1886,-88.1914,1011,1205,13.5,60,BL,15,NA,NA,,,2013-06-20,2013,0,30,0,30
83,10,2013-06-20,77,AL,062013BL03,30.1807,-87.7976,NA,9.9,1353,28.9,25.6,22.8,27.7,33.5,35.6,6.7,5.9,5.4,30.2017,-87.8232,1333,1454,8.6,30.1807,-87.7976,1353,1546,9.9,61,BL,15,NA,NA,,,2013-06-20,2013,0,2,0,2
84,10,2013-06-20,77,AL,062013BL04,30.3457,-87.9725,NA,2.7,1800,29,28.5,28.5,10.4,13.3,13.5,3.8,8,1.2,30.356,-87.9393,1742,1900,2.8,30.3457,-87.9725,1800,1948,2.7,60,BL,15,NA,NA,,,2013-06-20,2013,NA,NA,0,0
85,10,2013-07-24,77,AL,072413BL01,30.2732,-87.8697,NA,2.3,852,28.4,28.4,28.4,13.7,13.6,13.2,7.1,7,6.4,30.2931,-87.8663,834,952,2.2,30.2732,-87.8697,852,1030,2.3,60,BL,15,NA,NA,,,2013-07-24,2013,NA,NA,0,0
86,10,2013-07-24,77,AL,072413BL02,30.2236,-88.3678,NA,3.4,1241,28.7,28.7,28.6,24.5,24.6,24.6,7.6,7.6,7.5,30.2422,-88.334,1227,1342,4.8,30.2236,-88.3678,1241,1451,3.4,61,BL,15,NA,NA,,,2013-07-24,2013,0,8,0,8
87,10,2013-07-31,77,AL,073113BL01,30.1576,-88.1578,NA,14.8,825,29.8,28.6,24.9,22.8,32.5,36,7.5,6.9,4.5,30.1741,-88.1843,812,926,14.2,30.1576,-88.1578,825,1004,14.8,61,BL,15,NA,NA,,,2013-07-31,2013,0,2,0,2
88,10,2013-07-31,77,AL,073113BL02,30.0406,-87.8552,NA,18.1,1115,29.4,28.5,24.9,30.2,31.9,36.1,7.6,7,5.1,30.0588,-87.8785,1105,1215,16.8,30.0406,-87.8552,1115,1250,18.1,60,BL,15,NA,NA,,,2013-07-31,2013,NA,NA,0,0
89,10,2013-08-06,77,AL,080613BL01,29.9874,-87.8576,NA,24.9,649,30.1,27.7,23.3,26.1,34.8,36.4,7.4,7.1,4.7,30.0101,-87.8767,632,755,24.2,29.9874,-87.8576,649,832,24.9,66,BL,15,NA,NA,,,2013-08-06,2013,NA,NA,0,0
90,10,2013-08-06,77,AL,080613BL02,30.0885,-88.332,NA,19.3,1026,30.6,26.2,23,29.2,34.5,36.4,7.4,7.1,4.8,30.0814,-88.3074,1010,1123,19,30.0885,-88.332,1026,1158,19.3,57,BL,15,NA,NA,,,2013-08-06,2013,0,3,0,3
91,10,2013-08-06,77,AL,080613BL03,30.2498,-88.2704,NA,3.6,1307,32.1,31.4,30.5,19.2,20.2,24.4,8.4,8.4,2.9,30.2446,-88.2996,1246,1404,3.7,30.2498,-88.2704,1307,1439,3.6,57,BL,15,NA,NA,,,2013-08-06,2013,NA,NA,0,0
92,10,2013-08-06,77,AL,080613BL04,30.2879,-87.8664,NA,2.1,1629,32.3,32.3,31,10.8,10.8,12,9.4,9.4,6.1,30.2862,-87.8377,1610,1724,2,30.2879,-87.8664,1629,1758,2.1,55,BL,15,NA,NA,,,2013-08-06,2013,NA,NA,0,0
93,10,2013-10-16,77,AL,101613BL01,30.0219,-87.9652,NA,20.6,649,26.4,26.8,26.9,33.4,33.9,33.9,7.3,7.2,7,30.0236,-87.9922,634,752,18.8,30.0219,-87.9652,649,828,20.6,63,BL,15,NA,NA,,,2013-10-16,2013,3,0,3,0
94,10,2013-10-16,77,AL,101613BL02,30.0923,-88.2757,NA,18.9,1000,27,27,27.4,33.4,33.4,34.8,7.2,7.1,4.1,30.0994,-88.3045,943,1057,18.3,30.0923,-88.2757,1000,1137,18.9,57,BL,15,NA,NA,,,2013-10-16,2013,NA,NA,0,0
95,10,2013-10-16,77,AL,101613BL03,30.2808,-88.1931,NA,2.5,1313,26.5,26.2,26.8,22.6,25.1,28.6,8.3,8,7.7,30.2867,-88.1714,1302,1426,2.3,30.2808,-88.1931,1313,1508,2.5,73,BL,15,NA,NA,,Line and floats caught in prop on haulback,2013-10-16,2013,0,16,0,16
96,10,2013-10-16,77,AL,101613BL04,30.256,-88.0031,NA,3.8,1614,26.8,26.2,26.6,23.2,28,31.4,8.6,8.1,7.3,30.2738,-88.0023,1559,1712,3.7,30.256,-88.0031,1614,1817,3.8,58,BL,15,NA,NA,,,2013-10-16,2013,0,16,0,16
97,11,2014-03-19,77,AL,031914BL01,30.1775,-87.9151,NA,70.4,642,15.6,15.8,15.6,27.2,33.9,34,9.5,8.6,8.1,30.1797,-87.9438,0,745,39,30.1775,-87.9151,642,814,70.4,63,BL,15,NA,NA,,The station depth for start/end set and start/end haul are incorrect.,2014-03-19,2014,NA,NA,0,0
98,11,2014-03-19,77,AL,031914BL02,30.1244,-88.2725,NA,19.5,951,15.5,15.4,15.7,27.1,34.2,34.9,9.3,7,6.7,30.1413,-88.2946,0,1047,17.9,30.1244,-88.2725,951,1118,19.5,56,BL,15,NA,NA,,This station did not have field to enter habitat. It is NO STRUCTURE.,2014-03-19,2014,NA,NA,0,0
99,11,2014-03-19,77,AL,031914BL03,30.277,-88.2178,NA,2.4,1250,16.2,16.2,16,17,17,19.6,10.5,10.4,8.8,30.2805,-88.1909,0,1346,2.2,30.277,-88.2178,1250,1400,2.4,56,BL,15,NA,NA,,This station did not have a field for habitat. This is NO STRUCTURE.,2014-03-19,2014,NA,NA,0,0
100,11,2014-03-19,77,AL,031914BL04,NA,NA,NA,2.9,1517,17,16.9,15.6,10.9,10.9,16.9,12.4,12.9,6.5,NA,NA,0,1617,3,NA,NA,1517,1640,2.9,60,BL,15,NA,NA,,"This station did not have field for habitat, it is NO STRUCTURE,some HF were not recorded",2014-03-19,2014,NA,NA,0,0
101,11,2014-04-21,77,AL,042114BL01,30.036,-87.8266,NA,21.3,717,NA,NA,NA,NA,NA,NA,NA,NA,NA,30.0538,-87.8508,0,817,20.3,30.036,-87.8266,717,913,21.3,60,BL,15,NA,NA,,Faulty CTD - no abiotic data. Laughing gulls. Line caught approximately 50 hooks in so we picked up on the other side.,2014-04-21,2014,NA,NA,0,0
102,11,2014-04-21,77,AL,042114BL02,30.1628,-88.1686,NA,15,1109,NA,NA,NA,NA,NA,NA,NA,NA,NA,30.1765,-88.1958,0,1212,14.7,30.1628,-88.1686,1109,1255,15,63,BL,15,NA,NA,,Faulty CTD - no abiotic data. Laughing gulls pelicans and herring gulls.,2014-04-21,2014,0,3,0,3
103,11,2014-04-21,77,AL,042114BL03,30.3241,-88.0104,NA,1.8,1429,NA,NA,NA,NA,NA,NA,NA,NA,NA,30.3509,-88.0041,0,1528,3.5,30.3241,-88.0104,1429,1554,1.8,59,BL,15,NA,NA,,Faulty CTD - no abiotic data. Laughing gulls,2014-04-21,2014,NA,NA,0,0
104,11,2014-04-21,77,AL,042114BL04,30.2756,-88.2321,NA,2.9,1706,NA,NA,NA,NA,NA,NA,NA,NA,NA,30.2988,-88.2258,0,1803,1.9,30.2756,-88.2321,1706,1832,2.9,57,BL,15,NA,NA,,Faulty CTD - no abiotic data. Laughing gulls,2014-04-21,2014,NA,NA,0,0
105,11,2014-05-06,77,AL,050614BL01,29.3465,-88.1204,NA,83.6,602,22.9,19.5,19.1,29.3,35.8,35.9,6.8,6.7,6.3,29.3699,-88.1088,0,701,79.9,29.3465,-88.1204,602,740,83.6,59,"BL, TC, SX, OX",15,NA,NA,,BLL>20m,2014-05-06,2014,15,9,15,9
106,11,2014-05-06,77,AL,050614BL02,29.4132,-88.1018,NA,59.7,827,22.8,21.1,19.4,26.8,34.5,35.8,7.2,7,6.3,29.4356,-88.0902,0,926,52.2,29.4132,-88.1018,827,1010,59.7,59,"BL, TC, SX, OX",15,NA,NA,,BLL>20m,2014-05-06,2014,0,12,0,12
107,11,2014-05-20,77,AL,052014BL01,30.0983,-87.8614,NA,17.7,851,24.6,19.5,19.1,21.9,34.7,34.9,8.3,6.5,5.5,30.1038,-87.8894,0,951,14.9,30.0983,-87.8614,851,1030,17.7,60,BL,15,NA,NA,,retrieved gear from other side,2014-05-20,2014,NA,NA,0,0
108,11,2014-05-20,77,AL,052014BL03,30.2682,-87.9794,NA,3.7,1524,25.5,24.9,23.4,14.2,21.5,22.8,9.5,8.6,5.3,30.2536,-87.9988,0,1624,4.7,30.2682,-87.9794,1524,1716,3.7,60,BL,15,NA,NA,,boat troubles hauling back,2014-05-20,2014,0,2,0,2
109,11,2014-05-21,77,AL,052114BL01,30.2412,-88.3281,NA,4,840,24.8,24.8,23.5,12.3,12.7,19.7,7.3,7,3.1,30.2443,-88.2843,0,939,3.8,30.2412,-88.3281,840,1017,4,59,BL,15,NA,NA,,,2014-05-21,2014,NA,NA,0,0
110,11,2014-05-21,77,AL,052114BL02,30.1292,-88.1304,NA,16.4,1133,26,25.3,19.4,20.9,24.4,34.5,8.3,7.9,4.8,30.1373,-88.1579,0,1232,16.3,30.1292,-88.1304,1133,1302,16.4,59,BL,15,NA,NA,,,2014-05-21,2014,0,11,0,11
111,11,2014-05-26,77,AL,052614BL01,29.7842,-88.3653,NA,39.5,740,27,23.8,19.8,24.8,35.1,36.1,8.2,7.3,5.6,29.764,-88.3415,0,840,37.1,29.7842,-88.3653,740,934,39.5,60,BL,15,NA,NA,,BLL>20m,2014-05-26,2014,0,14,0,14
112,11,2014-05-26,77,AL,052614BL02,29.8182,-88.1173,NA,32.9,1052,27.4,25.1,19.7,25.1,33.6,36,8.2,7.6,6.3,29.8001,-88.0936,0,1151,34.9,29.8182,-88.1173,1052,1234,32.9,59,BL,15,NA,NA,,BLL>20m,2014-05-26,2014,10,3,10,3
113,11,2014-05-27,77,AL,052714BL01,29.635,-88.1455,NA,38.9,743,24.6,22.6,19.6,30.9,34.1,35.7,7.6,7.7,6.9,29.6505,-88.1686,0,840,37,29.635,-88.1455,743,945,38.9,57,BL,15,NA,NA,,BLL>20m,2014-05-27,2014,0,1,0,1
114,11,2014-05-27,77,AL,052714BL02,29.6006,-88.1322,NA,39,1011,26.8,21.9,19.7,29.9,34.4,35.7,7.7,7.8,7,29.619,-88.1506,0,1110,37.1,29.6006,-88.1322,1011,1148,39,59,BL,15,NA,NA,,BLL>20m,2014-05-27,2014,6,3,6,3
115,11,2014-05-27,77,AL,052714BL03,29.5857,-88.1522,NA,41.5,1213,27.6,20.2,20,25.5,35.4,35.9,8,7.4,7,29.6019,-88.1684,0,1313,38.6,29.5857,-88.1522,1213,1357,41.5,60,BL,15,NA,NA,,BLL>20m,2014-05-27,2014,22,0,22,0
116,11,2014-05-27,77,AL,052714BL04,29.5538,-88.076,NA,40,1430,26.8,21.2,19.3,31.7,34.5,35.5,9.1,7.7,6.9,29.5676,-88.0916,0,1529,40,29.5538,-88.076,1430,1600,40,59,BL,15,NA,NA,,BLL>20m,2014-05-27,2014,8,4,8,4
117,11,2014-06-09,77,AL,060914BL01,30.2767,-88.4166,NA,3.7,1114,28.4,28.5,27.9,14.2,13.1,14.8,7.5,7.3,3.2,30.2901,-88.3985,0,1214,4,30.2767,-88.4166,1114,1239,3.7,60,BL,15,NA,NA,,,2014-06-09,2014,NA,NA,0,0
118,11,2014-06-09,77,AL,060914BL02,30.248,-88.012,NA,5.5,1503,29.9,29.1,27.3,9.3,10.4,22.1,8.6,7.1,5,30.2716,-88.0085,0,1603,3.6,30.248,-88.012,1503,1640,5.5,60,BL,15,NA,NA,,,2014-06-09,2014,NA,NA,0,0
119,11,2014-06-16,73,AL,061614BL01,30.0834,-88.1019,NA,22.1,842,28.1,21.6,20.4,25.4,34.5,35,8.1,5.2,3.8,30.1014,-88.1011,0,944,18.4,30.0834,-88.1019,842,1032,22.1,62,BL,15,NA,NA,,patches of sargassum,2014-06-16,2014,0,1,0,1
120,11,2014-06-16,73,AL,061614BL02,30.1728,-87.9222,NA,11.1,1253,28.5,24.2,22,21.4,32.4,34.7,8.5,6,4.4,30.1821,-87.9464,0,1353,14.8,30.1728,-87.9222,1253,1437,11.1,60,BL,15,NA,NA,,sargassum patches,2014-06-16,2014,0,15,0,15
121,11,2014-07-22,73,AL,072214BL01,30.283,-88.35,NA,4.7,646,28.1,27.9,26.9,26.7,28,29.5,6.6,6.5,3.7,30.2909,-88.3273,0,750,4,30.283,-88.35,646,855,4.7,64,BL,15,NA,NA,,,2014-07-22,2014,0,10,0,10
122,11,2014-07-22,73,AL,072214BL03,30.3147,-87.9792,NA,3,1251,28.6,28.7,27,17.2,17.4,25.5,NA,NA,NA,30.2973,-87.9902,0,1351,3.1,30.3147,-87.9792,1251,1415,3,60,BL,15,NA,NA,,,2014-07-22,2014,0,1,0,1
123,11,2014-07-23,77,AL,072314BL01,30.1752,-88.0944,NA,5.6,824,25.6,23.2,23.1,33.1,35.4,32.6,4.6,3.6,3,30.1962,-88.0925,0,925,8.1,30.1752,-88.0944,824,1025,5.6,61,BL,15,NA,NA,,,2014-07-23,2014,0,27,0,27
124,11,2014-07-23,77,AL,072314BL02,30.1731,-88.0032,NA,13.1,1059,28.2,24.3,23,30,34.9,35.4,5.8,3.1,2.8,30.1592,-88.02,0,1159,13.9,30.1731,-88.0032,1059,1246,13.1,60,BL,15,NA,NA,,,2014-07-23,2014,0,9,0,9
125,11,2014-08-04,77,AL,080414BL01,30.2537,-88.2648,NA,3.6,626,28.4,28.4,27.9,24,24.2,27.1,7.3,7.1,5.6,30.2586,-88.2396,0,726,3.6,30.2537,-88.2648,626,806,3.6,60,BL,15,NA,NA,,,2014-08-04,2014,0,14,0,14
126,11,2014-08-04,77,AL,080414BL02,30.2868,-87.9755,NA,3.1,918,28.6,28.6,28,16.2,16,31.2,7.5,7.5,6.9,30.2794,-87.9935,0,1017,3.3,30.2868,-87.9755,918,1102,3.1,59,BL,15,NA,NA,,gear malfunctions during retrieval,2014-08-04,2014,NA,NA,0,0
127,11,2014-08-04,77,AL,080414BL03,30.193,-87.9977,NA,8.6,1150,28.5,28.3,28.1,32.3,32.5,32.7,6.6,6.6,6.6,30.181,-88.0158,0,1250,7.5,30.193,-87.9977,1150,1314,8.6,60,BL,15,NA,NA,,,2014-08-04,2014,NA,NA,0,0
128,11,2014-08-04,77,AL,080414BL04,30.1481,-88.0954,NA,11.2,1349,29.4,28,25.9,28.3,32.8,33.7,6.9,6.6,6.7,30.1426,-88.0702,0,1453,13.8,30.1481,-88.0954,1349,1613,11.2,64,BL,15,NA,NA,,Great hammerhead wrapped around mainline,2014-08-04,2014,0,3,0,3
129,11,2014-08-21,77,AL,082114BL01,29.7678,-88.3589,NA,36.2,739,30,23.7,21.4,29,36,36.3,5.6,3.6,3.6,29.7822,-88.3426,0,839,36.2,29.7678,-88.3589,739,936,36.2,60,"BL, TC, SX, OX",15,NA,NA,,BLL>20m,2014-08-21,2014,1,59,1,59
130,11,2014-08-21,77,AL,082114BL02,29.7154,-88.2266,NA,40.3,1024,30.6,24.7,21.3,29.6,36,36.2,5.6,5.5,3.3,29.7339,-88.2078,0,1123,38.2,29.7154,-88.2266,1024,1154,40.3,59,"BL, TC, SX, OX",15,NA,NA,,BLL>20m,2014-08-21,2014,18,1,18,1
131,11,2014-08-21,77,AL,082114BL03,29.6014,-88.1467,NA,36.8,1239,30.8,24.7,21.4,30.3,35.6,36.2,5.9,6,3.9,29.6198,-88.131,0,1336,36.7,29.6014,-88.1467,1239,1419,36.8,57,"BL, TC, SX, OX",15,NA,NA,,BLL>20m,2014-08-21,2014,0,5,0,5
132,11,2014-08-21,77,AL,082114BL04,29.5862,-88.1643,NA,39.8,1439,30.9,25.6,21.5,30,35.8,36.2,5.9,5.4,3.9,29.6009,-88.1467,0,1538,36.7,29.5862,-88.1643,1439,1618,39.8,59,"BL, TC, SX, OX",15,NA,NA,,BLL>20m bite offs:4,2014-08-21,2014,20,3,20,3
133,11,2014-08-21,77,AL,082114BL05,29.499,-88.2798,NA,49.3,1708,30.6,26.2,21.6,30.7,35.8,36.3,7.2,5.4,3.9,29.5327,-88.2991,0,1807,46.6,29.499,-88.2798,1708,1837,49.3,59,"BL, TC, SX, OX",15,NA,NA,,BLL>20m,2014-08-21,2014,14,2,14,2
134,11,2014-08-22,77,AL,082214BL01,29.2656,-88.3335,NA,87.2,608,31.2,26.8,21.9,28.6,35.8,36.3,6.5,5.6,5.7,29.282,-88.3155,0,708,80.2,29.2656,-88.3335,608,742,87.2,60,"BL, TC, SX, OX",15,NA,NA,,BLL>20m,2014-08-22,2014,1,30,1,30
135,11,2014-08-22,77,AL,082214BL02,29.348,-88.1265,NA,83.1,908,30.6,28,21.7,28.3,35.8,36.3,6,5.2,4.8,29.3659,-88.107,0,1008,80.6,29.348,-88.1265,908,1109,83.1,60,"BL, TC, SX, OX",15,NA,NA,,BLL>20m,2014-08-22,2014,7,13,7,13
136,11,2014-09-30,73,AL,093014BL01,30.2486,-88.3235,NA,4.2,704,25.5,25.6,26.9,26.7,27.5,31.8,5.8,5.7,4.9,30.2396,-88.3404,0,804,4.6,30.2486,-88.3235,704,851,4.2,60,BL,15,NA,NA,,bite off:1,2014-09-30,2014,0,9,0,9
137,11,2014-09-30,73,AL,093014BL02,30.0876,-88.3388,NA,19.5,1002,27.5,27.5,27.5,34.1,34.1,34.1,5.6,5.5,5.5,30.0824,-88.3604,0,1056,18.7,30.0876,-88.3388,1002,1123,19.5,54,BL,15,NA,NA,,,2014-09-30,2014,0,2,0,2
138,11,2014-09-30,73,AL,093014BL03,30.0658,-87.9272,NA,15.6,1306,27.6,27.6,27.6,34.3,34.3,34.4,5.7,5.7,5.7,30.0601,-87.9485,0,1413,14.7,30.0658,-87.9272,1306,1440,15.6,67,BL,15,NA,NA,,,2014-09-30,2014,NA,NA,0,0
139,11,2014-09-30,73,AL,093014BL04,30.3035,-87.9297,NA,2.9,1614,26.6,26.5,25.7,24.1,24.1,27.9,7.2,7.2,7,30.2886,-87.9128,0,1712,2.9,30.3035,-87.9297,1614,1751,2.9,58,BL,15,NA,NA,,,2014-09-30,2014,NA,NA,0,0
140,11,2014-10-08,77,AL,100814BL01,30.2531,-88.3434,NA,4.3,712,24.8,24.8,25,29,29.2,31.2,7.4,7.4,5.3,30.236,-88.36,0,811,5.1,30.2531,-88.3434,712,905,4.3,59,BL,15,NA,NA,,"bite off:1, gear malfunctions during retrieval",2014-10-08,2014,0,15,0,15
141,11,2014-10-08,77,AL,100814BL02,30.1488,-88.1357,NA,14.4,1019,26.2,26.5,26.5,32.5,33.8,33.8,6.8,6.6,6.5,30.1249,-88.1376,0,1120,16.6,30.1488,-88.1357,1019,1158,14.4,61,BL,15,NA,NA,,,2014-10-08,2014,0,7,0,7
142,11,2014-10-08,77,AL,100814BL03,30.1637,-88.0131,NA,13.8,1236,26.5,26.2,26.9,33.5,33.6,34.2,6.7,6.7,5.7,30.1531,-88.0342,0,1337,13.7,30.1637,-88.0131,1236,1418,13.8,61,BL,15,NA,NA,,,2014-10-08,2014,0,6,0,6
143,11,2014-10-08,77,AL,100814BL04,30.2694,-87.8514,NA,2.1,1532,25.6,25.5,24.1,25.2,25.2,26.1,8.6,8.6,7.1,30.2746,-87.8789,0,1631,2.4,30.2694,-87.8514,1532,1708,2.1,59,BL,15,NA,NA,,"line snagged on very large tree branch in water, cut line and re-tied about 10 hooks in",2014-10-08,2014,NA,NA,0,0
144,12,2015-05-27,77,AL,052715BL01,30.2801,-87.9885,NA,3.9,822,26.2,26.1,26.2,18.1,18.1,25.8,6.2,6.2,5.3,30.2959,-88.0012,808,924,3.7,30.2801,-87.9885,822,1023,3.9,62,BL,15,NA,NA,,,2015-05-27,2015,0,6,0,6
145,12,2015-05-27,77,AL,052715BL02,30.2006,-88.0922,NA,7.3,1127,27,26.6,26.2,25,27.8,28.9,5.9,5.4,4.2,30.2154,-88.111,1114,1226,7.3,30.2006,-88.0922,1127,1343,7.3,59,BL,15,NA,NA,,,2015-05-27,2015,0,25,0,25
146,12,2015-06-22,77,AL,062215BL01,30.3386,-87.9667,NA,3,917,30.4,30.4,30.4,12.9,13.3,13.7,6.7,6.3,5.5,30.3225,-87.9732,904,1015,3.3,30.3386,-87.9667,917,1035,3,58,BL,15,NA,NA,,,2015-06-22,2015,NA,NA,0,0
147,12,2015-07-02,77,AL,070215BL01,30.28,-87.9994,NA,3.9,904,25.8,25.8,25.8,32.8,32.9,32.9,5.8,5.6,5.3,30.2932,-87.9876,850,1005,3.6,30.28,-87.9994,904,1040,3.9,61,BL,15,NA,NA,,,2015-07-02,2015,0,22,0,22
148,12,2015-07-16,73,AL,071615BL01,30.2474,-88.4215,NA,5.4,1004,29.4,29.2,29.2,27.7,28,28,5.1,4.6,4.7,30.2493,-88.3996,948,1103,5.4,30.2474,-88.4215,1004,1229,5.4,59,BL,15,NA,NA,,,2015-07-16,2015,0,9,0,9
149,12,2015-09-19,73,AL,091915BL02,30.2786,-87.4439,NA,7.7,1056,27.6,27.5,27.8,33.6,33.7,34.3,6.6,6.5,6.4,30.2725,-87.4682,1040,1156,8.6,30.2786,-87.4439,1056,1240,7.7,60,BL,15,NA,NA,,,2015-09-19,2015,NA,NA,0,0
150,12,2015-09-19,73,AL,091915BL03,30.1978,-87.7931,NA,11.1,1420,28.9,27.9,27.9,34.1,34.1,34.1,6.8,7,7,30.1962,-87.8185,1404,1521,8.9,30.1978,-87.7931,1420,1556,11.1,61,BL,15,NA,NA,,,2015-09-19,2015,NA,NA,0,0
151,12,2015-09-20,73,AL,092015BL01,30.2478,-88.3256,NA,3.9,736,26.9,27,28.1,28.7,29,32.6,7.1,7.2,4.8,30.2482,-88.3032,723,837,3.8,30.2478,-88.3256,736,1002,3.9,61,BL,15,NA,NA,,,2015-09-20,2015,0,7,0,7
152,12,2015-09-20,73,AL,092015BL03,30.3001,-88.2832,NA,3.1,1456,29.5,28.7,27.6,26.3,26.9,32,7.6,7.4,3.8,30.2918,-88.3019,1443,1557,3.5,30.3001,-88.2832,1456,1654,3.1,61,BL,15,NA,NA,,,2015-09-20,2015,0,7,0,7
153,13,2016-04-07,73,AL,040716BL02,30.2778,-88.411,NA,4,1000,20.7,20.5,20.1,13.9,14.1,26.4,7.9,7.1,3.6,30.2614,-88.3968,944,1059,5.3,30.2778,-88.411,1000,1126,4,59,BL,15,NA,NA,,,2016-04-07,2016,0,5,0,5
154,13,2016-04-07,73,AL,040716BL04,30.189,-88.359,NA,10.4,1405,21.2,20,20,14.8,34.2,34.3,7.5,2,2.3,30.201,-88.357,1349,1508,7.7,30.189,-88.359,1405,1536,10.4,63,BL,15,NA,NA,,,2016-04-07,2016,0,4,0,4
155,13,2016-04-08,73,AL,040816BL03,30.1579,-88.0807,NA,11.2,1312,20.8,20.1,20.1,17.7,33.9,34.5,7.6,2.8,3.4,30.1722,-88.0636,1259,1412,5.8,30.1579,-88.0807,1312,1451,11.2,60,BL,15,NA,NA,,,2016-04-08,2016,0,8,0,8
156,13,2016-04-08,73,AL,040816BL04,30.31,-87.9702,NA,3.2,1600,20.9,20.7,20.5,4.7,4.7,4.9,8.4,8,8.1,30.3003,-87.9506,1541,1659,3.1,30.31,-87.9702,1600,1726,3.2,59,BL,15,NA,NA,,,2016-04-08,2016,NA,NA,0,0
157,13,2016-05-25,77,AL,052516BL02,30.2307,-87.6602,NA,12,1138,26.6,25.4,23.1,26.9,31.6,34.8,7.6,6.8,6.8,30.2154,-87.6769,1124,1239,11.9,30.2307,-87.6602,1138,1301,12,61,BL,15,NA,NA,,bite off:1,2016-05-25,2016,NA,NA,0,0
158,13,2016-06-13,77,AL,061316BL01,30.2186,-87.9556,NA,9.9,835,28.3,26.3,24.2,25.5,32.4,34.3,6.4,4.7,3.7,30.2274,-87.9328,820,936,7.3,30.2186,-87.9556,835,1002,9.9,61,BL,15,NA,NA,,,2016-06-13,2016,NA,NA,0,0
159,13,2016-06-20,77,AL,062016BL01,30.2755,-88.0572,NA,5.3,759,26.7,26.7,26.2,26.4,26.4,30.9,6.8,6.8,6.4,30.2548,-88.0492,745,901,5.8,30.2755,-88.0572,759,1002,5.3,62,BL,15,NA,NA,,,2016-06-20,2016,0,12,0,12
160,13,2016-07-20,73,AL,072016BL01,30.2519,-87.4999,NA,7.9,1124,30.9,30.4,30,30.6,31.9,32.8,6.6,6.7,6.6,30.2652,-87.4848,1112,1224,7,30.2519,-87.4999,1124,1245,7.9,60,BL,15,NA,NA,,,2016-07-20,2016,NA,NA,0,0
161,13,2016-09-22,73,AL,092216BL01,30.2604,-87.5152,NA,7.3,757,29.5,29.8,29.9,31.4,32.4,32.7,6.7,6.6,6.5,30.276,-87.4982,746,858,6.3,30.2604,-87.5152,757,920,7.3,61,"BL, TY, SY, OY",15,NA,NA,,,2016-09-22,2016,0,1,0,1
162,13,2016-09-22,73,AL,092216BL02,30.2472,-87.6473,NA,6.2,954,30,30.2,29.9,31.9,32.3,32.7,6.3,6.5,5.1,30.245,-87.6282,944,1056,5.2,30.2472,-87.6473,954,1116,6.2,62,"BL, TY, SY, OY",15,NA,NA,,,2016-09-22,2016,NA,NA,0,0
163,13,2016-09-29,73,AL,092916BL03,30.225,-88.178,NA,10,1220,29.3,29.2,29.1,31.9,33.9,34.2,5.6,3.6,3.4,30.2252,-88.1566,1209,1321,9.6,30.225,-88.178,1220,1346,10,61,"BL, TC, SX, OX",15,NA,NA,,,2016-09-29,2016,0,1,0,1
164,13,2016-09-29,73,AL,092916BL04,30.2249,-88.0882,NA,3.4,1439,30.1,30,29.9,23.4,27.7,29.6,6.8,6.4,6.5,30.2294,-88.072,1427,1540,2.4,30.2249,-88.0882,1439,1628,3.4,61,"BL, TC, SX, OX",15,NA,NA,,bite off:1,2016-09-29,2016,NA,NA,0,0
165,14,2017-04-07,73,AL,040717BL05,30.3309,-87.9657,NA,3,1524,21,21.7,20.8,2.8,2.5,9.8,9.4,9.8,6.4,30.3133,-87.9592,1520,1625,2.9,30.3309,-87.9657,1524,0,3,61,"BL, TY, SY, OY",15,NA,NA,,,2017-04-07,2017,NA,NA,0,0
166,14,2017-04-12,73,AL,041217BL03,30.2075,-87.8465,3.5,8.5,1106,22.9,22.2,22.1,29.3,29.8,31.8,7.2,7.2,6.5,30.2164,-87.8615,1054,1207,8.2,30.2075,-87.8465,1106,0,8.5,61,"BL, TY, SY, OY",15,NA,NA,,,2017-04-12,2017,NA,NA,0,0
167,14,2017-04-14,73,AL,041417BL03,30.3231,-88.0633,0.8,3.5,1157,23.2,23.1,22.2,31.1,3.1,11.1,9.4,9.3,4,30.3137,-88.078,1145,1259,3.7,30.3231,-88.0633,1157,0,3.5,62,"BL, TY, SY, OY",15,NA,NA,M,"came inshore due to bad weather offshore,gear broke at beginning of haul,had to wait 20 min to repair",2017-04-14,2017,NA,NA,0,0
168,14,2017-05-24,77,AL,052417BL02,30.2154,-88.1574,2,11.5,1156,25.8,26.1,24.6,30.2,32,34.4,6.6,6.1,4.4,30.2035,-88.1423,1143,1256,9.2,30.2154,-88.1574,1156,0,11.5,60,"BL, TY, SY, OY",15,NA,NA,"A, B","mainline broke 3/4 way through haul,had to pick up from other end",2017-05-24,2017,0,7,0,7
169,14,2017-05-25,77,AL,052517BL01,30.2344,-88.3611,1,5.9,848,24.5,24.5,24.2,21.1,21.3,33.9,7.3,7.1,4.2,30.2463,-88.3403,836,947,4.9,30.2344,-88.3611,848,0,5.9,59,"BL, TY, SY, OY",15,NA,NA,M,"bite off:2,had to stop haul to fix gear",2017-05-25,2017,0,31,0,31
170,14,2017-06-29,73,AL,062917BL01,30.3044,-88.3941,1.5,4.2,910,27.2,27.4,27.4,13.4,13.1,14,6.9,6.9,6,30.3261,-88.3978,857,1010,3.6,30.3044,-88.3941,910,0,4.2,60,"BL, TY, SY, OY",15,NA,NA,,,2017-06-29,2017,NA,NA,0,0
171,14,2017-06-29,73,AL,062917BL02,30.2928,-88.4615,1.2,3.3,1354,27.3,27.3,27.3,13.8,13.8,13.8,6.9,7,6.9,30.2964,-88.48,1344,1455,3.6,30.2928,-88.4615,1354,0,3.3,61,"BL, TY, SY, OY",15,NA,NA,,,2017-06-29,2017,NA,NA,0,0
172,14,2017-07-20,77,AL,072017BL01,30.2885,-87.4148,6,6.8,959,31,30.4,28.4,27.4,31.1,33.2,6.2,6.6,5.1,30.2899,-87.3956,948,1059,7.5,30.2885,-87.4148,959,0,6.8,60,"BL, TY, SY, OY",15,NA,NA,,,2017-07-20,2017,NA,NA,0,0
173,14,2017-07-20,77,AL,072017BL02,30.2049,-87.7708,4,11,1300,31.8,28.8,27.1,22.4,32.8,33.5,6.3,4.9,2.3,30.227,-87.773,1247,1400,9.4,30.2049,-87.7708,1300,0,11,60,"BL, TY, SY, OY",15,NA,NA,,no catch,2017-07-20,2017,NA,NA,0,0
174,14,2017-09-05,73,AL,090517BL01,30.2694,-88.57,1.5,4.1,736,27.7,28.9,28.7,15.8,20.3,22.5,7.3,6.6,4.6,30.2589,-88.5504,724,837,5.2,30.2694,-88.57,736,0,4.1,61,"BL, TY, SY, OY",15,NA,NA,,bite off:1,2017-09-05,2017,NA,NA,0,0
175,14,2017-09-05,73,AL,090517BL02,30.2741,-88.4722,3.5,4.9,940,28.8,28.8,28.8,18.1,22.9,25.7,7.8,4.2,2.3,30.2575,-88.4582,927,1040,5.2,30.2741,-88.4722,940,0,4.9,60,"BL, TY, SY, OY",15,NA,NA,,,2017-09-05,2017,NA,NA,0,0
176,14,2017-09-05,73,AL,090517BL03,30.2365,-88.2407,4.5,6.5,1233,29.9,29.2,29,24.2,25.9,29.6,7.7,7.6,3.4,30.2166,-88.2351,1220,1333,11.1,30.2365,-88.2407,1233,0,6.5,60,"BL, TY, SY, OY",15,NA,NA,,,2017-09-05,2017,NA,NA,0,0
177,14,2017-09-23,77,AL,092317BL01,30.2242,-87.7732,8,9.9,1158,29,28.8,28.1,29.4,29.9,32.3,6.3,6,4.4,30.2222,-87.7977,1145,1255,8.6,30.2242,-87.7732,1158,0,9.9,57,"BL, TY, SY, OY",15,NA,NA,,,2017-09-23,2017,NA,NA,0,0
178,14,2017-09-23,77,AL,092317BL02,30.2232,-87.8531,8,7.5,1408,29.1,29.1,28.9,29.8,30,30.6,6.4,6.4,6.3,30.2248,-87.8756,1356,1508,7.8,30.2232,-87.8531,1408,0,7.5,60,"BL, TY, SY, OY",15,NA,NA,,,2017-09-23,2017,NA,NA,0,0
179,15,2018-05-22,77,AL,052218BL01,30.279,-88.3068,2.5,4.2,832,28,28.1,27.7,20.8,20.8,22,6.8,6.7,5.5,30.2608,-88.3054,819,932,4.1,30.279,-88.3068,832,1023,4.2,60,"BL, TY, SY, OY",15,NA,NA,,,2018-05-22,2018,0,36,0,36
180,15,2018-05-22,77,AL,052218BL02,30.2479,-88.1629,4.5,4.7,1208,28.4,27.9,26,21.9,22.7,27.8,6.9,6.2,3.8,30.2422,-88.1862,1154,1307,6.9,30.2479,-88.1629,1208,1335,4.7,59,"BL, TY, SY, OY",15,NA,NA,,,2018-05-22,2018,0,8,0,8
181,15,2018-05-22,77,AL,052218BL03,30.1925,-88.0258,5.5,1.8,1506,29.2,28.2,26.8,23.7,23.9,29.7,6.9,7,6.5,30.1763,-88.0414,1452,1605,5.4,30.1925,-88.0258,1506,1639,1.8,59,"BL, TY, SY, OY",15,NA,NA,,,2018-05-22,2018,0,1,0,1
182,15,2018-05-23,77,AL,052318BL01,30.2242,-87.8955,5.5,11.6,809,28.5,26.9,26,24.7,31.3,32.2,6.5,6.1,5.8,30.2253,-87.8712,756,910,6.1,30.2242,-87.8955,809,953,11.6,61,"BL, TY, SY, OY",15,NA,NA,,,2018-05-23,2018,0,5,0,5
183,15,2018-05-23,77,AL,052318BL02,30.2657,-87.466,8,9.8,1147,28.5,27.5,26.5,29.5,32.1,33.3,6.4,6.6,6,30.2598,-87.4888,1133,1247,10.1,30.2657,-87.466,1147,1316,9.8,60,"BL, TY, SY, OY",15,NA,NA,,,2018-05-23,2018,NA,NA,0,0
184,15,2018-07-09,77,AL,070918BL01,30.2206,-87.9663,9.5,8.5,815,29.3,29.3,29.3,30.9,31.5,31.7,6.8,6.5,4.6,30.2158,-87.9894,802,915,7.9,30.2206,-87.9663,815,936,8.5,60,"BL, TY, SY, OY",15,NA,NA,,water haul No Catch,2018-07-09,2018,NA,NA,0,0
185,15,2018-07-09,77,AL,070918BL02,30.1702,-87.8861,10.5,10.6,1014,29,29.2,29.1,31.7,32,32.2,6.7,6.1,5.7,30.1826,-87.9068,959,1114,8.8,30.1702,-87.8861,1014,1135,10.6,60,"BL, TY, SY, OY",15,NA,NA,,"bite off:1,water haul No Catch",2018-07-09,2018,NA,NA,0,0
186,15,2018-09-07,73,AL,090718BL01,30.2828,-87.9446,2,3.7,701,27.2,27.5,27.4,21.1,21.1,24.9,6.9,6.7,6.1,30.2638,-87.9538,648,800,1.5,30.2828,-87.9446,701,848,3.7,59,"BL, TY, SY, OY",15,NA,NA,,,2018-09-07,2018,0,2,0,2
187,15,2018-09-07,73,AL,090718BL02,30.268,-87.491,9,7.1,1138,27.8,27.9,27.9,28.4,28.7,32.1,6.7,6.6,6.6,30.2605,-87.5082,1127,1240,8.2,30.268,-87.491,1138,1318,7.1,62,"BL, TY, SY, OY",15,NA,NA,,1 straightened hook,2018-09-07,2018,NA,NA,0,0
188,15,2018-09-27,73,AL,092718BL01,30.2732,-88.0301,2,4.3,646,28.9,29.3,29,21.5,21.4,26.2,6.7,6.4,4.6,30.2938,-88.031,632,746,4.2,30.2732,-88.0301,646,820,4.3,60,"BL, TY, SY, OY",15,NA,NA,,,2018-09-27,2018,NA,NA,0,0
189,15,2018-09-27,73,AL,092718BL02,30.2088,-88.1019,2.5,6.5,928,29,29.3,29.2,25,27.4,29.3,6,4.2,4.1,30.225,-88.1156,914,1027,4.4,30.2088,-88.1019,928,1058,6.5,59,"BL, TY, SY, OY",15,NA,NA,,,2018-09-27,2018,0,2,0,2
190,16,2019-05-21,77,AL,052119BL01,30.2272,-87.9381,2,7.5,833,26.4,26.5,24.4,11.4,24.6,31.8,7.4,6.5,4.8,30.226,-87.965,816,932,6.2,30.2272,-87.9381,833,1016,7.5,59,"BL, TY, SY, OY",15,NA,NA,,,2019-05-21,2019,0,10,0,10
191,16,2019-05-21,77,AL,052119BL02,30.3018,-87.3238,3,7.1,1253,28.3,28,24.7,21.9,22.3,33.6,7.4,7.2,7,30.3076,-87.3452,1239,1353,5.6,30.3018,-87.3238,1253,1421,7.1,60,"BL, TY, SY, OY",15,NA,NA,,,2019-05-21,2019,NA,NA,0,0
192,16,2019-07-08,77,AL,070819BL01,30.2011,-88.3326,4,8.2,929,28.6,23.3,22.6,25.7,35,35.5,6,0.6,1.5,30.2,-88.31,914,1028,10.2,30.2011,-88.3326,929,1108,8.2,59,"BL, TY, SY, OY",15,NA,NA,,,2019-07-08,2019,NA,NA,0,0
193,16,2019-07-08,77,AL,070819BL02,30.3124,-88.4035,2,4.2,1226,30.2,30.2,29.7,22.8,22.8,24.9,7.4,7.3,2.6,30.3042,-88.3796,1208,1325,4.7,30.3124,-88.4035,1226,1413,4.2,59,"BL, TY, SY, OY",15,NA,NA,,,2019-07-08,2019,NA,NA,0,0
194,16,2019-07-22,77,AL,072219BL01,30.3215,-87.9933,2,3.6,846,29,29,29,17.3,17.3,17.4,6.4,6.3,6.1,30.3118,-87.9716,832,945,3.5,30.3215,-87.9933,846,1018,3.6,59,"BL, TY, SY, OY",15,NA,NA,,,2019-07-22,2019,NA,NA,0,0
195,16,2019-07-22,77,AL,072219BL02,30.2139,-87.812,8,9.4,1206,29.5,28.9,28,28,31.7,32.7,7,5.5,5.6,30.2132,-87.8402,1151,1305,8.5,30.2139,-87.812,1206,1422,9.4,59,"BL, TY, SY, OY",15,NA,NA,,,2019-07-22,2019,NA,NA,0,0
196,16,2019-09-21,77,AL,092119BL01,30.34,-88.0066,1,3.8,1211,28.2,28.2,28.2,22.3,22.3,22.4,6.8,6.4,6.2,30.3245,-88.0194,1158,1311,4,30.34,-88.0066,1211,1342,3.8,60,"BL, TY, SY, OY",15,NA,NA,,Eric sparks and his master naturalist class,2019-09-21,2019,NA,NA,0,0
197,16,2019-09-21,77,AL,092119BL02,30.2704,-87.9771,1,3.8,1429,28,28.1,28.1,21.6,21.6,22.3,7.2,6.9,6.7,30.2603,-87.9974,1414,1528,4.7,30.2704,-87.9771,1429,1603,3.8,59,"BL, TY, SY, OY",15,NA,NA,,,2019-09-21,2019,0,1,0,1
198,16,2019-09-26,73,AL,092619BL01,30.278,-87.2834,12,12.8,1041,28.7,28.5,28.4,29.8,30,30.8,6.8,6.4,6,30.2994,-87.2971,1027,1140,7.2,30.278,-87.2834,1041,1214,12.8,59,"BL, TY, SY, OY",15,NA,NA,,,2019-09-26,2019,NA,NA,0,0
199,17,2020-05-01,73,AL,050120BL05,30.2408,-87.5845,5.5,11.6,1749,22.8,21,20.7,29,33.7,35.5,7.6,5.4,5.2,30.2214,-87.595,1735,1849,11.6,30.2408,-87.5845,1749,1933,11.6,60,"BL, TY, SY, OY",15,NA,NA,,,2020-05-01,2020,NA,NA,0,0
200,17,2020-05-15,73,AL,051520BL01,30.2841,-87.9352,1.5,3.7,815,22.6,23.1,23.2,18.1,18.1,29.8,7,6.7,5.9,30.2722,-87.954,801,914,3.8,30.2841,-87.9352,815,942,3.7,59,"BL, TY, SY, OY",15,NA,NA,,,2020-05-15,2020,NA,NA,0,0
201,17,2020-05-15,73,AL,051520BL02,30.3306,-88.0643,1.5,3.7,1023,22.9,23,23,16.4,16.5,19.4,7.7,7.5,7.2,30.3225,-88.0726,1013,1123,3.5,30.3306,-88.0643,1023,1151,3.7,60,"BL, TY, SY, OY",15,NA,NA,,,2020-05-15,2020,NA,NA,0,0
202,17,2020-05-15,73,AL,051520BL03,30.2085,-88.1044,3,8,1310,23.3,23.2,23.2,31,31,31.1,7.3,7.1,6.6,30.2236,-88.1171,1256,1409,5.3,30.2085,-88.1044,1310,1452,8,59,"BL, TY, SY, OY",15,NA,NA,,,2020-05-15,2020,0,22,0,22
203,17,2020-06-17,73,AL,061720BL01,30.3389,-87.073,8.5,9.1,952,27.5,27.6,27.6,32.6,32.7,32.7,6.7,6.6,6.1,30.3339,-87.0954,938,1050,11.2,30.3389,-87.073,952,1124,9.1,58,"BL, TY, SY, OY",15,NA,NA,,,2020-06-17,2020,NA,NA,0,0
204,17,2020-07-20,77,AL,072020BL01,30.3023,-88.0178,3,3.8,848,29.2,29.3,29.3,22.8,22.8,29.4,6.6,6.5,5.9,30.2815,-88.0252,833,947,4.2,30.3023,-88.0178,848,1025,3.8,59,"BL, TY, SY, OY",15,NA,NA,,bite off:1,2020-07-20,2020,NA,NA,0,0
205,17,2020-07-20,77,AL,072020BL02,30.2707,-87.9775,3,4.2,1103,29.8,29.7,29.8,29.9,30.1,30,6.4,6.2,5.6,30.2575,-87.9949,1048,1202,5,30.2707,-87.9775,1103,1238,4.2,59,"BL, TY, SY, OY",15,NA,NA,,,2020-07-20,2020,0,14,0,14
206,17,2020-07-20,77,AL,072020BL03,30.2354,-88.13,2,6.8,1417,29.9,29.4,26.9,27.7,28.9,33.9,6.6,5.9,4.2,30.2426,-88.1485,1403,1517,6.3,30.2354,-88.13,1417,1618,6.8,60,"BL, TY, SY, OY",15,NA,NA,,,2020-07-20,2020,0,15,0,15
207,17,2020-09-01,73,AL,090120BL04,30.177,-87.8953,5.5,9,1433,30,28.7,28.7,30,33.2,33.2,6.9,5.3,5.3,30.1964,-87.9036,1420,1534,12,30.177,-87.8953,1433,1621,9,61,"BL, TY, SY, OY",15,NA,NA,,,2020-09-01,2020,NA,NA,0,0
208,17,2020-09-04,73,AL,090420BL03,30.2488,-88.3258,2,3.9,1249,31.7,30.1,29.7,20.8,21.1,27,8.6,9,4.6,30.2432,-88.3475,1236,1348,4.5,30.2488,-88.3258,1249,1430,3.9,59,"BL, TY, SY, OY",15,NA,NA,,,2020-09-04,2020,0,46,0,46
209,17,2020-09-28,73,AL,092820BL04,30.2528,-87.4779,7.2,11.7,1546,27.3,26.2,27,27.1,30.6,30.6,7.6,6.9,6.6,30.2721,-87.4759,1534,1647,8.1,30.2528,-87.4779,1546,1716,11.7,61,"BL, TY, SY, OY",15,NA,NA,,,2020-09-28,2020,NA,NA,0,0
210,18,2021-05-18,77,AL,051821BL01,30.2562,-88.2435,2,4.3,912,23.6,23.6,23.8,8.2,8.4,18.2,8,7.7,4.9,30.25,-88.2615,859,1012,4.2,30.2562,-88.2435,912,1044,4.3,60,"BL, TY, SY, OY",15,NA,NA,,,2021-05-18,2021,0,6,0,6
211,18,2021-05-27,73,AL,052721BL01,30.2965,-87.2481,14,14.5,1045,25.8,24.2,24,32,33.8,33.8,7.2,7.1,7.1,30.3116,-87.262200000000007,1031,1145,6.5,30.2965,-87.2481,1045,1215,14.5,60,"BL, TY, SY, OY",15,NA,NA,,,2021-05-27,2021,0,1,0,1
212,18,2021-05-27,73,AL,052721BL02,30.2916,-87.3542,8,8,1255,26.4,24.5,24.4,32.1,33.2,33.6,7.1,7.6,7.4,30.3076,-87.3651,1241,1354,5.8,30.2916,-87.3542,1255,1434,8,59,"BL, TY, SY, OY",15,NA,NA,,,2021-05-27,2021,NA,NA,0,0
213,18,2021-06-28,77,AL,062821BL01,30.2632,-87.9802,1.5,4.6,1505,29.1,28.6,28.2,11.4,16.4,23.4,8.5,7.8,7,30.2529,-87.9925,1452,1605,4.9,30.2632,-87.9802,1505,1640,4.6,60,"BL, TY, SY, OY",15,NA,NA,,,2021-06-28,2021,NA,NA,0,0
214,18,2021-06-30,73,AL,063021BL01,30.2694,-87.4997,8,6.1,1035,28.4,28.3,28.2,23.2,23.2,27.8,7,6.9,5.9,30.2623,-87.5184,1021,1135,7,30.2694,-87.4997,1035,1223,6.1,60,"BL, TY, SY, OY",15,NA,NA,,,2021-06-30,2021,NA,NA,0,0
215,18,2021-07-05,77,AL,070521BL01,30.3194,-88.3713,5,4.5,959,28.7,28.8,28.7,10.2,10.2,16,7.5,6.4,1.5,30.333,-88.3826,946,1101,4,30.3194,-88.3713,959,1132,4.5,62,"BL, TY, SY, OY",15,NA,NA,,,2021-07-05,2021,NA,NA,0,0
216,18,2021-07-05,77,AL,070521BL02,30.1933,-88.3684,2.5,9,1244,29.3,28.5,25,12.2,21.3,34.4,7.6,4.8,1.2,30.1989,-88.3865,1231,1343,7.5,30.1933,-88.3684,1244,1504,9,59,"BL, TY, SY, OY",15,NA,NA,"A, M","bite off:1,several issues on haulback, had to retreive from other end",2021-07-05,2021,0,1,0,1
217,18,2021-07-19,77,AL,071921BL01,30.264,-88.0073,4.5,4.7,818,28.4,28.8,28.7,8,16.6,20.2,7.5,6.2,6.1,30.2493,-88.0093,807,918,6,30.264,-88.0073,818,1019,4.7,60,"BL, TY, SY, OY",15,NA,NA,,,2021-07-19,2021,0,17,0,17
218,18,2021-08-03,73,AL,080321BL01,30.2754,-87.3146,10,9.6,951,28.8,27.5,27,32.5,35,35.3,6.5,6.6,6,30.2936,-87.3208,938,1050,7.6,30.2754,-87.3146,951,1136,9.6,59,"BL, TY, SY, OY",15,NA,NA,,,2021-08-03,2021,NA,NA,0,0
219,18,2021-08-03,73,AL,080321BL02,30.2229,-87.887200000000007,9,9.3,1337,28.4,27.7,27.1,32,34.4,34.3,6.4,5.6,4.5,30.2246,-87.8711,1325,1436,6.7,30.2229,-87.887200000000007,1337,1507,9.3,59,"BL, TY, SY, OY",15,NA,NA,,,2021-08-03,2021,NA,NA,0,0
220,18,2021-08-25,77,AL,082521BL01,30.2868,-88.3548,3,5.1,648,30.5,30.5,30.5,21.2,21.3,23.3,6.8,6,4.3,30.2709,-88.3732,628,748,5.5,30.2868,-88.3548,648,829,5.1,60,"BL, TY, SY, OY",15,NA,NA,,,2021-08-25,2021,0,43,0,43
221,19,2022-05-04,73,AL,050422BL04,30.2831,-87.3875,8.5,8.5,1527,26.6,23.5,23.3,30.4,33.2,34,7.2,7.7,7.6,30.2914,-87.4096,1512,1626,5.9,30.2831,-87.3875,1527,1659,8.5,59,"BL, TY, SY, OY",15,100,100,,no catch,2022-05-04,2022,NA,NA,0,0
222,19,2022-05-17,77,AL,051722BL01,30.3045,-88.3356,2,4.2,954,28,27.5,27.4,21.2,21.3,23.5,7.2,6.8,6,30.3145,-88.3189,941,1054,3.9,30.3045,-88.3356,954,1130,4.2,60,"BL, TY, SY, OY",15,100,100,,,2022-05-17,2022,0,4,0,4
223,19,2022-05-18,77,AL,051822BL01,30.2124,-87.9215,8,11.5,923,25.1,23.2,22.7,28.6,34.1,34.4,7.2,7.3,6.6,30.2241,-87.9391,908,1022,9.3,30.2124,-87.9215,923,1057,11.5,59,"BL, TY, SY, OY",15,100,100,,,2022-05-18,2022,NA,NA,0,0
224,19,2022-06-29,73,AL,062922BL01,30.2935,-87.3253,8,7.7,955,29.4,29.5,29.5,32.3,32.5,32.5,6.6,6.7,6.6,30.2942,-87.3477,940,1054,7.9,30.2935,-87.3253,955,1124,7.7,59,"BL, TY, SY, OY",15,100,100,,,2022-06-29,2022,NA,NA,0,0
225,19,2022-07-04,77,AL,070422BL01,30.284,-87.9748,1.5,3,921,28.7,28.8,29,19.8,19.9,23.4,7.2,7,6.5,30.2671,-87.972,908,1019,3.3,30.284,-87.9748,921,1049,3,58,"BL, TY, SY, OY",15,100,98,H,bite off:2,2022-07-04,2022,NA,NA,0,0
226,19,2022-07-04,77,AL,070422BL02,30.2183,-87.991,7.5,7.1,1200,29.4,29.3,29.2,27.9,30.3,31.6,7,6.8,6.2,30.2178,-88.0119,1147,1259,5.6,30.2183,-87.991,1200,1320,7.1,59,"BL, TY, SY, OY",15,100,100,,No catch,2022-07-04,2022,NA,NA,0,0
227,19,2022-09-06,73,AL,090622BL01,30.2976,-88.3343,1,4.2,653,29.5,29.9,29.7,18.6,21.7,23.4,7.3,5.4,4,30.2868,-88.3181,635,753,4.1,30.2976,-88.3343,653,826,4.2,60,"BL, TY, SY, OY",15,100,100,,,2022-09-06,2022,0,2,0,2
228,19,2022-09-06,73,AL,090622BL02,30.3069,-88.0245,1,3.6,1009,29.5,29.6,30,21.6,21.4,25.9,7.3,7.3,4.5,30.2882,-88.0282,952,1109,3.7,30.3069,-88.0245,1009,1146,3.6,60,"BL, TY, SY, OY",15,100,100,,,2022-09-06,2022,NA,NA,0,0
229,19,2022-09-06,73,AL,090622BL03,30.3172,-87.9471,1,3,1222,30.2,30,30,22.4,29.4,35.5,7.4,5.1,4.5,30.303,-87.9368,1209,1321,3,30.3172,-87.9471,1222,1352,3,59,"BL, TY, SY, OY",15,100,100,,,2022-09-06,2022,NA,NA,0,0
230,19,2022-09-22,77,AL,092222BL01,30.3312,-87.112,7,8.9,1015,28.9,29.2,29.2,33.1,33.6,33.8,6.6,6.3,5.9,30.3357,-87.0911,1000,1115,7.9,30.3312,-87.112,1015,1145,8.9,60,"BL, TY, SY, OY",15,100,100,,,2022-09-22,2022,NA,NA,0,0
231,20,2011-08-18,88,LA,081811BL01,NA,NA,NA,11,0,31.1,31.3,27.6,18.7,23.4,29.6,7.8,6.7,1.5,29.0714,-89.4869,0,842,11,NA,NA,739,0,NA,63,"BL, TY, SY, OY",15,NA,NA,,Missing fields due to this being our first bottom longline cruise..Line was initially deployed too fast  Gangions were too close together in the first half of the set  Speed was finally slowed and proper placement of gangions occurred.,2011-08-18,2011,NA,NA,0,0
232,20,2011-08-18,88,LA,081811BL02,NA,NA,NA,9,0,32.1,31.2,29.1,7.4,24,30.1,11.5,7.2,1.9,29.1468,-89.57,0,1235,9,NA,NA,1130,0,NA,65,"BL, TY, SY, OY",15,NA,NA,,Missing fields due to it being our first bottom longline cruise...An excessive amount of slack was given during retrieval causing the line to get caught.  It was cut mid set and retrieved from the opposite high flyer,2011-08-18,2011,NA,NA,0,0
233,20,2011-08-18,88,LA,081811BL03,NA,NA,NA,NA,0,32.5,31,28.9,19.7,26.2,31.7,9.8,7,3.5,29.2023,-89.57,0,1628,7,NA,NA,1522,0,NA,66,"BL, TY, SY, OY",15,NA,NA,,Missing fields due to being our first bottom longline cruise,2011-08-18,2011,NA,NA,0,0
234,20,2011-08-19,88,LA,081911BL01,NA,NA,NA,NA,0,31.8,31.5,30,24.3,25.8,30.8,7.7,5.4,2.4,29.1701,-90.01,0,821,9,NA,NA,715,0,NA,66,"BL, TY, SY, OY",15,NA,NA,,"Missing fields due to being our first bottom longline cruise ..- Many hooks had partial bait (was not recorded in hook data as partial bait, just as bait)..- Environmental coordinates; secchi; total depth at water quality; time env; depths at which wate",2011-08-19,2011,NA,NA,0,0
235,20,2011-08-19,88,LA,081911BL02,NA,NA,NA,NA,0,32.7,32.2,32.3,24.3,24.4,25,8.2,8.3,7.4,29.16,-90.08,0,1138,3,NA,NA,1033,0,NA,65,"BL, SY, OY, TY",15,NA,NA,,-Deployed from the stern; retrieved from the starboard side.  Site was close to shore...- Environmental coordinates; secchi; total depth at water quality;  time env; depths at which water quality data was taken; HF1 time deployed; HF2 coordinates; HF2 tim,2011-08-19,2011,NA,NA,0,0
236,20,2011-08-19,88,LA,081911BL03,NA,NA,NA,NA,0,32.9,31.6,27.4,25.6,26.8,34.1,7.8,6.9,2.6,29.1145,-90.1253,0,1417,10,NA,NA,1317,0,NA,60,"BL, TY, OY, SY",15,NA,NA,,"-Deployed from stern, retrieved from starboard side.  Had to generate a new site due to rig locations. Bait balls surrounded longline site...- Environmental coordinates; secchi; total depth at water quality; time env; depths at which water quality data wa",2011-08-19,2011,0,2,0,2
237,20,2011-09-14,88,LA,091411BL01,NA,NA,NA,NA,0,29,26.2,18.3,36.5,36.5,36.3,6.4,7.2,4.1,28.1513,-90.5026,0,828,101,NA,NA,728,0,NA,60,"BL, SX, OX, TC",15,NA,NA,,-We only had a scale that calculated pounds we then converted to kg (some weights might be missing or inaccurate due to scales used)...- Some live sharks were kept for visiting researcher from UNF..- Environmental coordinates; secchi; total depth at water,2011-09-14,2011,NA,NA,0,0
238,20,2011-09-14,88,LA,091411BL02,NA,NA,NA,NA,0,28,28,21.3,35.7,36.5,36.4,7.2,6.4,4.6,28.2328,-90.3825,0,1204,79,NA,NA,1102,0,NA,62,"BL, OX, SX, TC",15,NA,NA,,-We only had a scale that measured in pounds we then converted to kg ..-All male sharks that were caught were mature males..- Some live sharks were kept for research from a researcher from UNF..- Environmental coordinates; secchi; total depth at water qua,2011-09-14,2011,6,11,6,11
239,20,2011-09-14,88,LA,091411BL03,NA,NA,NA,NA,0,28.4,28.2,24.1,29.1,34.1,36.2,11.9,6.5,3.7,28.493,-90.4167,0,1625,40,NA,NA,1516,0,NA,69,"BL, OX, SX, TC",15,NA,NA,,-We only had a scale that measured in pounds we then converted to kg ..-Retrieval became hectic so the only hook data that was collected was animal hooked...- Environmental coordinates; secchi; total depth at water quality; time env; depths at which water,2011-09-14,2011,0,18,0,18
240,20,2011-09-14,88,LA,091411BL04,NA,NA,NA,NA,0,29,23.1,17.9,25.8,36.5,36.3,11.9,6.1,2.8,28.646,-90.1354,0,2034,79,NA,NA,1931,0,NA,63,"BL, OX, SX, TC",15,NA,NA,,-Did not have a scale that could measure in kgs therefore was converted from pounds..-Retrieval became somewhat hectic so hook data (besides animals hooked) was not recorded...- Environmental coordinates; secchi; total depth at water quality; time env; de,2011-09-14,2011,0,5,0,5
241,20,2011-09-15,88,LA,091511BL01,NA,NA,NA,NA,0,27.6,20.9,13.1,27.8,36.5,35.6,9.1,5,4,28.7028,-89.2933,0,947,139,NA,NA,841,0,NA,66,"BL, OX, SX, TC",15,NA,NA,,-Completed dats sheet went overboard therefore multiple measurements and all hook data is missing.  However all species as well as their indivdual hook number is accounted for.  ..-We only had a scale onboard to measure in pounds it was later converted to,2011-09-15,2011,NA,NA,0,0
242,20,2011-09-15,88,LA,091511BL02,NA,NA,NA,NA,0,27.9,20.5,12.8,27.5,36.5,35.6,9.2,5.1,4,28.7591,-89.2159,0,1424,166,NA,NA,1327,0,NA,57,"BL, OX, SX, TC",15,NA,NA,,Line got cut midretrieval due to getting caught under boat.  The line was cut and retrieved from the opposite high flyer.  ..The only scale we had onboard measured in pounds it was converted to kgs later...- Environmental coordinates; secchi; total depth at water quality; time env; depths at which water quality data was taken;  HF2 coordinates; not recorded,2011-09-15,2011,NA,NA,0,0
243,20,2011-10-26,88,LA,102611BL01,NA,NA,NA,NA,0,NA,NA,NA,NA,NA,NA,NA,NA,NA,28.8816,-89.3257,0,907,55,NA,NA,748,0,NA,119,BL,15,NA,NA,,"Buoy was detached from second high flyer pole causing pole to sink.  When retrieving first high flyer, multiple complications occurred allowing significantly more time for set to rest on the bottom.  Only 60% of set was retrieved.  ..-CTD complications therefore no water quality data was collected.",2011-10-26,2011,2,14,2,14
244,21,2012-03-26,88,LA,032612BL01,NA,NA,NA,37,0,20.8,21.7,21.6,23.6,35.8,36.2,7,5.9,6,28.8905,-89.3504,818,952,47,28.9022,-89.3795,851,1143,34.7,61,"BL, OX, SX, TC",15,NA,NA,,Gangions became tangled in barrels during deployment addidng time and distance to overall set. Algae blooms in area. Attemped retrieval from starboard side line became caught under the boat.  line snapped due to this therefore we had to retrieve f,2012-03-26,2012,13,13,13,13
245,21,2012-03-26,88,LA,032612BL02,NA,NA,NA,110,0,23.3,21.7,20.3,27.6,36.3,36.6,9.8,7.1,4.7,28.7396,-89.3086,1258,1449,128,28.749,-89.3008,1412,1530,127.1,-3,"BL, OX, SX, TC",15,NA,NA,,- Hydraulic power for winch went out at hook 54.  Had to cut line to fix hydraulics.  Line was reattached where we left off at 1402.  Soak time was significantly longer than an hour...-Pulled in 1st high flier as soon as CTD data was taken to allow for a ,2012-03-26,2012,0,17,0,17
246,21,2012-03-26,88,LA,032612BL03,NA,NA,NA,NA,0,NA,NA,NA,NA,NA,NA,NA,NA,NA,28.6778,-89.2669,1624,1753,176,NA,NA,1649,1828,NA,64,BL,15,NA,NA,,- Hydraulics went out at hook 86 and no end weight was added.  ..- Only 86 hooks were set out and buoy was attached due to malfunction.  ..-CTD complications therefore no water quality data was collected...- Environmental coordinates; secchi; total depth ,2012-03-26,2012,NA,NA,0,0
247,21,2012-03-27,88,LA,032712BL01,NA,NA,NA,91,0,23.9,21.9,19.5,17.9,36.4,36.5,12.9,7,4.3,28.8802,-89.1828,719,854,90,28.8844,-89.1733,752,926,88.9,62,"BL, OX, SX, TC",15,NA,NA,,- Had to deploy slow due to hydraulic issues.  ..- Weight was lost on first high flyer..- Slightly shorter than a full one mile set...- Environmental coordinates; secchi; time env; depths at which water quality data was taken;  HF2 coordinates; not record,2012-03-27,2012,8,37,8,37
248,21,2012-03-27,88,LA,032712BL02,NA,NA,NA,7,0,22.8,22.6,21.4,24.2,20.1,29.4,8.4,14,6.9,28.9642,-89.1543,1022,1202,8,28.9673,-89.1671,1059,1234,7.3,103,"BL, OX, SX, TC",15,NA,NA,,- Line snapped after first weight was removed during retrieval due to line getting caught in prop.  Two gangions were lost...- Environmental coordinates; secchi; time env; depths at which water quality data was taken;  HF2 coordinates; not recorded,2012-03-27,2012,NA,NA,0,0
249,21,2012-03-27,88,LA,032712BL03,NA,NA,NA,72,0,24.3,22.4,20.8,26.1,36.4,36.5,11.1,7,5.5,28.9318,-89.0978,1329,1501,64,28.9233,-89.1077,1400,1532,65.1,61,"BL, OX, SX, TC",15,NA,NA,,- Samples were only taken for a subset of snapper.  Not all red snapper were sampled...- Environmental coordinates; secchi; time env; depths at which water quality data was taken;  HF2 coordinates; not recorded,2012-03-27,2012,7,33,7,33
250,21,2012-03-27,88,LA,032712BL04,NA,NA,NA,35,0,24.9,21.6,20.9,15.2,36.1,30.1,13.5,5.9,7.1,28.9887,-89.0734,1622,1752,42,29.0041,-89.0745,1652,1820,34.7,60,"BL, OX, SX, TC",15,NA,NA,,- Ocean bottom contour changed throughout entire set (large lumps and deep cavities and trenches were shown on topography)...-- Samples were only taken for a subset of snapper.  Not all red snapper were sampled...- Environmental coordinates; secchi; time ,2012-03-27,2012,38,15,38,15
251,21,2012-03-28,88,LA,032812BL01,NA,NA,NA,7,0,22.3,22.4,21.2,15.4,15.5,29.1,10.3,10.3,4.8,29.1049,-89.0009,706,831,5,29.1128,-88.9892,729,904,7.3,62,"BL, OX, SX, TC",15,NA,NA,,- Area surrounded by multiple sandbars and land..- Environmental coordinates; secchi; time env; depths at which water quality data was taken;  HF2 coordinates; not recorded,2012-03-28,2012,0,1,0,1
252,21,2012-03-28,88,LA,032812BL02,NA,NA,NA,101,0,23.7,21.6,18.3,35.8,36.3,36.4,7.2,7.1,4.3,29.0516,-88.9005,1002,1132,95,29.0399,-88.8933,1032,1213,107.8,60,"BL, OX, SX, TC",15,NA,NA,,-  Had to randomly generate this site due to 2 of our other generated sites were too close to the safety fairway...- Clear blue water with multiple rigs in the area..- Samples were only taken for a subset of snapper.  Not all red snapper were sampled...- ,2012-03-28,2012,6,20,6,20
253,21,2012-04-24,88,LA,042412BL01,NA,NA,NA,60,0,21.6,24.2,22,28.5,36.2,36.3,7.4,6.7,3.4,28.8882,-89.7104,710,845,61,28.9031,-89.7147,744,913,59.1,61,"BL, OX, SX, TC",15,NA,NA,,Environmental coordinates; secchi; time env; depths at which water quality data was taken;  HF2 coordinates; not recorded,2012-04-24,2012,0,26,0,26
254,21,2012-04-24,88,LA,042412BL02,NA,NA,NA,63,0,21.8,24.1,21.8,26.3,36.3,36.3,8,6.4,3.3,28.8838,-89.685,941,1110,65,28.8986,-89.6902,1010,1134,63.9,60,"BL, OX, SX, TC",15,NA,NA,,Multiple rigs in area.. Environmental coordinates; secchi; time env; depths at which water quality data was taken;  HF2 coordinates; not recorded,2012-04-24,2012,11,29,11,29
255,21,2012-04-24,88,LA,042412BL03,NA,NA,NA,78,0,22.6,22.6,21.3,26.4,36.3,36.4,8.2,5.9,4.2,28.811,-89.6564,1235,1410,78,28.7978,-89.6596,1301,1449,77.4,69,"BL, OX, SX, TC",15,NA,NA,,- Multiple rigs in area..- Line snapped prior to retrieving the first weight therefore we had to retrieve from opposite high flyer..- Environmental coordinates; secchi; time env; depths at which water quality data was taken;  HF2 coordinates; not recorded,2012-04-24,2012,5,46,5,46
256,21,2012-04-24,88,LA,042412BL04,NA,NA,NA,98,0,23.9,22.4,20.2,31.1,36.4,36.5,7.9,6.9,4.6,28.6775,-89.657,1406,1739,100,28.6719,-89.6742,1633,1811,97.8,66,"BL, OX, SX, TC",15,NA,NA,,- Multiple rigs in area..- Environmental coordinates; secchi; time env; depths at which water quality data was taken;  HF2 coordinates; not recorded,2012-04-24,2012,0,33,0,33
257,21,2012-04-25,88,LA,042512BL01,NA,NA,NA,109,0,24,21.7,19.9,36.3,36.5,36.5,6.8,6.8,4.6,28.2832,-90.0689,713,839,109,28.2741,-90.0853,735,904,108.8,64,"BL, OX, SX, TC",15,NA,NA,,Environmental coordinates; secchi; time env; depths at which water quality data was taken;  HF2 coordinates; not recorded,2012-04-25,2012,3,0,3,0
258,21,2012-04-25,88,LA,042512BL02,NA,NA,NA,110,0,24.1,21.9,19.9,36.4,36.4,36.5,7.1,7,4.6,28.2593,-90.099,930,1055,111,28.242,-90.1225,958,1130,109.7,57,"BL, OX, SX, TC",15,NA,NA,,Environmental coordinates; secchi; time env; depths at which water quality data was taken;  HF2 coordinates; not recorded,2012-04-25,2012,0,1,0,1
259,21,2012-04-25,88,LA,042512BL03,NA,NA,NA,130,0,24.2,21.8,18.5,36.4,36.4,36.5,6.8,6.9,4.3,28.2134,-90.1498,1201,1326,131,28.2051,-90.1726,1229,1425,130,57,"BL, OX, SX, TC",15,NA,NA,,- Line snapped during retrieval.  Was pulled from other end at 1348..- Environmental coordinates; secchi; time env; depths at which water quality data was taken;  HF2 coordinates; not recorded,2012-04-25,2012,NA,NA,0,0
260,21,2012-04-25,88,LA,042512BL04,NA,NA,NA,183,0,24.4,19.6,14.8,36.2,36.5,35.9,6.8,4.5,4.1,28.1775,-90.1377,1506,1631,183,28.1657,-90.1558,1531,1656,102,60,"BL, OX, SX, TC",15,NA,NA,,Environmental coordinates; secchi; time env; depths at which water quality data was taken;  HF2 coordinates; not recorded,2012-04-25,2012,NA,NA,0,0
261,21,2012-04-25,88,LA,042512BL05,NA,NA,NA,160,0,24.4,20.8,15.6,36.2,36.5,36,6.8,5.4,4.3,28.2065,-90.1078,1729,1858,151,28.1962,-90.1172,1751,1934,161.8,67,"BL, OX, SX, TC",15,NA,NA,,Environmental coordinates; secchi; time env; depths at which water quality data was taken;  HF2 coordinates; not recorded,2012-04-25,2012,NA,NA,0,0
262,21,2012-04-26,88,LA,042612BL01,NA,NA,NA,NA,0,NA,NA,NA,NA,NA,NA,NA,NA,NA,28.5984,-90.1231,620,737,64,28.6111,-90.1173,640,758,82.3,57,"BL, OX, SX, TC",15,NA,NA,,Seas were incredibly rough.  CTD data not taken...- Environmental coordinates; secchi; time env; depths at which water quality data was taken;  HF2 coordinates; not recorded..- All animals retrieved were recorded however due to rough seas and chaos 3 an,2012-04-26,2012,15,19,15,19
263,21,2012-05-22,88,LA,052212BL01,NA,NA,NA,111,0,26.5,23,19.6,30.1,36.4,36.4,7.3,7,4.3,28.6319,-89.5373,700,828,106,28.6235,-89.5492,724,901,99.3,64,"BL, OX, SX, TC",15,NA,NA,,Environmental coordinates; secchi; time env; depths at which water quality data was taken;  HF2 coordinates; not recorded,2012-05-22,2012,15,0,15,0
264,21,2012-05-22,88,LA,052212BL02,NA,NA,NA,111,0,26.9,22.3,19,25.7,36.5,35.8,7.4,6.6,4.1,28.6756,-89.5099,943,1111,115,28.6915,-89.5061,1011,1204,110.6,60,"BL, OX, SX, TC",15,NA,NA,,Environmental coordinates; secchi; time env; depths at which water quality data was taken;  HF2 coordinates; not recorded,2012-05-22,2012,NA,NA,0,0
265,21,2012-05-22,88,LA,052212BL03,NA,NA,NA,118,0,27.5,23.8,15.6,15.1,36.4,36,11.8,6.7,4.2,28.6926,-89.4459,1249,1418,121,28.7069,-89.4467,1318,1512,118.1,60,"BL, OX, SX, TC",15,NA,NA,,Line snapped after first gangion was retrieved.  Had to retrieve from opposite high flyer (1439)...- Environmental coordinates; secchi; time env; depths at which water quality data was taken;  HF2 coordinates; not recorded,2012-05-22,2012,5,0,5,0
266,21,2012-05-22,88,LA,052212BL04,NA,NA,NA,110,0,27.4,23.1,18.4,23.9,36.4,36.4,9.2,6.6,3.9,28.717,-89.4156,1540,1659,117,28.7332,-89.416,1602,1729,109.7,17,"BL, OX, SX, TC",15,NA,NA,,Environmental coordinates; secchi; time env; depths at which water quality data was taken;  HF2 coordinates; not recorded,2012-05-22,2012,2,0,2,0
267,21,2012-05-23,88,LA,052312BL01,NA,NA,NA,16,0,27.6,25.7,24.7,26.6,33.4,36,9,5.3,5.4,28.9729,-89.2128,718,850,15,28.9661,-89.1958,748,945,17,62,"BL, OX, SX, TC",15,NA,NA,,"- Line snapped after hook 21, had to retrieve from opposite high flyer...- Overall 2 gangions were lost..- Environmental coordinates; secchi; time env; depths at which water quality data was taken;  HF2 coordinates; not recorded",2012-05-23,2012,0,15,0,15
268,21,2012-05-23,88,LA,052312BL02,NA,NA,NA,18,0,27.3,25.3,24.2,28.8,33.4,36.3,7.1,4.7,4.8,28.9797,-89.2848,1027,1152,16,28.9711,-89.3013,1053,1228,17,59,"BL, OX, SX, TC",15,NA,NA,,"After hook 44 was retrieved, line was caught under boat...- Environmental coordinates; secchi; time env; depths at which water quality data was taken;  HF2 coordinates; not recorded",2012-05-23,2012,0,4,0,4
269,21,2012-05-23,88,LA,052312BL03,NA,NA,NA,59,0,26.8,24.7,21.6,28.8,36.3,36.6,7.4,6.4,4.4,28.9173,-89.2162,1310,1439,53,28.9026,-89.2074,1339,1510,63.1,60,"BL, OX, SX, TC",15,NA,NA,,Environmental coordinates; secchi; time env; depths at which water quality data was taken;  HF2 coordinates; not recorded,2012-05-23,2012,17,21,17,21
270,21,2012-05-23,88,LA,052312BL04,NA,NA,NA,85,0,25.6,23.8,20,32.7,36.3,36.5,5.2,6.6,3.8,28.8433,-89.3042,1607,1732,80,28.8317,-89.3189,1632,1815,85.2,60,"BL, OX, SX, TC",15,NA,NA,,Environmental coordinates; secchi; time env; depths at which water quality data was taken;  HF2 coordinates; not recorded,2012-05-23,2012,17,23,17,23
271,21,2012-05-24,88,LA,052412BL01,NA,NA,NA,142,0,26.5,21.8,16.3,35.6,36.4,36.1,6.4,6.5,4.2,28.595,-89.5602,648,816,130,28.586,-89.5368,719,846,80.3,57,"BL, OX, SX, TC",15,NA,NA,,Environmental coordinates; secchi; time env; depths at which water quality data was taken;  HF2 coordinates; not recorded,2012-05-24,2012,NA,NA,0,0
272,21,2012-05-24,88,LA,052412BL02,NA,NA,NA,179,0,26.5,20.6,13.8,35.8,36.5,35.7,6.5,5,4,28.5834,-89.5091,909,1044,181,28.594,-89.4865,944,1119,180,60,"BL, SX, OX, TC",15,NA,NA,,Environmental coordinates; secchi; time env; depths at which water quality data was taken;  HF2 coordinates; not recorded,2012-05-24,2012,NA,NA,0,0
273,21,2012-05-24,88,LA,052412BL03,NA,NA,NA,85,0,27.9,22.8,20.7,20,36.3,36.5,11.3,6.1,3.5,28.7797,-89.5442,1257,1424,89,28.8043,-89.5347,1326,1512,82,58,"BL, OX, SX, TC",15,NA,NA,,- After hook 9 was retrieved line snapped and was retrieved from the other end (1442)...- 5 gangions were lost..- Environmental coordinates; secchi; time env; depths at which water quality data was taken;  HF2 coordinates; not recorded,2012-05-24,2012,11,26,11,26
274,21,2012-05-24,88,LA,052412BL04,NA,NA,NA,61,0,28.5,24,20.8,22.1,36.4,36.5,11,6.4,3.4,28.8135,-89.5146,1533,1659,80,28.8273,-89.4995,1559,1724,64.2,60,"BL, OX, SX, TC",15,NA,NA,,Environmental coordinates; secchi; time env; depths at which water quality data was taken;  HF2 coordinates; not recorded,2012-05-24,2012,13,18,13,18
275,21,2012-06-12,88,LA,061212BL01,NA,NA,11.7,144,0,27.8,22,17.2,35,36.5,36.3,6.3,6,4.2,28.093,-90.4987,737,909,140,28.0844,-90.499,809,942,149.2,60,"BL, OX, SX, TC",15,NA,NA,,Environmental coordinates; time env; depths at which water quality data was taken;  HF2 coordinates; not recorded,2012-06-12,2012,NA,NA,0,0
276,21,2012-06-12,88,LA,061212BL02,NA,NA,12.4,113,0,27.8,23,18.9,34.9,36.4,36.4,6.4,6.7,4.1,28.1606,-90.4774,1015,1133,112,28.1482,-90.4854,1033,1204,116.1,60,"BL, OX, SX, TC",15,NA,NA,,Environmental coordinates;  time env; depths at which water quality data was taken;  HF2 coordinates; not recorded,2012-06-12,2012,0,1,0,1
277,21,2012-06-12,88,LA,061212BL03,NA,NA,15.3,136,0,27.8,23.2,18.3,35.2,36.4,36.4,6.4,6.6,4.1,28.1594,-90.4053,1253,1423,144,28.1653,-90.4219,1320,1503,129.5,63,"BL, OX, SX, TC",15,NA,NA,,Environmental coordinates; time env; depths at which water quality data was taken;  HF2 coordinates; not recorded,2012-06-12,2012,1,0,1,0
278,21,2012-06-12,88,LA,061212BL04,28.1949,-90.2899,17.5,122,0,28.6,22.5,18.5,34.7,36.4,36.4,6.3,6.6,4,28.1851,-90.2915,1556,1720,128,28.1982,-90.2906,1620,1758,120,60,"BL, OX, SX, TC",15,NA,NA,,-time env; depths at which water quality data was taken;  HF2 coordinates; not recorded,2012-06-12,2012,0,1,0,1
279,21,2012-06-13,88,LA,061312BL01,28.2724,-90.249,20.7,90,0,27.7,25.3,19.8,35,36.3,36.4,6.3,6.7,4.1,28.2573,-90.2614,658,820,90,28.2732,-90.2412,720,905,85.2,60,"BL, OX, SX, TC",15,NA,NA,,-time env; depths at which water quality data was taken;  HF2 coordinates; not recorded,2012-06-13,2012,0,8,0,8
280,21,2012-06-13,88,LA,061312BL02,28.2437,-90.2225,20.8,97,0,28.1,24.3,19.3,34.6,36.4,36.4,6.3,6.8,4,28.2421,-90.2398,935,1102,100,28.2429,-90.2139,1002,1127,99,60,"BL, OX, SX, TC",15,NA,NA,,-time env; depths at which water quality data was taken;  HF2 coordinates; not recorded,2012-06-13,2012,8,5,8,5
281,21,2012-06-13,88,LA,061312BL03,28.3004,-90.1894,18.2,85,0,28.2,25,20,34.6,36.4,36.5,6.3,6.8,4.3,28.2987,-90.2055,1220,1342,77,28.2994,-90.1816,1241,1428,88,61,"BL, OX, SX, TC",15,NA,NA,,-time env; depths at which water quality data was taken;  HF2 coordinates; not recorded,2012-06-13,2012,0,19,0,19
282,21,2012-06-13,88,LA,061312BL04,28.3291,-90.2642,20.7,67,0,28.7,25.2,21.3,34.5,36.4,36.4,4.3,6.8,4.5,28.3289,-90.2467,1508,1630,69,28.3288,-90.2707,1530,1656,66.9,60,"BL, OX, SX, TC",15,NA,NA,,-time env; depths at which water quality data was taken;  HF2 coordinates; not recorded,2012-06-13,2012,0,42,0,42
283,21,2012-06-13,88,LA,061312BL05,28.3688,-90.2502,19.4,67,0,28.9,25.2,21.6,33.3,36.4,36.4,6.3,6.7,4.5,28.3671,-90.2656,1723,1913,61,28.3697,-90.2393,1748,1947,62,125,"BL, OX, SX, TC",15,NA,NA,,- Rope got caught in prop that needed to be removed manually.  Due to this total soak time was increased...--time env; depths at which water quality data was taken;  HF2 coordinates; not recorded,2012-06-13,2012,15,30,15,30
284,21,2012-06-14,88,LA,061412BL01,28.5339,-90.3318,11.7,44,0,28.4,25.2,23,30.9,36.2,36.4,7.5,5.9,4.1,28.5201,-90.3435,654,820,43,28.5437,-90.3371,720,904,58,60,"BL, OX, SX, TC",15,NA,NA,,-time env; depths at which water quality data was taken;  HF2 coordinates; not recorded,2012-06-14,2012,2,46,2,46
285,21,2012-06-14,88,LA,061412BL02,28.5579,-90.366,11,40,0,28.7,26.2,23.3,31.3,36.1,36.4,6.3,6.4,4.8,28.5448,-90.3712,930,1048,40,28.5647,-90.3729,948,1117,36.6,60,"BL, OX, SX, TC",15,NA,NA,,-time env; depths at which water quality data was taken;  HF2 coordinates; not recorded,2012-06-14,2012,0,12,0,12
286,21,2012-06-14,88,LA,061412BL03,28.5629,-90.3964,13.1,37,0,28.3,25.8,23.5,31.6,36.2,36.4,6.4,6.4,4.5,28.5434,-90.396,1135,1301,40,28.5684,-90.4023,1201,1329,36,60,"BL, OX, SX, TC",15,NA,NA,,-time env; depths at which water quality data was taken;  HF2 coordinates; not recorded,2012-06-14,2012,4,16,4,16
287,21,2012-06-14,88,LA,061412BL04,28.548,-90.461,13.5,37,0,28.5,26.2,23.6,32.8,35.4,36.4,6.4,5.7,4.2,28.5305,-90.4594,1407,1528,37,28.5519,-90.463,1428,1610,33.5,60,"BL, OX, SX, TC",15,NA,NA,,-time env; depths at which water quality data was taken;  HF2 coordinates; not recorded,2012-06-14,2012,0,7,0,7
288,21,2012-07-25,88,LA,072512BL01,NA,NA,NA,17,0,NA,NA,NA,NA,NA,NA,NA,NA,NA,28.8984,-89.4053,705,830,19,28.9089,-89.3846,730,926,18.3,60,BL,15,NA,NA,,Could not collect water quality due to troubles with the CTD...Secchi HF2 coordinates; not recorded,2012-07-25,2012,0,18,0,18
289,21,2012-07-25,88,LA,072512BL02,28.9641,-89.3236,4.6,12,0,30.6,30.1,28.4,29.9,30.4,35.1,7.4,7.6,4.9,28.9523,-89.3307,1032,1157,12,28.9707,-89.3214,1055,1301,10.2,62,"BL, OX, SX, TC",15,NA,NA,,-time env; depths at which water quality data was taken;  HF2 coordinates; not recorded,2012-07-25,2012,NA,NA,0,0
290,21,2012-07-25,88,LA,072512BL03,28.9436,-89.2443,2.6,36,0,29.5,28.1,25.7,32,35.8,36,7.9,5.7,4.4,28.9458,-89.263,1353,1518,35,28.9437,-89.237,1415,1555,35,63,"BL, OX, SX, TC",15,NA,NA,,-time env; depths at which water quality data was taken;  HF2 coordinates; not recorded,2012-07-25,2012,0,2,0,2
291,21,2012-07-25,88,LA,072512BL04,28.9793,-89.1256,3.7,10,0,30.7,28.7,28,31.2,34.3,35.5,7.5,6,4.5,28.97,-89.1396,1643,1818,9,28.9866,-89.1195,1713,1844,13,65,"BL, OX, SX, TC",15,NA,NA,,-time env; depths at which water quality data was taken;  HF2 coordinates; not recorded,2012-07-25,2012,0,11,0,11
292,21,2012-07-26,88,LA,072612BL01,29.0022,-89.0313,3.5,60,0,29.5,26.2,22.6,28.8,36,36.3,6.2,3.7,4.8,29.011,-89.0393,643,811,50,28.9898,-89.0411,706,950,60,65,"BL, OX, SX, TC",15,NA,NA,,Line snapped after retrieving hook 2 (819) retrieved from the other end (830)..-time env; depths at which water quality data was taken;  HF2 coordinates; not recorded,2012-07-26,2012,11,25,11,25
293,21,2012-07-26,88,LA,072612BL02,29.0182,-89.0824,6.1,19,0,29.4,28.1,27.4,32.5,35.3,35.8,6.3,4.1,4.1,29.008,-89.1056,1033,1158,22,29.0234,-89.0773,1057,1237,19,61,"BL, OX, SX, TC",15,NA,NA,,-time env; depths at which water quality data was taken;  HF2 coordinates; not recorded,2012-07-26,2012,0,3,0,3
294,21,2012-07-26,88,LA,072612BL03,28.9591,-89.0485,6.5,73,0,29.7,25.9,21.7,31.2,36.1,36.3,6.5,5.9,4.3,28.9475,-89.0668,1318,1440,70,28.9656,-89.0452,1340,1550,73.2,60,"BL, OX, SX, TC",15,NA,NA,,Hydraulics went out after hook 64 the rest of the line was manually retrieved...-time env; depths at which water quality data was taken;  HF2 coordinates; not recorded,2012-07-26,2012,8,44,8,44
295,21,2012-07-26,88,LA,072612BL04,28.9036,-89.0112,3.2,159,0,30.5,21.6,17,30,36.4,36.2,7.7,5.1,4.1,28.9125,-89.0023,1721,1848,158,28.8947,-89.0211,1746,1945,160,62,"BL, OX, SX, TC",15,NA,NA,,Line snapped after hook 5 (1854) retrieved from the other end (1906)..-time env; depths at which water quality data was taken;  HF2 coordinates; not recorded,2012-07-26,2012,0,7,0,7
296,21,2012-07-27,88,LA,072712BL01,28.8912,-89.0046,6,183,0,30.5,19.4,15.1,28.1,36.4,36,4.5,4.1,3.9,28.8969,-89.0037,715,839,176,28.8851,-89.0121,739,934,182,60,"BL, OX, SX, TC",15,NA,NA,,Line snapped before first weight was retrieved (841); retrieved from other end (851)..-time env; depths at which water quality data was taken;  HF2 coordinates; not recorded,2012-07-27,2012,NA,NA,0,0
297,21,2012-07-27,88,LA,072712BL02,28.8656,-89.0735,4.8,146,0,30,21.5,17.2,29.6,36.4,36.3,6.6,4.9,4.1,28.8676,-89.0618,1024,1150,161,28.864,-89.0826,1050,1229,164.3,60,"BL, OX, SX, TC",15,NA,NA,,-time env; depths at which water quality data was taken;  HF2 coordinates; not recorded,2012-07-27,2012,2,0,2,0
298,21,2012-07-27,88,LA,072712BL03,28.8699,-89.1627,4.7,107,0,30.8,23,18.5,29.2,36.5,36.4,8.9,5.9,4,28.8666,-89.1529,1312,1442,116,28.8706,-89.1736,1336,1547,102,66,"BL, OX, SX, TC",15,NA,NA,,-time env; depths at which water quality data was taken;  HF2 coordinates; not recorded,2012-07-27,2012,7,37,7,37
299,21,2012-07-27,88,LA,072712BL04,28.8431,-89.2424,5.4,107,0,29.3,22.3,20.6,31,36.6,35.3,6.5,6.1,3.7,28.8494,-89.2299,1624,1759,108,28.8392,-89.2522,1654,1846,107,65,"BL, OX, SX, TC",15,NA,NA,,-time env; depths at which water quality data was taken;  HF2 coordinates; not recorded,2012-07-27,2012,5,33,5,33
300,21,2012-07-28,88,LA,072812BL01,NA,NA,NA,NA,0,NA,NA,NA,NA,NA,NA,NA,NA,NA,28.6517,-89.489,652,720,124,NA,NA,704,754,NA,-24,BL,15,NA,NA,,During setting of the line the hydraulics went out after hook 20 (704) was set.  We began retrieving manually at 720. ..No CTD data was collected due to not completing the site..-secchi; HF2 coordinates; not recorded,2012-07-28,2012,NA,NA,0,0
301,21,2012-08-13,88,LA,081312BL01,28.9916,-89.512200000000007,4.4,18,0,30.2,30.4,26.4,30,31.7,35.8,5.9,5.2,2.3,28.9877,-89.4966,640,823,18,28.9922,-89.5207,712,900,18.3,71,"BL, OX, SX, TC",15,NA,NA,,-time env; depths at which water quality data was taken;  HF2 coordinates; not recorded..-Mutliple structures in area,2012-08-13,2012,0,2,0,2
302,21,2012-08-13,88,LA,081312BL02,28.9535,-89.5468,6.8,46,0,30.4,24.9,22.7,29.8,36.2,36.4,6,4.5,4.2,28.9481,-89.5401,932,1104,50,28.9563,-89.5575,954,1140,50,110,"BL, OX, SX, TC",15,NA,NA,,-time env; depths at which water quality data was taken;  HF2 coordinates; not recorded,2012-08-13,2012,0,3,0,3
303,21,2012-08-13,88,LA,081312BL03,28.8737,-89.4889,8.1,43,0,30.7,28.8,24.4,29.3,35.7,36.3,6,5.3,5.1,28.8708,-89.4866,1244,1422,43,28.8799,-89.5002,1307,1454,48.6,75,"BL, OX, SX, TC",15,NA,NA,,- Strong current caused longer time to retrieve the first high flyer..-time env; depths at which water quality data was taken;  HF2 coordinates; not recorded,2012-08-13,2012,4,1,4,1
304,21,2012-08-13,88,LA,081312BL04,28.8239,-89.5314,9.4,76,0,31.1,24.1,21.2,29.1,36.4,36.4,6,5.4,4.6,28.842,-89.5249,1524,1640,70,28.8206,-89.5345,1542,1711,82,58,"BL, OX, SX, TC",15,NA,NA,,-time env; depths at which water quality data was taken;  HF2 coordinates; not recorded,2012-08-13,2012,9,29,9,29
305,21,2012-08-13,88,LA,081312BL05,28.7951,-89.5001,9.1,88,0,31,23.5,20.7,29.1,36.4,36.4,6,5.3,4.2,28.7926,-89.4918,1735,1902,88,28.8001,-89.5097,1800,1940,88,62,"BL, OX, SX, TC",15,NA,NA,,-Line snapped after hook 39 had to retrieve from the other end (1927)..-time env; depths at which water quality data was taken;  HF2 coordinates; not recorded,2012-08-13,2012,14,16,14,16
306,21,2012-08-15,88,LA,081512BL01,28.7518,-89.5651,16.8,92,0,30.2,24,19.2,29.4,36.4,36.4,6,5.3,3.7,28.7542,-89.5599,636,820,92,28.7423,-89.5819,706,900,92,74,"BL, OX, SX, TC",15,NA,NA,,-CTD took longer than usual causing a longer soak time..-time env; depths at which water quality data was taken;  HF2 coordinates; not recorded,2012-08-15,2012,1,20,1,20
307,21,2012-08-15,88,LA,081512BL02,28.6361,-89.5126,13.6,122,0,30.5,23.1,18.4,30.5,36.3,36.4,6,5.5,3.8,28.643,-89.4997,959,1124,128,28.6366,-89.5209,1024,1159,116.1,60,"BL, OX, SX, TC",15,NA,NA,,-time env; depths at which water quality data was taken;  HF2 coordinates; not recorded,2012-08-15,2012,1,0,1,0
308,21,2012-08-15,88,LA,081512BL03,28.6532,-89.4156,12.2,137,0,30.6,21.1,17.8,30.4,36.4,36.3,6,4.6,3.9,28.6565,-89.4352,1235,1359,137,28.6539,-89.4044,1258,1438,137,61,"BL, OX, SX, TC",15,NA,NA,,-time env; depths at which water quality data was taken;  HF2 coordinates; not recorded,2012-08-15,2012,0,3,0,3
309,21,2012-08-15,88,LA,081512BL04,28.5928,-89.4102,19.3,161,0,31,21.1,17.3,30.6,36.4,36.3,6,4.7,3.9,28.588,-89.4007,1523,1648,168,28.5991,-89.4211,1548,1717,163.9,60,"BL, OX, SX, TC",15,NA,NA,,-time env; depths at which water quality data was taken;  HF2 coordinates; not recorded,2012-08-15,2012,NA,NA,0,0
310,21,2012-08-16,88,LA,081612BL01,28.6887,-90.011,21.6,67,0,31,23.7,20.3,30.6,36.4,36.4,6,4.2,3.6,28.6799,-90.0372,639,823,57,28.6899,-90.0057,700,859,79,83,"BL, OX, SX, TC",15,NA,NA,,-Complications with retrieving high flyer which allowed for a longer soak time..-time env; depths at which water quality data was taken;  HF2 coordinates; not recorded,2012-08-16,2012,2,54,2,54
311,21,2012-08-16,88,LA,081612BL02,28.6832,-90.1076,27.3,61,0,30.7,27.4,21.8,31.4,36.1,36.3,5.9,5.4,3.2,28.6794,-90.0943,946,1104,61,28.6807,-90.1141,1004,1131,60.9,60,"BL, OX, SX, TC",15,NA,NA,,-time env; depths at which water quality data was taken;  HF2 coordinates; not recorded,2012-08-16,2012,0,58,0,58
312,21,2012-08-16,88,LA,081612BL03,28.6857,-90.181,14.4,39,0,30.8,28.3,23.2,31,35.9,36.4,5.9,5.4,4,28.6869,-90.1653,1207,1318,40,28.6845,-90.1852,1218,1343,39.3,60,"BL, OX, SX, TC",15,NA,NA,,-time env; depths at which water quality data was taken;  HF2 coordinates; not recorded,2012-08-16,2012,0,23,0,23
313,21,2012-08-16,88,LA,081612BL04,28.9507,-90.0705,3.4,27,0,31,30.3,25.6,28.7,32.9,36.2,5.8,5.2,2.4,28.937,-90.0766,1548,1700,27,28.9543,-90.068,1600,1726,26.2,60,"BL, OX, SX, TC",15,NA,NA,,-time env; depths at which water quality data was taken;  HF2 coordinates; not recorded,2012-08-16,2012,0,23,0,23
314,21,2012-09-20,88,LA,092012BL01,28.3033,-90.4855,15.5,60,0,27.6,27.9,24.2,33.4,35.7,36.3,5.8,5.8,2.8,28.2926,-90.4861,640,809,60,28.3113,-90.4793,706,848,57.8,63,"BL, OX, SX, TC",15,NA,NA,,-time env; depths at which water quality data was taken;  HF2 coordinates; not recorded,2012-09-20,2012,2,55,2,55
315,21,2012-09-20,88,LA,092012BL02,28.2293,-90.5375,13.1,75,0,27.8,26.9,22.4,33.4,35.8,36.4,5.8,5.9,2.8,28.2203,-90.5419,940,1103,76,28.2374,-90.5297,1003,1140,75,60,"BL, OX, SX, TC",15,NA,NA,,-time env; depths at which water quality data was taken;  HF2 coordinates; not recorded,2012-09-20,2012,2,50,2,50
316,21,2012-09-20,88,LA,092012BL03,28.1734,-90.41,13.5,108,0,27.5,23.7,19.4,33.1,36.3,36.4,6,4.9,2.4,28.1631,-90.4194,1251,1418,132,28.182,-90.4019,1318,1501,128,60,"BL, OX, SX, TC",15,NA,NA,,-time env; depths at which water quality data was taken;  HF2 coordinates; not recorded,2012-09-20,2012,4,16,4,16
317,21,2012-09-20,88,LA,092012BL04,28.1443,-90.4098,11.3,135,0,27.6,22.6,18.4,33.1,36.4,36.4,6,4.8,2.4,28.1321,-90.415,1524,1654,174,28.1514,-90.4034,1554,1742,128,60,"BL, OX, SX, TC",15,NA,NA,,-time env; depths at which water quality data was taken;  HF2 coordinates; not recorded,2012-09-20,2012,NA,NA,0,0
318,21,2012-09-21,88,LA,092112BL01,28.1649,-90.3263,16.8,156,0,27.4,20.9,16.5,34.3,36.4,36.2,5.9,4.6,2.5,28.1778,-90.3384,647,833,136,28.1621,-90.3155,712,927,168,81,"BL, OX, SX, TC",15,NA,NA,,- Complications DURIng retrieval.  Line initially got caught under the boat...-time env; depths at which water quality data was taken;  HF2 coordinates; not recorded,2012-09-21,2012,NA,NA,0,0
319,21,2012-09-21,88,LA,092112BL02,28.1712,-90.3269,15.4,144,0,27.5,21.8,16.7,34,36.4,36.2,5.9,4.8,3,28.162,-90.3359,953,1124,156,28.1621,-90.3155,1024,1205,152,60,"BL, OX, SX, TC",15,NA,NA,,-time env; depths at which water quality data was taken;  HF2 coordinates; not recorded,2012-09-21,2012,NA,NA,0,0
320,21,2012-09-21,88,LA,092112BL03,28.1612,-90.2842,17,154,0,NA,22,17.1,NA,36.4,36.2,NA,5.2,2.8,28.1648,-90.3011,1223,1354,149,28.1602,-90.2732,1254,1434,148,60,"BL, OX, TC, SX",15,NA,NA,,- Complications with CTD therefore only bottom and middle water quality data was recorded..-time env; depths at which water quality data was taken;  HF2 coordinates; not recorded,2012-09-21,2012,NA,NA,0,0
321,21,2012-09-21,88,LA,092112BL04,NA,NA,NA,NA,0,NA,NA,NA,NA,NA,NA,NA,NA,NA,28.1844,-90.3004,1500,1628,131,28.2085,-90.2944,1528,1719,116,60,BL,15,NA,NA,,- Cable complications arose on the CTD therefore no water quality data was taken...-HF2 coordinates; not recorded,2012-09-21,2012,NA,NA,0,0
322,21,2012-09-22,88,LA,092212BL01,28.4411,-90.3601,14,49,0,27.5,27.3,NA,NA,35.8,NA,NA,5.9,NA,28.4401,-90.3258,648,811,50,28.4379,-90.3679,711,848,48,60,BL,15,NA,NA,,- Complications with the CTD's fuses therefore the CTD water quality data could not be completed...-time env; depths at which water quality data was taken;  HF2 coordinates; not recorded,2012-09-22,2012,0,43,0,43
323,21,2012-09-22,88,LA,092212BL02,28.7412,-90.2658,9.6,27,0,28,27.3,26.2,32.1,32.3,35.8,6,6,2.5,28.7461,-90.2645,1155,1319,24,28.7384,-90.2432,1219,1402,28.9,60,"BL, OX, SX, TC",15,NA,NA,,-time env; depths at which water quality data was taken;  HF2 coordinates; not recorded,2012-09-22,2012,0,32,0,32
324,21,2012-09-22,88,LA,092212BL03,28.8076,-90.2505,16.3,24,0,28,27.7,28,31.2,31.6,32.8,6.1,6,3.1,28.7914,-90.25,1457,1626,24,28.8143,-90.2456,1523,1710,25,63,"BL, OX, SX, TC",15,NA,NA,,-time env; depths at which water quality data was taken;  HF2 coordinates; not recorded,2012-09-22,2012,0,8,0,8
325,21,2012-10-15,88,LA,101512BL01,28.6932,-90.1162,NA,50,0,27.3,27.6,23.1,35.1,36.8,36.4,4.4,4.3,3.7,28.699,-90.088,644,815,48,28.6935,-90.1222,715,902,49,60,"BL, OX, SX, TC",15,NA,NA,,- depths at which water quality data was taken;  HF2 coordinates; secchi; not recorded,2012-10-15,2012,0,41,0,41
326,21,2012-10-15,88,LA,101512BL02,28.684,-90.0537,NA,52,0,27.2,27.5,22.6,35.5,35.9,36.4,4.3,4.2,4.2,28.6771,-90.0767,931,1100,62,28.6827,-90.0489,959,1140,52,101,"BL, OX, SX, TC",15,NA,NA,,- depths at which water quality data was taken;  HF2 coordinates; secchi; not recorded,2012-10-15,2012,14,14,14,14
327,21,2012-10-15,88,LA,101512BL03,28.6345,-90.0953,NA,143,0,27,19.9,17.2,NA,36.4,36.3,5.7,2.7,3.1,28.6462,-90.0728,1208,1333,141,28.6341,-90.1027,1233,1422,123,60,"BL, OX, SX, TC",15,NA,NA,,- depths at which water quality data was taken;  HF2 coordinates; secchi; not recorded,2012-10-15,2012,NA,NA,0,0
328,21,2012-10-15,88,LA,101512BL04,28.621,-90.0921,NA,139,0,27.5,21.7,17.4,35.4,36.4,36.3,4.1,3,3.4,28.6332,-90.0704,1445,1615,144,28.6191,-90.0988,1513,1702,128,62,"BL, OX, SX, TC",15,NA,NA,,,2012-10-15,2012,0,1,0,1
329,21,2012-10-16,88,LA,101612BL01,28.4685,-90.1295,NA,63,0,27.3,27.8,21.8,35.8,36.3,36.5,4.3,4,3.9,28.455,-90.1467,644,813,62,28.4717,-90.1232,709,849,64,64,"BL, SX, OX, TC",15,NA,NA,,,2012-10-16,2012,5,46,5,46
330,21,2012-10-16,88,LA,101612BL02,28.3134,-90.1574,NA,85,0,27.4,27.7,20.3,35.7,36.2,36.5,4.3,3.9,3.6,28.3137,-90.1727,1014,1141,90,28.3137,-90.1508,1039,1221,85,62,"BL, OX, SX, TC",15,NA,NA,,,2012-10-16,2012,10,20,10,20
331,21,2012-10-16,88,LA,101612BL03,28.2821,-90.1352,NA,97,0,27.6,26.2,19.5,35.9,36.4,36.4,4.2,3.7,3.8,28.2691,-90.1497,1246,1409,100,28.2797,-90.1305,1309,1446,97.8,60,"BL, OX, SX, TC",15,NA,NA,,,2012-10-16,2012,11,5,11,5
332,21,2012-10-16,88,LA,101612BL04,28.2118,-90.1536,NA,130,0,28,23.7,17.6,36.3,36.4,36.3,4.1,3.8,3.4,28.2053,-90.1677,1527,1651,129,28.2138,-90.1473,1549,1722,130,62,"BL, OX, SX, TC",15,NA,NA,,,2012-10-16,2012,NA,NA,0,0
333,21,2012-10-17,88,LA,101712BL01,28.6412,-89.5292,NA,98,0,27.4,27.6,19.7,35.4,36,36.5,4.3,3.7,3.6,28.6296,-89.5442,701,823,94,28.6443,-89.5244,723,855,98,60,"BL, OX, SX, TC",15,NA,NA,,,2012-10-17,2012,2,1,2,1
334,21,2012-10-17,88,LA,101712BL02,28.7019,-89.4523,NA,116,0,27.2,22.1,18.3,35.3,36.5,36.4,4.3,3.9,3,28.7111,-89.4752,942,1108,113,28.6979,-89.448,1006,1145,120,62,"BL, OX, SX, TC",15,NA,NA,,,2012-10-17,2012,0,8,0,8
335,21,2012-10-17,88,LA,101712BL03,28.827,-89.5177,NA,65,0,27.2,27.7,22.4,34.8,36,36.4,4.4,4,3.6,28.8061,-89.5161,1239,1409,79,28.831,-89.523,1309,1444,67,60,"BL, OX, SX, TC",15,NA,NA,,,2012-10-17,2012,2,54,2,54
336,21,2012-10-17,88,LA,101712BL04,28.8616,-89.4951,NA,42,0,26.4,27.4,27.6,31.2,35.3,36.9,4.6,4.3,4.4,28.8475,-89.4962,1501,1620,50,28.8671,-89.4942,1518,1728,38,62,"BL, OX, SX, TC",15,NA,NA,,- Line broke after hook 66 was retrieved we had to continue retrieving from oposite buoy.,2012-10-17,2012,14,9,14,9
337,21,2012-10-18,88,LA,101812BL01,29.1827,-89.8736,NA,13,0,25.5,26.1,27.6,26.9,28.5,34.7,4.6,3.2,2.3,29.1691,-89.8608,705,829,16,29.185,-89.8784,729,910,15,60,"BL, OX, SX, TC",15,NA,NA,,,2012-10-18,2012,0,5,0,5
338,21,2012-10-18,88,LA,101812BL02,29.0999,-89.9391,NA,19,0,25.5,27,27.5,26.8,34.1,35.1,4.5,3.7,3.5,29.1045,-89.9239,951,1101,20,29.0967,-89.9436,1011,1144,16.4,50,"BL, OX, SX, TC",15,NA,NA,,,2012-10-18,2012,0,2,0,2
339,22,2013-03-04,88,LA,030413BL01,28.3843,-90.3987,NA,51,0,17.4,20.4,20.5,31.5,36,36.3,6.5,5.3,4.7,28.3954,-90.3889,649,820,51,28.3761,-90.398,720,910,51,60,"BL, OX, SX, TC",15,NA,NA,,,2013-03-04,2013,5,24,5,24
340,22,2013-03-04,88,LA,030413BL02,28.3191,-90.3493,NA,60,0,18,20.4,19.9,33.7,36.2,36.4,6.2,4.7,4.4,28.3249,-90.3425,1004,1128,60,28.3106,-90.3527,1028,1243,64,60,"BL, OX, SX, TC",15,NA,NA,,Line snapped at knot in mainline (1129) during retrieval before first weight came in.  We retrieved line from other end (1146).,2013-03-04,2013,10,32,10,32
341,22,2013-03-04,88,LA,030413BL03,28.237,-90.3418,NA,90,0,NA,NA,19.7,NA,NA,36.4,NA,NA,3.5,28.2441,-90.3405,1355,1533,91,28.2257,-90.3437,1419,1618,99.8,74,"BL, OX, SX, TC",15,NA,NA,,Complications with CTD.  It got caught under the vessel therefore only bottom measurements were recorded.  CTD issues allowed for longer soak time.,2013-03-04,2013,6,17,6,17
342,22,2013-03-04,88,LA,030413BL04,NA,NA,NA,NA,0,NA,NA,NA,NA,NA,NA,NA,NA,NA,28.1677,-90.3773,1721,1840,149,28.1501,-90.3775,1743,1910,159.7,57,BL,15,NA,NA,,Swells too large to deploy CTD therefore no water quality data was recorded.,2013-03-04,2013,NA,NA,0,0
343,22,2013-03-05,88,LA,030513BL01,NA,NA,NA,NA,0,NA,NA,NA,NA,NA,NA,NA,NA,NA,28.8187,-90.4353,654,822,16,28.8013,-90.4471,716,919,18.8,66,BL,15,NA,NA,,Site slightly relocated due to multiple rigs in original site. Did not deploy CTD due to large swells and currents. Lost first high flyer therefore had to retrieve from opposite end,2013-03-05,2013,0,6,0,6
344,22,2013-03-05,88,LA,030513BL02,28.933,-90.5169,NA,13,0,17,16.8,20.3,28.8,29,34.9,6.5,4.9,3.2,28.942,-90.5049,1037,1158,13,28.926,-90.5232,1058,1239,13,60,"BL, OX, SX, TC",15,NA,NA,,,2013-03-05,2013,0,1,0,1
345,22,2013-03-05,88,LA,030513BL03,29.0119,-90.5942,NA,8,0,17.4,16.6,19.8,27.7,28.6,34,6.5,5.8,4.9,29.0167,-90.5896,1336,1458,10,28.9985,-90.599,1358,1553,9.1,60,"BL, OX, SX, TC",15,NA,NA,,,2013-03-05,2013,0,1,0,1
346,22,2013-03-05,88,LA,030513BL04,29.0231,-90.5981,NA,7,0,17.2,17.2,19.5,27.8,27.9,33.7,6.4,5.6,3.1,29.0308,-90.5916,1613,1734,7,29.0177,-90.6019,1633,1813,7.3,61,"BL, OX, SX, TC",15,NA,NA,,,2013-03-05,2013,0,5,0,5
347,22,2013-04-24,97,LA,042413BL01,NA,NA,NA,NA,0,NA,NA,NA,NA,NA,NA,NA,NA,NA,28.9971,-90.043,813,941,22,28.9913,-90.034,841,1112,23.7,60,BL,15,NA,NA,,"- No CTD data was collected...- 20 sharks tagged:  16 dart tags, 4 Metal tags",2013-04-24,2013,0,21,0,21
348,22,2013-04-24,97,LA,042413BL02,NA,NA,NA,NA,0,NA,NA,NA,NA,NA,NA,NA,NA,NA,28.936,-90.0845,1142,1303,25,28.9229,-90.0836,1203,1640,26.5,60,BL,15,NA,NA,,"- Not CTD data was collected..- During retrieval we reattached a high flyer after hook 35 came in due to severe lightning storms in the area.  It was attached at 13:31 and retrieved again at 15:29...- 17 sharks tagged- 16 dart tags, 1 metal tag",2013-04-24,2013,0,45,0,45
349,22,2013-04-25,97,LA,042513BL01,29.1806,-89.7463,NA,14.6,0,21.1,21.2,NA,23.3,24.3,NA,8.4,8.4,NA,29.1742,-89.7524,800,920,16,29.1844,-89.7411,820,1109,14.3,60,"BL, OY, SY, TY",15,NA,NA,,Water quality was taken with a YSI at the surface and middle only.,2013-04-25,2013,0,11,0,11
350,22,2013-04-25,97,LA,042513BL02,29.1391,-89.6489,NA,14.6,0,21.1,21.4,NA,22.3,29.4,NA,3.2,NA,NA,29.1349,-89.6555,1214,1333,16,29.1428,-89.6437,1233,1446,14,60,"BL, OY, SY, TY",15,NA,NA,,Water quality was taken with YSI therefore only surface and middle data was collected,2013-04-25,2013,0,5,0,5
351,22,2013-05-13,97,LA,051313BL01,28.9451,-89.3139,NA,27.6,0,21.8,22.6,21.9,22.5,36,36,5.6,3.6,4.3,28.9436,-89.3111,1437,1556,26,28.9486,-89.2959,1456,1751,27.9,60,"BL, OX, SX, TC",15,NA,NA,,"Multiple rigs in area.  Site directly in mouth of Mississippi River and surrounded by land.  Mainline completed tangled on itself, leaving multiple feet of knots and tangles.",2013-05-13,2013,0,30,0,30
352,22,2013-05-14,97,LA,051413BL01,28.8757,-89.1809,NA,92.5,0,20.8,21.2,18.3,16.7,36.4,36.3,5.5,3.7,4.5,28.8761,-89.1908,1035,1157,90,28.879,-89.1724,1057,1310,93.3,60,"BL, OX, SX, TC",15,NA,NA,,,2013-05-14,2013,12,26,12,26
353,22,2013-05-14,97,LA,051413BL02,28.8974,-89.0101,NA,163,0,22.9,18.4,16.1,33.4,36.4,36.1,5.1,2.9,3,28.887,-89.0209,1342,1511,158,28.8969,-89.0016,1411,1557,169,60,"BL, OX, SX, TC",15,NA,NA,,,2013-05-14,2013,0,4,0,4
354,22,2013-05-14,97,LA,051413BL03,28.8355,-89.0802,NA,190.5,0,23,19.1,16.4,35.9,36.5,36.2,4.8,3.1,3.6,28.8312,-89.0931,1625,1751,188,28.8346,-89.0732,1651,1846,190,60,"BL, OX, SX, TC",15,NA,NA,,,2013-05-14,2013,NA,NA,0,0
355,22,2013-05-15,97,LA,051513BL01,28.9617,-89.1942,NA,18.2,0,22.2,22.6,22.3,28.5,34.6,35.7,4.3,4.9,4.2,28.968,-89.2053,1020,1141,15,28.9607,-89.1843,1041,1232,21,60,"BL, OX, SX, TC",15,NA,NA,,,2013-05-15,2013,13,27,13,27
356,22,2013-05-15,97,LA,051513BL02,28.9066,-89.1602,NA,62.2,0,22.9,21.5,19.2,24.3,36.3,36.3,5.3,3.8,3.6,28.9141,-89.1675,1250,1415,58,28.9033,-89.1531,1315,1504,75,60,"BL, OX, SX, TC",15,NA,NA,,,2013-05-15,2013,14,19,14,19
357,22,2013-05-15,97,LA,051513BL03,28.7998,-89.3487,NA,92.4,0,22.8,19.6,17.8,35,36.3,36.3,4.7,3.1,3.4,28.8026,-89.3623,1547,1708,87,28.7969,-89.341,1608,1802,96.2,60,"BL, OX, SX, TC",15,NA,NA,,,2013-05-15,2013,11,24,11,24
358,22,2013-06-03,88,LA,060313BL01,28.2918,-90.7392,23.8,60.9,0,26.6,22.7,20.7,36.2,36,36.4,6.6,6.2,5.5,28.2999,-90.7288,617,739,58,28.2793,-90.748,639,812,64,60,"BL, OX, SX, TC",15,NA,NA,,,2013-06-03,2013,12,4,12,4
359,22,2013-06-03,88,LA,060313BL02,28.2077,-90.5613,21.6,84,0,26.8,21.8,20.1,35.9,36.4,36.4,6.6,5.6,4.9,28.2281,-90.5619,924,1052,78,28.2024,-90.557,952,1130,83.7,60,"BL, OX, SX, TC",15,NA,NA,,"Flat, calm, blue water",2013-06-03,2013,2,7,2,7
360,22,2013-06-03,88,LA,060313BL03,28.2584,-90.5717,18.2,66,0,26.7,22.8,20.4,36,36.3,36.4,6.6,6.6,4.6,28.2305,-90.5616,1153,1316,76,28.2614,-90.5666,1216,1404,69,60,"BL, OX, SX, TC",15,NA,NA,,,2013-06-03,2013,6,3,6,3
361,22,2013-06-03,88,LA,060313BL04,28.2945,-90.4269,NA,65.1,0,27.8,NA,NA,37.6,NA,NA,7.6,NA,NA,28.2838,-90.4382,1506,1625,66,28.3,-90.4153,1525,1657,64,60,"BL, OY, SY, TY",15,NA,NA,,"Complications with large CTD, used /YSI for top water quality measurements",2013-06-03,2013,1,6,1,6
362,22,2013-06-04,88,LA,060413BL01,28.717,-91.1589,NA,15.2,0,28,26.9,26.6,27.1,32.1,34.1,6.1,4,3.7,28.7132,-91.1458,648,809,15,28.7227,-91.1686,709,849,15,60,"BL, OX, SX, TC",15,NA,NA,,"Water qulaity was taken after set was retrieved, due to CTD complications.  we used mini CTD...- Green, murky, Water",2013-06-04,2013,0,12,0,12
363,22,2013-06-04,88,LA,060413BL02,28.7065,-91.0675,NA,13.7,0,27.9,27.3,23.6,31.8,32.5,35,4.8,3,2.8,28.7144,-91.0807,950,1110,14,28.7073,-91.0539,1009,1149,14,61,"BL, OX, SX, TC",15,NA,NA,,,2013-06-04,2013,0,7,0,7
364,22,2013-06-04,88,LA,060413BL03,28.7388,-90.6605,NA,18.3,0,27.8,26.8,23.6,29.8,35.4,35.8,5.5,4.2,3.2,28.7451,-90.6811,1501,1624,19,28.7435,-90.6473,1523,1658,18,61,"BL, OX, SX, TC",15,NA,NA,,,2013-06-04,2013,0,9,0,9
365,22,2013-06-04,88,LA,060413BL04,28.8104,-90.5359,NA,19.8,0,27.6,23,22.2,30.8,34.5,35.9,4.8,0.8,1.1,28.802,-90.5535,1806,1930,20,28.8176,-90.5283,1830,2006,20,60,"BL, OX, SX, TC",15,NA,NA,,,2013-06-04,2013,0,7,0,7
366,22,2013-06-05,88,LA,060513BL01,28.7938,-90.0693,NA,38.4,0,27.1,25.4,21.3,34.9,35.7,36.3,4.2,2.2,2.3,28.8099,-90.0877,653,821,36,28.788,-90.0605,721,901,40,60,"BL, OX, SX, TC",15,NA,NA,,Site slightly moved due to originally being plotted in the Loop Saftey Zone,2013-06-05,2013,0,45,0,45
367,22,2013-06-05,88,LA,060513BL02,28.7903,-90.0666,NA,38.6,0,27.3,24.9,21.5,34.5,35.8,36.2,4.5,4.3,2.8,28.8118,-90.0906,926,1053,36,28.7776,-90.073,953,1137,40,60,"BL, OX, SX, TC",15,NA,NA,,Site was moved slightly from where it was originally plotted due to it being in Loop Safety Zone,2013-06-05,2013,0,50,0,50
368,22,2013-06-05,88,LA,060513BL03,28.9773,-90.0537,NA,24.7,0,27.5,27.1,26.5,32.8,34,35.8,4.6,4.6,4.6,28.9921,-90.0651,1322,1453,24,28.9704,-90.0384,1350,1551,27,63,"BL, OX, SX, TC",15,NA,NA,,,2013-06-05,2013,0,30,0,30
369,22,2013-06-18,97,LA,061813BL01,28.1461,-90.0684,20.4,294,0,29,19.3,12.2,35,36.5,35.5,4.3,4.5,2.9,28.0026,-90.0012,1040,1210,252,28.0023,-90.0011,1106,1302,303,64,"BL, OX, SX, TC",15,NA,NA,,,2013-06-18,2013,NA,NA,0,0
370,22,2013-06-24,97,LA,062413BL01,28.5975,-90.1361,8.2,59,0,30.5,23.6,20.1,31.2,36.1,36.4,4.2,4,2.9,28.6073,-90.1367,916,1035,73,28.5907,-90.1374,935,1118,57.2,60,"BL, OX, SX, TC",15,NA,NA,,,2013-06-24,2013,4,40,4,40
371,22,2013-06-24,97,LA,062413BL02,28.6473,-89.431,1.5,137,0,30.3,NA,NA,26.1,NA,NA,6.4,NA,NA,28.6595,-89.4405,1325,1446,130,28.6412,-89.4327,1346,1540,144,60,"BL, OY, SY, TY",15,NA,NA,,Lost mini CTD during deployment.  Water quality was taken with YSI for top parameters only due to depth.,2013-06-24,2013,0,2,0,2
372,22,2013-06-25,97,LA,062513BL01,28.831,-89.3185,1.2,82,0,28.8,22.3,NA,21.2,37.1,NA,8.4,6.8,NA,28.8274,-89.3066,1010,1128,94,28.8352,-89.327,1030,1217,75.1,58,"BL, OY, SY, TY",15,NA,NA,,Lost CTD therefore took water quality with YSI at top and middle only due to depths.,2013-06-25,2013,16,13,16,13
373,22,2013-06-25,97,LA,062513BL02,28.8034,-89.0669,4,269,0,29.7,NA,NA,28.1,NA,NA,6.6,NA,NA,28.8043,-89.0792,1315,1435,244,28.802,-89.0593,1335,1509,278,60,"BL, OY, SY, TY",15,NA,NA,,CTD Lost therefore used YSI to measure top paramaters only due to depth.,2013-06-25,2013,NA,NA,0,0
374,22,2013-09-09,88,LA,090913BL01,28.1765,-91.2248,14.6,94.5,0,31.1,29.2,23,35.3,35.4,35.6,NA,NA,NA,28.1747,-91.228,1237,1353,94,28.1769,-91.2156,1253,1415,93.9,60,"BL, TC, SX, OX, SE",15,NA,NA,,NOAA site: GB037..DO sensor on CTD more than likely was malfunctioning,2013-09-09,2013,1,0,1,0
375,22,2013-09-09,88,LA,090913BL02,28.2712,-90.9365,11.6,69.8,0,30.9,31.1,25.5,31.7,34.8,35.3,NA,NA,NA,28.2693,-90.9435,1627,1743,70,28.273,-90.9255,1643,1812,68.9,60,"BL, OX, SX, TC, SE",15,NA,NA,,NOAA site: GB036..DO sensor more than likely was malfunctioning..Silky shark was released in error before sex was determined,2013-09-09,2013,13,3,13,3
376,22,2013-09-24,97,LA,092413BL01,28.8651,-90.8082,4,10.7,0,28.6,28.5,28.4,29.3,29.4,29.6,6.3,6.1,5.6,28.8759,-90.8044,1023,1149,7,28.8576,-90.8104,1049,1215,13.1,60,"BL, TY, SY, OY, SE",15,NA,NA,,NOAA site: GA056,2013-09-24,2013,0,1,0,1
377,22,2013-09-24,97,LA,092413BL02,28.8684,-90.0382,4.6,15.8,0,28.9,28.7,28.8,29.6,29.6,32.3,6.7,6.7,2.6,28.8743,-90.6452,1304,1426,15,28.862,-90.6352,1326,1447,15.8,60,"BL, OY, TY, SY, SE",15,NA,NA,,NOAA site: GA057,2013-09-24,2013,NA,NA,0,0
378,22,2013-09-24,97,LA,092413BL03,28.9784,-90.3358,3,13.7,0,28.9,28.6,28.8,27.6,28,30.9,7,6.6,3.3,28.9987,-90.3382,1558,1715,13,28.9726,-90.3358,1615,1750,14,60,"BL, OY, SY, TY, SE",15,NA,NA,,NOAA site GA058,2013-09-24,2013,NA,NA,0,0
379,22,2013-09-25,97,LA,092513BL01,28.7901,-89.7029,4.3,73.8,0,28.7,28.2,21.9,29.2,36.3,36.5,6.4,6.3,4.9,28.8047,-89.7009,809,931,71,28.7883,-89.7031,831,1111,74.7,60,"BL, OY, TY, SY, SE",15,NA,NA,,NOAA site GB033..very cloudy at site,2013-09-25,2013,0,52,0,52
380,22,2013-09-25,97,LA,092513BL02,28.5823,-89.61,15.2,228.6,0,28.8,16.5,15.7,35.3,36.2,35.9,6,4.5,4.4,28.568,-89.6045,1220,1343,225,28.5823,-89.61,1243,1440,155.5,60,"BL, OY, SY, TY, SE",15,NA,NA,,NOAA site GC012,2013-09-25,2013,NA,NA,0,0
381,22,2013-09-26,97,LA,092613BL01,28.9065,-89.3317,1.2,38.1,0,28.8,29,24.4,21.3,32,36.7,9.4,5.2,4.1,28.9137,-89.3206,946,1108,40,28.905,-89.3412,1008,1240,33.8,60,"BL, OY, TY, SY, SE",15,NA,NA,,NOAA site GA039..Several ships were anchored on the site therefore the line was set slightly north of origial site.,2013-09-26,2013,0,9,0,9
382,23,2014-05-05,97,LA,050514BL01,28.8685,-90.2244,NA,22.9,948,23.2,22.1,20.8,26.2,30.9,35,8.3,5.5,4.4,28.8786,-90.2198,920,1036,23,28.8604,-90.2304,936,1201,23,60,"BL, OX, SX, TC, SY",15,NA,NA,,,2014-05-05,2014,0,13,0,13
383,23,2014-05-05,97,LA,050514BL02,28.827,-90.0216,NA,36.9,1313,24.9,21.6,20.6,24.9,33,35.8,11.9,6.9,5,28.8261,-90.0342,1242,1403,36,28.8295,-90.0109,1303,1503,37,60,"BL, OX, SX, TC",15,NA,NA,,,2014-05-05,2014,0,67,0,67
384,23,2014-05-05,97,LA,050514BL03,28.9828,-90.0991,NA,20.4,1609,24.9,21.5,20.8,21.1,26.6,29.5,8.2,3.7,3.1,28.9737,-90.1011,1546,1700,21,28.9921,-90.0994,1601,1741,20,59,"BL, OX, SX, TC, SY",15,NA,NA,,,2014-05-05,2014,NA,NA,0,0
385,23,2014-05-06,97,LA,050614BL01,28.8445,-89.3325,NA,74.7,848,22.7,21,19.5,26.7,36.2,36.3,10.3,7,4.8,28.8505,-89.3499,821,939,68,28.8411,-89.3259,839,1037,75,60,"BL, OX, SX, TC, SY, OY, TY",15,NA,NA,,,2014-05-06,2014,9,43,9,43
386,23,2014-05-06,97,LA,050614BL02,28.9094,-89.3236,NA,40.8,1129,24.2,21.1,20.4,22.5,35,36.2,11.5,6.8,5.6,28.914,-89.3324,1103,1221,45,28.9149,-89.3192,1121,1332,43,60,"BL, OX, SX, TC",15,NA,NA,,,2014-05-06,2014,4,30,4,30
387,23,2014-05-06,97,LA,050614BL03,29.0446,-89.727,NA,33.8,1522,24.8,21.2,21,24.7,32.5,35,9.7,6.6,6.1,29.0384,-89.7168,1454,1609,35,29.0477,-89.7332,1513,1640,33,56,"BL, OX, SX, TC",15,NA,NA,,,2014-05-06,2014,0,13,0,13
388,23,2014-05-07,97,LA,050714BL01,28.5319,-89.3338,9.4,332.2,938,23,16.9,13.2,29.8,36.2,35.7,7,4.1,3.8,28.5355,-89.3585,903,1030,305,28.5181,-89.3262,930,1116,332,60,"BL, OX, SX, TC",15,NA,NA,,,2014-05-07,2014,NA,NA,0,0
389,23,2014-05-07,97,LA,050714BL02,28.6505,-89.4888,18.9,125,1229,22.9,20.2,16.5,33.4,36.3,36.2,5.8,6.1,4,28.6471,-89.5003,1158,1319,125,28.6535,-89.4826,1219,1356,125,60,"BL, OX, SX, TC",15,NA,NA,,,2014-05-07,2014,1,1,1,1
390,23,2014-06-12,97,LA,061214BL01,28.5567,-90.0925,6.4,62.5,932,27.7,24.4,22.5,25.9,36.2,36.4,5.9,6.3,6.4,28.5657,-90.0887,813,943,63,28.545,-90.0967,836,1040,62,67,"BL, OX, SX, TC, BG, SE",15,NA,NA,,,2014-06-12,2014,16,4,16,4
391,23,2014-06-12,97,LA,061214BL02,28.6363,-90.1441,3,77.4,1439,29.1,20.9,19.2,25.4,36.2,36.2,6.8,3.2,4.4,28.6617,-90.1471,1112,1242,62,28.6273,-90.1426,1142,1427,82,60,"BL, OX, SX, TC, BG, SE",15,NA,NA,,- Cluster of gangions while setting which caused longer set times and longer mile..- 9 hooks were not deployed..- water quality taken after set was retrieved..- line caught in prop between hook 38-39 which caused longer soak time.  Began retrieving at 135,2014-06-12,2014,5,11,5,11
392,23,2014-07-07,97,LA,070714BL01,28.9984,-90.0025,13.1,23.8,1011,29.1,28.6,24.4,25.7,33.6,36,5.5,2.1,1.6,29.0103,-89.9998,723,846,23,28.9887,-90.0049,744,1006,25,62,"BL, OX, SX, TC, SE, BG",15,NA,NA,,CTD deployed twice due to data error.  Used second drop's data,2014-07-07,2014,NA,NA,0,0
393,23,2014-07-07,97,LA,070714BL02,28.8506,-90.8263,7.9,13.1,1325,30.6,29.6,24.3,27.6,30.8,34,5,6,1.9,28.8569,-90.8135,1257,1415,13,28.8538,-90.8328,1315,1455,13,60,"BL, OX, SX, TC, SE, BG",15,NA,NA,,,2014-07-07,2014,0,3,0,3
394,23,2014-07-08,97,LA,070814BL01,28.595,-90.623,8.8,22.5,1024,29.4,28.7,24,30.4,33.8,35.9,5,5,2,28.6072,-90.6187,958,1123,22,28.588,-90.6269,1017,1238,22,66,"BL, OX, SX, TC, SE, BG",15,NA,NA,,,2014-07-08,2014,0,28,0,28
395,23,2014-07-08,97,LA,070814BL02,28.4534,-90.7152,8.5,37.2,1341,30,27,22.3,28.5,35.3,36.2,5.4,6.4,4.4,28.4646,-90.711,1316,1435,36,28.4477,-90.7194,1335,1532,38,60,"BL, OX, SX, TC, SE, BG",15,NA,NA,,,2014-07-08,2014,0,43,0,43
396,23,2014-07-08,97,LA,070814BL03,28.3908,-90.805,7.3,42.1,1619,30.2,27.8,21.3,28.5,35.1,36.2,5.7,6.5,2.8,28.4005,-90.7973,1555,1714,41,28.3848,-90.8074,1614,1814,43,60,"BL, OX, SX, TC, SE, BG",15,NA,NA,,,2014-07-08,2014,2,11,2,11
397,23,2014-07-09,97,LA,070914BL01,28.2129,-90.9127,9.4,79.6,636,29.2,22.7,19.8,29.5,36.2,36.4,4.9,6.7,5.4,28.2226,-90.9073,613,729,77,28.208,-90.9183,629,809,81,60,"BL, OX, SX, TC, SE, BG",15,NA,NA,,,2014-07-09,2014,1,1,1,1
398,23,2014-07-09,97,LA,070914BL02,28.132,-90.7058,22.6,112.5,912,29.1,21.1,17.7,33,36.3,36.3,5.5,6.7,3.8,28.1336,-90.7262,849,1007,114,28.1301,-90.7,907,1038,113,60,"BL, OX, SX, TC, SE, BG",15,NA,NA,,,2014-07-09,2014,NA,NA,0,0
399,23,2014-07-21,97,LA,072114BL01,28.4616,-90.1276,7.3,62.2,1025,29.1,24.3,19.7,28.8,36.1,36.4,5.4,5.7,3.5,28.4706,-90.1386,923,1052,61,28.4544,-90.1258,939,1143,63,73,"BL, OX, SX, TC, SE, BG",15,NA,NA,,Two CTD deployments caused laonger soak time...Looking at water column profile- oxygen levels dropped significantly between 12-21 m.,2014-07-21,2014,13,13,13,13
400,23,2014-07-21,97,LA,072114BL02,28.6856,-89.837,4.9,101,1350,29.3,20.6,17.1,26.8,36.3,36.2,5.5,5.2,3.6,28.6819,-89.8512,1256,1416,105,28.6895,-89.8304,1314,1456,96,62,"BL, OX, SX, TC, SE, BG",15,NA,NA,,,2014-07-21,2014,NA,NA,0,0
401,23,2014-07-22,97,LA,072214BL01,28.6144,-89.6089,7.3,116.2,852,28.7,21.3,16.9,27.5,36.3,36.2,5.7,6.2,3.6,28.623,-89.6105,825,943,114,28.6095,-89.5877,843,1010,116,60,"BL, OX, SX, TC, SE, BG",15,NA,NA,,,2014-07-22,2014,NA,NA,0,0
402,23,2014-07-22,97,LA,072214BL02,28.6557,-89.4575,7.9,131.7,1055,29.4,20.2,16,30.4,36.4,36.1,5.5,5.4,3.9,28.6506,-89.4739,1031,1148,132,28.6584,-89.4518,1048,1220,132,60,"BL, OX, SX, TC, SE, BG",15,NA,NA,,,2014-07-22,2014,NA,NA,0,0
403,23,2014-07-22,97,LA,072214BL03,28.7775,-89.3477,0.9,104,1316,29,19.9,17.2,22.6,36.4,36.2,6.6,5.1,3.6,28.7661,-89.3435,1253,1411,110,28.7834,-89.3528,1310,1529,97,61,"BL, OX, SX, TC, SE, BG",15,NA,NA,,,2014-07-22,2014,7,1,7,1
404,23,2014-08-15,97,LA,081514BL01,28.6348,-89.7245,0.6,114,843,29.6,19.9,17.2,14.6,36.4,35.8,10.9,5.4,4.5,28.6518,-89.7325,819,937,103,28.6274,-89.7194,837,1016,116,60,"BL, OX, SX, TC, SE, BG",15,NA,NA,,,2014-08-15,2014,1,1,1,1
405,23,2014-08-15,97,LA,081514BL02,28.7468,-89.2701,1.2,137.5,1220,30.3,20,16.5,24.7,36.4,36.2,9.4,5.5,4.8,28.7542,-89.2902,1152,1312,127,28.7461,-89.2643,1209,1408,140,63,"BL, SX, OX, TC, SE, BG",15,NA,NA,,Moved site approximtely 1/2 mile east from original site due to original site being located in safety fairway,2014-08-15,2014,NA,NA,0,0
406,23,2014-08-15,97,LA,081514BL03,29.0739,-89.8254,7.9,27.3,1617,30.8,28,23.6,27.2,34,36,6.5,1.9,4.4,29.0571,-89.8204,1556,1713,29,29.0739,-89.8288,1613,1808,25,60,"BL, OX, SX, TC, SE, BG",15,NA,NA,,,2014-08-15,2014,0,1,0,1
407,23,2014-08-16,97,LA,081614BL01,28.75,-90.0945,5.5,38.4,850,30.6,25.6,21.6,26,35.6,36.2,6.8,5.8,5,28.7484,-90.0998,828,959,38,28.7508,-90.0862,845,1050,39,74,"BL, OX, SX, TC, SE, BG",15,NA,NA,,"Line caught in prop at first buoy before first weight retrieved at 943 AM, retrieved line from other end at 9:59 AM",2014-08-16,2014,0,19,0,19
408,23,2014-08-16,97,LA,081614BL02,28.4362,-90.2902,9.4,52.1,1330,30.8,26.8,21.7,29.4,35.3,36.3,6.4,1.3,1.9,28.4372,-90.3065,1302,1419,51,28.4374,-90.2823,1319,1452,52,60,"BL, OX, SX, TC, SE, BG",15,NA,NA,,,2014-08-16,2014,3,26,3,26
409,23,2014-08-16,97,LA,081614BL03,28.3341,-90.6538,11.9,49.4,1648,30.3,29.4,21.8,33.3,35.9,36.3,6.4,7.9,7.1,28.3225,-90.6551,1624,1741,51,28.3414,-90.6542,1641,0,48,60,"BL, OX, SX, TC, SE, BG",15,NA,NA,,Line snapped during retrieval and could not be recovered.  LINE was LOST,2014-08-16,2014,NA,NA,0,0
410,23,2014-08-17,97,LA,081714BL01,28.6209,-91.907,10.4,39.3,1323,30.1,29.6,22.2,26.9,36,36.2,6.7,7.8,6.2,28.6068,-91.9119,1257,1416,40,28.6276,-91.9078,1316,1453,38,60,"BL, OX, SX, TC, SE, BG",15,NA,NA,,,2014-08-17,2014,3,20,3,20
411,23,2014-08-18,97,LA,081814BL01,29.4456,-92.6245,3.4,12.3,901,30.1,30.1,28.6,29.5,29.5,34,5.9,3.8,0.5,29.4361,-92.6335,839,954,13,29.4508,-92.6206,854,1044,12,60,"BL, OX, SX, TC, SE, BG",15,NA,NA,,,2014-08-18,2014,NA,NA,0,0
412,23,2014-08-18,97,LA,081814BL02,29.4946,-93.0876,4,12.5,1244,30.4,30.3,30.1,29.9,30.6,32.6,7.2,8.4,4,29.485,-93.0942,1223,1330,13,29.5013,-93.0845,1230,1405,12,60,"BL, OX, SX, TC, SE, BG",15,NA,NA,,,2014-08-18,2014,0,14,0,14
413,23,2014-08-18,97,LA,081814BL03,29.4287,-93.3811,7.3,9.1,1537,30.4,30.6,30.4,29.5,32,32.3,6.9,7.4,7.5,29.4177,-93.3858,1513,1631,10,29.4348,-93.3794,1528,1653,9,63,"BL, OX, SX, TC, SE, BG",15,NA,NA,,,2014-08-18,2014,0,1,0,1
414,23,2014-08-18,97,LA,081814BL04,29.3809,-93.6001,4.6,13.4,1814,30.7,30.7,30.4,32.7,32.7,34.3,6.3,6.2,5.6,29.3833,-93.6099,1750,1911,13,29.3743,-93.594,1807,1939,12,64,"BL, OX, SX, TC, SE, BG",15,NA,NA,,,2014-08-18,2014,0,4,0,4
415,23,2014-08-19,97,LA,081914BL01,29.3088,-92.4452,4,9.2,718,30.2,30.2,29,28.4,28.8,32.8,6.9,6.4,2,29.2989,-92.453,653,812,10,29.3175,-92.4406,710,919,9,62,"BL, OX, SX, TC, SE, BG",15,NA,NA,,,2014-08-19,2014,NA,NA,0,0
416,23,2014-08-19,97,LA,081914BL02,28.9873,-91.9841,7.9,18.9,1351,30.5,30,25.8,29.4,33.3,35.8,6.8,6.6,5.5,28.9667,-91.9844,1322,1438,19,28.994,-91.9866,1338,1502,19,60,"BL, OX, SX, TC, SE, BG",15,NA,NA,,,2014-08-19,2014,0,32,0,32
417,23,2014-09-08,97,LA,090814BL01,28.5814,-89.3458,0.9,183.8,916,28.9,19.9,14.3,16.5,36.4,35.8,10.8,5.4,4.7,28.5965,-89.3591,846,1003,180,28.5765,-89.3395,903,1040,192,60,"BL, OX, SX, TC, SE, BG",15,NA,NA,,Depth sounder malfunctioned.  Depth only availaible when boat was running,2014-09-08,2014,NA,NA,0,0
418,23,2014-09-08,97,LA,090814BL02,28.5494,-89.346,0.9,244.5,1125,29.9,17.1,12.7,25.2,36.2,35.6,9.3,4.8,4.5,28.5581,-89.3611,1056,1220,211,28.5481,-89.3351,1120,1238,263,60,"BL, OX, SX, TC, SE, BG",15,NA,NA,,Line snapped before first weight was retrieved.  Picked up from other high flyer at 1238.  Line retrieval was complete at 13:25 with the folloing coordinates: N 28  32.432  W 89  20.879.  Depth dropoff near end of set approx. 100ft.,2014-09-08,2014,NA,NA,0,0
419,23,2014-09-08,97,LA,090814BL03,28.683,-89.5098,1.2,110.1,1454,30.5,24.3,17.8,22.2,36.2,36.2,10.1,8.3,4.5,28.6979,-89.514,1431,1548,106,28.675,-89.5086,1448,1747,113,60,"BL, OX, SX, TC, SE, BG",15,NA,NA,,Site moved 1/2 mile southeast due to safety fairway,2014-09-08,2014,0,2,0,2
420,23,2014-09-09,97,LA,090914BL01,28.9376,-89.1089,3.7,56.7,930,30,24.5,22.3,22.4,35.8,36,6.8,4,4.4,28.9469,-89.1,859,1021,51,28.9326,-89.1178,921,1102,56,60,"BL, OX, SX, TC, SE, BG",15,NA,NA,,,2014-09-09,2014,14,34,14,34
421,23,2014-09-09,97,LA,090914BL02,28.9524,-89.1718,7.3,19.2,1143,30.7,29.6,27.2,26.4,32.4,34.5,7.9,6,4.9,28.9516,-89.163,1124,1239,31,28.9535,-89.1802,1139,1326,28,60,"BL, OX, SX, TC, SE, BG",15,NA,NA,,,2014-09-09,2014,0,6,0,6
422,23,2014-09-09,97,LA,090914BL03,28.9381,-89.3103,0.9,23.5,1412,32,29.5,25.2,29.5,33,35.7,7.1,7.1,4.7,28.9498,-89.3094,1349,1507,24,28.9317,-89.3114,1407,1704,32,60,"BL, OX, SX, TC, SE, BG",15,NA,NA,,"Mainline snapped after hook 34 at 15:40, retrieved from other end at 15:46",2014-09-09,2014,NA,NA,0,0
423,23,2014-09-10,97,LA,091014BL01,28.881,-89.5629,1.8,63.7,735,30.4,26.5,22.1,21.2,36,36.2,9.2,6.8,4.7,28.887,-89.5703,714,830,63,28.8767,-89.5576,730,918,64,60,"BL, OX, SX, TC, SE, BG",15,NA,NA,,,2014-09-10,2014,0,26,0,26
424,23,2014-09-10,97,LA,091014BL02,NA,NA,1.2,13.7,1005,31.3,29.4,29.6,14,32,34.9,10.4,2.1,4.2,28.9692,-89.4609,946,1101,16,28.9842,-89.4596,1001,1205,13,60,"BL, OX, SX, TC, SE, BG",15,NA,NA,,Exact coordinates not taken during CTD deployment,2014-09-10,2014,0,1,0,1
425,23,2014-09-10,97,LA,091014BL03,29.1615,-89.783,4,17.3,1330,31.9,30,28.7,22.6,31.9,34.9,7.9,6.3,0.3,29.1691,-89.7792,1311,1424,16,29.1562,-89.7861,1324,1500,17,60,"BL, OX, SX, TC, SE, BG",15,NA,NA,,,2014-09-10,2014,NA,NA,0,0
426,23,2014-09-15,97,LA,091514BL01,28.7348,-90.1535,13.4,35.4,810,29.6,29.6,24.6,34.7,35.6,36,5.9,4.4,3.2,28.7225,-90.1523,750,906,37,28.7429,-90.154,806,933,35,60,"BL, OX, SX, TC, SE, BG",15,NA,NA,,,2014-09-15,2014,0,28,0,28
427,23,2014-09-15,97,LA,091514BL02,28.9177,-90.1225,14,24.7,1029,29.7,29.9,29.9,34.3,35.2,35.9,6.1,7.5,7,28.9065,-90.12,1010,1124,26,28.9252,-90.1219,1024,1203,24,60,"BL, OX, SX, TC, SE, BG",15,NA,NA,,,2014-09-15,2014,0,7,0,7
428,23,2014-09-15,97,LA,091514BL03,29.0787,-90.0932,6.7,13.4,1257,28.4,30,30.1,19.8,26.5,34.3,7,6.5,3.5,29.0715,-90.0903,1238,1354,14,29.0862,-90.0885,1252,1552,13,62,"BL, OX, SX, TC, SE, BG",15,NA,NA,,,2014-09-15,2014,NA,NA,0,0
429,23,2014-09-16,97,LA,091614BL01,28.5624,-90.3561,9.2,38.4,1033,29.1,29.5,25.2,31.9,35.4,36,6.9,4.5,5.4,28.5761,-90.369,956,1241,37,28.5617,-90.3487,1017,1356,39,184,"BL, OX, SX, TC, SE, BG",15,NA,NA,,Overcast with storms.  Lightning delayed retrieval,2014-09-16,2014,0,22,0,22
430,23,2014-09-16,97,LA,091614BL02,28.4,-90.2841,9.4,54.8,1541,29.3,27.3,22.9,35.1,35.8,36.3,6.7,6.9,7.5,28.39,-90.2985,1508,1628,55,28.4042,-90.2795,1528,1717,55,60,"BL, OX, SX, TC, SE, BG",15,NA,NA,,,2014-09-16,2014,2,32,2,32
431,23,2014-09-17,97,LA,091714BL01,28.1088,-90.5795,25.9,118.9,716,29.4,23.5,18.3,34.7,36.2,36.4,6.1,8.5,5.2,28.0898,-90.5792,644,806,130,28.1174,-90.5861,706,840,115,60,"BL, OX, SX, TC, SE, BG",15,NA,NA,,,2014-09-17,2014,NA,NA,0,0
432,23,2014-09-17,97,LA,091714BL02,28.1621,-90.5687,17.4,95.4,1130,29.5,25.2,19.8,35.5,36.1,36.4,6.5,8.4,5.9,28.1565,-90.5851,1104,1224,98,28.1651,-90.5577,1124,1304,94,60,"BL, OX, SX, TC, SE, BG",15,NA,NA,,,2014-09-17,2014,1,1,1,1
433,23,2014-09-17,97,LA,091714BL03,28.2821,-90.4446,11.3,62.8,1405,29.6,29.5,21.7,33.2,35.8,36.2,6.3,7.6,5.7,28.2723,-90.4591,1335,1501,65,28.2897,-90.4398,1401,1555,62,60,"BL, OX, SX, TC, SE, BG",15,NA,NA,,,2014-09-17,2014,1,9,1,9
434,24,2015-04-17,97,LA,041715BL01,29.0869,-89.4742,0.5,9.1,914,19.4,22.4,22.4,3.2,20.7,31.3,7,4.3,4.3,29.0957,-89.4788,853,1010,9,29.0787,-89.4717,910,1132,9,60,"BL, OX, SX, TC, SE, BG",15,NA,NA,,,2015-04-17,2015,0,29,0,29
435,24,2015-04-17,97,LA,041715BL02,29.2553,-89.6902,0.9,8,1302,22.4,22.3,21.7,10,10.1,29.8,7.3,8.1,0.6,29.2647,-89.6933,1235,1352,8,29.248,-89.6885,1252,1428,8,60,"BL, OX, SX, TC, SE, BG",15,NA,NA,,,2015-04-17,2015,NA,NA,0,0
436,24,2015-04-22,97,LA,042215BL01,28.9568,-90.7676,1.2,9.9,902,22.4,22.6,23,18.8,20.6,23.3,7.3,8.1,8,28.9566,-90.7801,835,957,10,28.9575,-90.7598,856,1141,10,61,"BL, BG, OX, SX, TC, SE",15,NA,NA,,Depth finder not working at time of first highflyer retrieval.,2015-04-22,2015,0,5,0,5
437,24,2015-04-22,97,LA,042215BL02,28.9651,-90.7448,1.4,10,1224,22.9,23.2,23.1,18,19.8,23.5,8.3,8.1,5.2,28.9661,-90.7538,1204,1321,10,28.966,-90.7381,1221,1418,10,60,"BL, BG, OX, SX, TC, SE",15,NA,NA,,,2015-04-22,2015,0,1,0,1
438,24,2015-05-08,97,LA,050815BL01,29.6006,-92.8019,0.5,7,759,25.2,25.3,25.2,11.5,12,15.5,6.5,7,6.6,29.6086,-92.806,722,844,6,29.5893,-92.7948,752,933,8,52,"BL, OX, SX, TC, SE, BG",15,NA,NA,,,2015-05-08,2015,NA,NA,0,0
439,24,2015-05-08,97,LA,050815BL02,29.7319,-93.0961,0.3,4.6,1100,25.3,25.4,25.1,7.2,9,14.6,6.5,6.4,6,29.7381,-93.089,1033,1155,4,29.7237,-93.1044,1055,1245,5,60,"BL, BG, OX, SX, TC, SE",15,NA,NA,,,2015-05-08,2015,NA,NA,0,0
440,24,2015-05-08,97,LA,050815BL03,29.6982,-93.7455,0.3,6.6,1510,25.4,25.5,25.4,13.8,15.9,16.1,6.6,6.4,6.7,29.7023,-93.7562,1441,1605,5,29.6959,-93.7339,1505,1650,7,60,"BL, BG, OX, SX, TC, SE",15,NA,NA,,,2015-05-08,2015,NA,NA,0,0
441,24,2015-05-09,97,LA,050915BL01,29.7032,-93.5263,0.3,7.4,924,25.5,25.6,25.4,12.6,13.3,18.1,6.2,6.7,6.7,29.7137,-93.5358,857,1018,7,29.6916,-93.5197,918,1108,8,60,"BL, BG, OX, SX, TC, SE",15,NA,NA,,,2015-05-09,2015,NA,NA,0,0
442,24,2015-05-09,97,LA,050915BL02,29.6624,-93.4158,0.3,9.4,1218,26,25.5,25.3,16.4,18.1,23.1,6.9,7.1,6.9,29.6738,-93.4146,1152,1313,9,29.6529,-93.4157,1211,1410,10,62,"BL, BG, OX, SX, TC, SE",15,NA,NA,,,2015-05-09,2015,0,8,0,8
443,24,2015-05-10,97,LA,051015BL01,29.2643,-92.3907,1,7,1000,24.9,25.4,25.3,23.5,27.3,27.3,6,6.7,6.5,29.274,-92.3971,931,1055,7,29.2552,-92.3843,955,1250,7,60,"BL, BG, OX, SX, TC, SE",15,NA,NA,,Mainline cut after hook 32- retrieved from other end.,2015-05-10,2015,NA,NA,0,0
444,24,2015-05-12,97,LA,051215BL01,29.4316,-92.2403,0.6,5,818,26,26.3,26.8,15.9,17.4,22.8,6.2,6.2,6.7,29.4436,-92.2373,754,911,4,29.4225,-92.2386,811,1020,5,60,"BL, BG, OX, SX, TC, SE",15,NA,NA,,,2015-05-12,2015,NA,NA,0,0
445,24,2015-05-12,97,LA,051215BL02,29.4689,-92.2967,0.6,4,1104,26,26.2,26.5,6.7,10.6,19.1,6.8,6.7,5.8,29.463,-92.2924,1043,1159,4,29.4773,-92.2983,1059,1341,3,60,"BL, BG, OX, SX, TC, SE",15,NA,NA,,- First high flyer was not attched to mainline therefore we began retrieval from second high flyer at 1214..- Mainline snapped after hook 72 was retrieved at 1234.  Eventually retrieved line from bottom at 1256,2015-05-12,2015,NA,NA,0,0
446,24,2015-05-12,97,LA,051215BL03,29.3376,-92.0578,0.8,4.9,1506,26.2,26.7,26.6,17.3,23.3,23.4,6.4,5.8,6,29.3385,-92.0655,1447,1604,5,29.3365,-92.0479,1503,1744,5,61,"BL, BG, OX, SX, TC, SE",15,NA,NA,,,2015-05-12,2015,NA,NA,0,0
447,24,2015-05-13,97,LA,051315BL01,29.1578,-92.0502,4,9.5,901,26,26.2,26.2,26.7,27.2,27.2,6.9,7.6,7.7,29.1664,-92.0548,833,957,9,29.1495,-92.0458,857,1127,10,60,"BL, BG, OX, SX, TC, SE",15,NA,NA,,,2015-05-13,2015,0,33,0,33
448,24,2015-05-13,97,LA,051315BL02,29.2353,-92.2048,2.4,4.4,1229,26.2,26.3,26.2,21.7,26.8,26.9,6.6,6.2,6.8,29.2344,-92.2137,1204,1326,5,29.236,-92.197,1226,1428,4,60,"BL, BG, OX, SX, TC, SE",15,NA,NA,,,2015-05-13,2015,0,13,0,13
449,24,2015-05-13,97,LA,051315BL03,29.2539,-92.2031,1.5,5.1,1515,26.2,26.3,26.3,25.9,26,26,5.9,6.5,6.7,29.258,-92.2135,1448,1610,6,29.2516,-92.196,1510,1659,5,60,"BL, BG, OX, SX, TC, SE",15,NA,NA,,,2015-05-13,2015,0,10,0,10
450,24,2015-05-14,97,LA,051415BL01,29.3014,-91.7794,0.6,4.5,848,26.8,26.8,26.9,23.8,23.8,23.9,6,6.1,6.5,29.3143,-91.7735,823,944,4,29.2945,-91.7824,844,1122,5,60,"BL, BG, OX, SX, TC, SE",15,NA,NA,,,2015-05-14,2015,0,1,0,1
451,24,2015-05-14,97,LA,051415BL02,29.152,-91.5416,2.1,6.4,1251,27,27.1,26.8,23.5,23.9,24,6.4,8,6.6,29.1537,-91.5511,1227,1347,6,29.1503,-91.5335,1247,1508,6,60,"BL, BG, OX, SX, TC, SE",15,NA,NA,,,2015-05-14,2015,0,2,0,2
452,24,2015-05-14,97,LA,051415BL03,28.8703,-91.0975,2.7,5.6,1726,26.7,26.6,26.4,22.2,23.7,26.2,7.6,7.5,7.8,28.8812,-91.1011,1654,1818,5,28.8626,-91.1094,1718,1941,6,60,"BL, BG, OX, SX, TC, SE",15,NA,NA,,Mainline not attached to first high flyer therefore had to retrieve from second high flyer at 1820.,2015-05-14,2015,0,19,0,19
453,24,2015-05-21,97,LA,052115BL01,29.0067,-90.4624,1.2,9.4,947,29,26.2,25.5,15.8,29.4,33.8,7.1,4.3,2,29.0152,-90.4936,903,1038,9,29.0052,-90.4577,936,1122,9,62,"BL, BG, OX, SX, TC, SE",15,NA,NA,,,2015-05-21,2015,0,3,0,3
454,24,2015-05-21,97,LA,052115BL02,29.0776,-90.1584,1.1,10.6,1303,28.5,26.8,26,15.8,32.5,35.2,9.4,5.7,3,29.0808,-90.1558,1223,1350,9,29.0699,-90.1553,1252,1430,11,58,"BL, BG, OX, SX, TC, SE",15,NA,NA,,EXTENDED RETRIEVAL TIME..MAINLINE WAS BIT AND DETACHED IN 4 INSTANCES..1ST: AFTER HOOK 21- RETRIEVED LINE FROM OPPOSITE BUOY..2ND: AFTER HOOK 100- USED GRAPPLE TO RETRIEVE LINE..PICKED UP HOOK 63 AND RETRIEVED UNTIL HOOK 48 WHEN LINE BROKE A 3RD TIME..PICKED UP HOOK 64 AND RETRIEVED UNTIL HOOK 82 WHEN LINE BROKE AGAIN,2015-05-21,2015,0,2,0,2
455,24,2015-05-28,97,LA,052815BL01,29.0806,-91.3007,1.2,5.2,848,27,26.9,27,21.1,21.6,22.1,6.1,5.9,6.4,29.0863,-91.2874,821,945,5,29.0781,-91.3087,844,1050,5,61,"BL, OX, SX, TC, SE, BG",15,NA,NA,,,2015-05-28,2015,0,9,0,9
456,24,2015-05-28,97,LA,052815BL02,29.1149,-91.4521,2.1,6.6,1147,27.4,27,27.3,23.6,24.5,26.7,6.2,6.4,5,29.1119,-91.4404,1124,1242,7,29.1185,-91.4601,1142,1456,7,60,"BL, BG, OX, SX, TC, SE",15,NA,NA,,,2015-05-28,2015,0,8,0,8
457,24,2015-05-29,97,LA,052915BL01,29.1426,-91.9296,2.7,8.5,808,27.5,27.7,27.6,31,31.6,31.5,5.8,7.4,6.3,29.1446,-91.9173,737,859,8,29.1394,-91.9428,759,1035,9,60,"BL, BG, OX, SX, TC, SE",15,NA,NA,,,2015-05-29,2015,0,10,0,10
458,24,2015-05-29,97,LA,052915BL02,29.1437,-91.7958,2.1,6.2,1139,27.8,27.9,27.4,27.4,29.4,29.9,6.2,6.7,5,29.1464,-91.8037,1115,1234,6,29.141,-91.7879,1134,1403,6,60,"BL, BG, OX, SX, TC, SE",15,NA,NA,,,2015-05-29,2015,0,17,0,17
459,24,2015-06-22,97,LA,062215BL01,28.9871,-89.4286,0.4,6,1055,29.5,30,29,0.2,15.6,22.8,7.9,7.5,3.2,28.999,-89.4199,1023,1150,5,28.9775,-89.4356,1050,1406,7,60,"BL, OX, SX, BG, TC, SE",15,NA,NA,,Large tangle in one barrel cause longer set time and mainline length. 98 hooks deployed due to tangle.  Stopped retrieving at 1200 after hook 3 due to lightning in area - began again at 1225.,2015-06-22,2015,NA,NA,0,0
460,24,2015-06-22,97,LA,062215BL02,29.1219,-89.5177,0.5,9.8,1513,29.5,29.7,26.4,1.8,21.5,35.8,7.2,6.4,1.2,29.129,-89.5224,1448,1608,10,29.1146,-89.5138,1508,1706,10,60,"BL, BG, OX, SX, TC, SE",15,NA,NA,,,2015-06-22,2015,NA,NA,0,0
461,24,2015-06-23,97,LA,062315BL01,28.8097,-91.1923,3.4,6.9,657,29.8,29.9,29.7,26.3,26.6,33.1,8,7.9,5.9,28.8204,-91.199,632,755,6,28.8029,-91.184,651,904,7,64,"BL, BG, OX, SX, TC, SE",15,NA,NA,,,2015-06-23,2015,NA,NA,0,0
462,24,2015-06-23,97,LA,062315BL02,28.8905,-91.1296,2.7,4.2,946,30.4,29.8,29.7,24.4,24.7,26,6.9,6.9,7.4,28.8801,-91.136,925,1043,5,28.8987,-91.127,942,1204,4,61,"BL, BG, OX, SX, TC, SE",15,NA,NA,,,2015-06-23,2015,NA,NA,0,0
463,24,2015-06-23,97,LA,062315BL03,28.8707,-91.0838,2.4,5,1251,30.4,29.8,29.4,23.5,25.1,26.8,7.2,6.4,5.9,28.8827,-91.093,1225,1345,5,28.8904,-91.0773,1245,1446,5,60,"BL, BG, OX, SX, TC, SE",15,NA,NA,,,2015-06-23,2015,0,2,0,2
464,24,2015-06-23,97,LA,062315BL04,28.8462,-91.0306,4,7.7,1531,31.6,29.5,28.2,23.6,28.4,34.6,6.8,4.1,3,28.8545,-91.0398,1507,1628,8,28.8396,-91.0248,1526,1703,8,62,"BL, BG, OX, SX, TC, SE",15,NA,NA,,,2015-06-23,2015,0,2,0,2
465,24,2015-06-24,97,LA,062415BL01,28.8752,-90.9042,4.9,7.8,647,31.6,29.5,28.2,23.6,28.4,34.6,6.8,4.1,3,28.8674,-90.9029,621,830,9,28.8851,-90.905,643,920,7,147,"BL, BG, OX, SX, TC, SE",15,NA,NA,,,2015-06-24,2015,NA,NA,0,0
466,24,2015-06-24,97,LA,062415BL02,28.8986,-90.8402,4.8,5.7,1005,31.4,30,28.7,28,31.9,34.1,7.6,7.2,5.2,28.8922,-90.8492,939,1100,6,28.9047,-90.8325,1000,1121,6,60,"BL, BG, OX, SX, TC, SE",15,NA,NA,,,2015-06-24,2015,NA,NA,0,0
467,24,2015-06-24,97,LA,062415BL03,28.94,-90.8124,5.2,9.5,1218,30.6,29.5,29.6,23.5,31,34,6.1,5.2,4.4,28.9429,-90.8235,1153,1314,9,28.9382,-90.8038,1213,1425,10,61,"BL, BG, OX, SX, TC, SE",15,NA,NA,,,2015-06-24,2015,0,1,0,1
468,24,2015-06-24,97,LA,062415BL04,28.9594,-90.7614,3.4,9.2,1503,30.6,29.5,28.6,23.5,31,34,6.1,5.2,4.4,28.9514,-90.765,1443,1559,10,28.9648,-90.7564,1459,1716,9,60,"BL, BG, OX, SX, TC, SE",15,NA,NA,,,2015-06-24,2015,0,2,0,2
469,24,2015-06-29,97,LA,062915BL01,29.1089,-91.8259,2.1,8.1,1158,28.7,28.5,28.4,29,31.1,36,5.8,4.9,4.8,29.1195,-91.8221,1135,1251,7,29.1011,-91.8299,1151,1419,9,60,"BL, BG, OX, SX, TC, SE",15,NA,NA,,,2015-06-29,2015,0,3,0,3
470,24,2015-06-29,97,LA,062915BL02,29.1308,-91.8885,1.8,8.6,1512,29.3,28.6,28.7,29.9,31.4,36,6,5.7,5.7,29.1436,-91.9043,1452,1608,8,29.1212,-91.9064,1508,1654,9,60,"BL, BG, OX, SX, TC, SE",15,NA,NA,,,2015-06-29,2015,0,3,0,3
471,24,2015-06-30,97,LA,063015BL01,29.2478,-92.3335,1.8,5.9,750,28.6,28.5,29,25.1,25.6,32.9,6,6.3,5,29.259,-92.3301,730,846,6,29.2399,-92.3357,746,1001,6,60,"BL, BG, OX, SX, TC, SE",15,NA,NA,,,2015-06-30,2015,NA,NA,0,0
472,24,2015-06-30,97,LA,063015BL02,29.2204,-92.3979,3.4,9.6,1049,29.2,29.1,29,22.1,25.1,32,6.2,6.8,5.8,29.2303,-92.3947,1030,1146,9,29.2148,-92.4012,1045,1325,10,61,"BL, BG, OX, SX, TC, SE",15,NA,NA,,- Mainline snapped after retrieving hook 57 (12:56) and began retrieving from other end (12:59)..- 77 total hooks retrieved and 23 missing,2015-06-30,2015,NA,NA,0,0
473,24,2015-06-30,97,LA,063015BL03,29.3062,-92.4258,6.4,8,1412,29.5,29.3,28.4,23.1,25,33.4,6.5,8,2.6,29.3172,-92.4256,1353,1508,8,29.2994,-92.4267,1408,1612,8,60,"BL, BG, OX, SX, TC, SE",15,NA,NA,,,2015-06-30,2015,NA,NA,0,0
474,24,2015-07-01,97,LA,070115BL01,29.1332,-91.5629,0.9,6.8,820,28.3,28.9,28,23.4,31.6,30.8,5.6,5.4,6.9,29.1408,-91.5652,800,917,6.5,29.1252,-91.5611,817,1042,7.1,60,"BL, BG, OX, SX, TC, SE",15,NA,NA,,- Mainline broke after retrieving hook 81 (10:21) and we began retrieving from other end (10:29),2015-07-01,2015,0,1,0,1
475,24,2015-07-01,97,LA,070115BL02,29.1863,-91.5978,0.8,6.8,1128,28.5,29.2,28.9,28.1,30.1,31.9,5.5,5.6,5,29.1938,-91.5989,1109,1224,7,29.1798,-91.5976,1124,1348,7,60,"BL, BG, OX, SX, TC, SE",15,NA,NA,,"- Due to multiple rigs and heavy boat traffic, line was set 0.5 nm from original site.._ Line snapped after hook 68 was retrieved (13:20) and retrieved from the other end (13:29)..- Missing three gangions after retrieval was complete",2015-07-01,2015,0,1,0,1
476,24,2015-07-01,97,LA,070115BL03,29.2651,-91.6993,0.6,4.9,1434,28.9,29,28.8,31.2,32.6,33.1,5.2,5.1,4.4,29.2749,-91.6983,1417,1530,4.4,29.2587,-91.6994,1430,1621,5,60,"BL, BG, OX, SX, TC, SE",15,NA,NA,,,2015-07-01,2015,NA,NA,0,0
477,24,2015-07-02,97,LA,070215BL01,29.4023,-91.9544,0.3,2.2,655,28.7,29.1,29,32.2,32.3,32.4,4.9,5.9,5.9,29.4103,-91.9524,634,753,2,29.3963,-91.9579,651,842,2,62,"BL, BG, OX, SX, TC, SE",15,NA,NA,,,2015-07-02,2015,NA,NA,0,0
478,24,2015-07-02,97,LA,070215BL02,29.4207,-92.0018,0.3,2.5,942,29.3,NA,29.3,33.5,NA,33.7,6.1,NA,6.1,29.428,-91.9953,905,1034,2,29.4158,-91.0075,935,1134,3,59,"BL, BG, OX, SX, TC, SE",15,NA,NA,,Mainline hung on prop while setting last highflyer therefore two gangions were removed to allow space for last weight and highflyer,2015-07-02,2015,NA,NA,0,0
479,24,2015-07-07,97,LA,070715BL01,29.6709,-93.7115,1.5,7.7,847,29,29.2,29.1,30.4,30.7,31.2,4.9,6,5.7,29.6786,-93.7123,823,943,8,29.663,-93.7113,843,1032,8,60,"BL, BG, SX, OX, TC, SE",15,NA,NA,,-  Two hooks (50 and 100) not deployed,2015-07-07,2015,NA,NA,0,0
480,24,2015-07-07,97,LA,070715BL02,29.6718,-93.3819,0.6,8.5,1213,29.1,29.2,29.1,29.2,29.6,29.9,5.7,6.1,6.2,29.6818,-93.3835,1143,1309,8,29.6639,-93.3798,1209,1430,10,60,"BL, BG, OX, SX, TC, SE",15,NA,NA,,- Mainline cut after hook 86 and retrieved from the other end.  Hooks 87-88 were lost,2015-07-07,2015,NA,NA,0,0
481,24,2015-07-08,97,LA,070815BL01,29.527,-92.4516,0.2,1.7,1045,29.6,NA,29.9,8.6,NA,8.9,5.8,NA,7.8,29.5356,-92.4528,1023,1142,1,29.5197,-92.4509,1042,1233,2,60,"BL, BG, OX, SX, TC, SE",15,NA,NA,,- Line parted at hook 37 and retrieved from other end,2015-07-08,2015,NA,NA,0,0
482,24,2015-07-08,97,LA,070815BL02,29.4843,-92.3898,0.2,2.6,1324,30.2,30.2,30,6,6.1,16.1,6.5,7,5.6,29.49,-92.3954,1258,1420,2,29.4795,-92.3858,1320,1520,3,60,"BL, BG, OX, SX, TC, SE",15,NA,NA,,"- Hydraulics went out at beginning of retrieval, first hook in at 1440",2015-07-08,2015,NA,NA,0,0
483,24,2015-07-08,97,LA,070815BL03,29.4558,-92.2628,0.2,4.3,1620,30.9,30.2,29.8,4.5,11,23.8,6.7,6.2,6.6,29.4585,-92.2709,1555,1717,4,29.4531,-92.2556,1617,1807,4,60,"BL, BG, OX, SX, TC, SE",15,NA,NA,,,2015-07-08,2015,NA,NA,0,0
484,24,2015-07-09,97,LA,070915BL01,29.689,-93.2261,1,8.2,651,29.4,29.7,29.7,17.8,24.6,28.6,6.4,5.5,4.1,29.6992,-93.2209,625,746,8,29.6807,-93.227,646,840,8,60,"BL, BG, OX, SX, TC, SE",15,NA,NA,,,2015-07-09,2015,NA,NA,0,0
485,24,2015-07-09,97,LA,070915BL02,29.6721,-93.1511,1.2,8.7,939,29.5,29.7,29.5,23.5,29.3,29.6,7.1,6.6,5.6,29.6814,-93.1424,911,1034,8.1,29.6626,-93.1538,934,1155,8.9,60,"BL, BG, OX, SX, TC, SE",15,NA,NA,,,2015-07-09,2015,0,4,0,4
486,24,2015-08-10,97,LA,081015BL01,28.9802,-89.3212,0.8,6.9,1216,31,29.6,29.7,8.4,17.8,13.4,10.3,11.6,23.6,28.9887,-89.3138,1154,1313,6.2,28.9734,-89.3279,1211,1426,7.2,62,"BL, BG, OX, SX, TC, SE",15,NA,NA,,Gulf States Station:  16..Line snapped after hook 14 was retreived at 1322 and retrieved from other end at 1328.  Lost a total of 20 gangions,2015-08-10,2015,NA,NA,0,0
487,24,2015-08-10,97,LA,081015BL02,29.0307,-89.406,0.5,2.4,1539,32,31.2,30.6,2.4,5.4,22.2,5.8,6,1,29.0229,-89.4129,1518,1636,3.4,29.034300000000002,-89.3999,1536,1706,1.8,60,"BL, BG, OX, SX, TC, SE",15,NA,NA,,Gulf States Station:  17,2015-08-10,2015,NA,NA,0,0
488,24,2015-08-13,97,LA,081315BL01,29.02,-90.4692,2.4,7.8,812,31.1,31.8,30.2,25.1,28.3,32,6.8,6.7,5.6,29.0159,-90.4838,751,907,8.4,29.022,-90.4616,807,933,7.5,60,"BL, BG, OX, SX, TC, SE",15,NA,NA,,Gulf States Station:  19,2015-08-13,2015,NA,NA,0,0
489,24,2015-08-13,97,LA,081315BL02,28.9986,-90.4715,1.8,10.2,1005,31.4,31.3,28.6,22.4,30.1,35.6,8.1,4.7,0.2,29.0074,-90.4688,941,1100,9.2,28.9926,-90.475,1000,1138,10.8,60,"BL, BG, OX, SX, TC, SE",15,NA,NA,,Gulf States Station:  18,2015-08-13,2015,NA,NA,0,0
490,24,2015-08-31,97,LA,083115BL01,28.9299,-90.8997,3.4,9.2,941,29.4,29.8,29.8,22,22.2,31.1,7.2,8.5,0.2,28.9398,-90.9004,918,1035,9.2,28.8893,-90.898,935,1059,8.6,60,"BL, BG, OX, SX, TC, SE",15,NA,NA,,Gulf States #:  21,2015-08-31,2015,NA,NA,0,0
491,24,2015-08-31,97,LA,083115BL02,28.8803,-90.9095,2.4,7.1,1131,29.7,29.7,30.1,21.8,24.4,31.2,7.7,5.7,2.7,28.8882,-90.9068,1112,1225,6.6,28.8744,-90.9062,1125,1319,8.1,60,"BL, BG, OX, SX, TC, SE",15,NA,NA,,Gulf States #:  20,2015-08-31,2015,NA,NA,0,0
492,24,2015-08-31,97,LA,083115BL03,28.9253,-91.2454,4.3,6,1441,30,29.8,29.8,24.8,25.2,25.5,7.7,7.7,8.2,28.928,-91.2527,1422,1537,6,28.9224,-91.239,1437,1612,6,60,"BL, BG, SX, OX, TC, SE",15,NA,NA,,Gulf States #:  34,2015-08-31,2015,0,2,0,2
493,24,2015-08-31,97,LA,083115BL04,29.0176,-91.5005,7.3,9.2,1729,29.3,30.5,30.2,27.5,29.7,30.3,7.2,8.8,6.9,29.0124,-91.5103,1710,1825,9.7,29.0201,-91.4947,1725,1859,9.5,60,"BL, BG, OX, SX, TC, SE",15,NA,NA,,Gulf States #:  22,2015-08-31,2015,0,5,0,5
494,24,2015-09-01,97,LA,090115BL01,29.172,-92.002,3.7,7.5,641,29.1,29.5,29.5,28.1,28.5,28.5,6.2,7.6,7.1,29.163,-91.9957,618,738,8.1,29.1787,-92.0069,637,851,7.5,61,"BL, BG, OX, SX, TC, SE",15,NA,NA,,Gulf States #:  24,2015-09-01,2015,NA,NA,0,0
495,24,2015-09-01,97,LA,090115BL02,29.2908,-92.4146,2.1,7.5,1056,29.3,29.3,29.8,26.1,26.2,28.6,7,7.4,5.6,29.296,-92.4226,1036,1154,7.9,29.2885,-92.41,1054,1329,7.4,60,"BL, BG, OX, SX, TC, SE",15,NA,NA,,Gulf States #:  36..- Stopped retrieving after hook 4 at 1201 due to thunderstorms.  Began retrieving at 1212...- Stopped retrieving after hook 26 at 1230 due to lightning.  Began retrieving at 1255.,2015-09-01,2015,NA,NA,0,0
496,24,2015-09-29,97,LA,092915BL01,29.5065,-92.4492,0.5,2.8,756,25.7,25.8,25.7,15.7,15.8,15.8,5.9,5.8,6.2,29.5028,-92.4586,726,847,3.3,29.5091,-92.4411,747,921,2.6,60,"BL, BG, OX, SX, TC, SE",15,NA,NA,,Gulf Sates Station: 37,2015-09-29,2015,NA,NA,0,0
497,24,2015-09-29,97,LA,092915BL02,29.5328,-92.6434,0.8,8.6,1026,26.1,26.4,27,17.7,22.6,25.1,6.7,5.8,4.9,29.5273,-92.647,1005,1123,9.1,29.5374,-92.6387,1023,1202,8,60,"BL, BG, OX, SX, TC, SE",15,NA,NA,,Gulf States Station: 39,2015-09-29,2015,NA,NA,0,0
498,24,2015-09-29,97,LA,092915BL03,29.7249,-93.2852,1.2,6.6,1433,27.8,27.4,27.3,23.2,23.5,23.4,6.7,5.7,5.6,29.7232,-93.2915,1413,1530,6.6,29.728,-93.2782,1430,1624,6.7,60,"BL, BG, OX, SX, TC, SE",15,NA,NA,,Gulf States Station: 44,2015-09-29,2015,NA,NA,0,0
499,24,2015-09-29,97,LA,092915BL04,29.6815,-93.3798,1.2,8.4,1710,28.1,27.4,27.3,24,25.6,25.9,6.9,6.1,6,29.6774,-93.3851,1650,1807,8.8,29.6843,-93.3737,1707,1839,8.4,60,"BL, BG, OX, SX, TC, SE",15,NA,NA,,Gulf States Station: 45,2015-09-29,2015,NA,NA,0,0
500,24,2015-09-30,97,LA,093015BL01,29.6668,-93.6933,1.5,8.4,811,27,26.6,27.4,22.6,24.6,25.4,5.6,5.5,6.4,29.6621,-93.6975,750,907,8.7,29.6721,-93.6895,807,952,8.1,60,"BL, BG, OX, SX, TC, SE",15,NA,NA,,Gulf States Station 46,2015-09-30,2015,NA,NA,0,0
501,24,2015-09-30,97,LA,093015BL02,29.4261,-92.3028,1.1,6.7,1432,27.3,26.9,27,21.6,21.5,25.5,7,7.3,6.8,29.4232,-92.3105,1411,1529,7.1,29.4289,-92.2959,1429,1559,6.8,60,"BL, BG, OX, SX, TC, SE",15,NA,NA,,Gulf States station: 41..CTD malfunctioned.  CTD traveled to bottom but only registered 3 m,2015-09-30,2015,0,2,0,2
502,24,2015-10-01,97,LA,100115BL01,29.457,-92.1636,0.9,2.9,953,25.8,26,26.8,19.1,19.5,25.2,6.3,6.5,5.1,29.4508,-92.1681,927,1043,3.2,29.4607,-92.1606,943,1125,2.7,60,"BL, BG, OX, SX, TC, SE",15,NA,NA,,Gulf States #:  42,2015-10-01,2015,NA,NA,0,0
503,24,2015-10-01,97,LA,100115BL02,29.3481,-91.9312,0.6,3.8,1259,24.8,26.5,27.1,16,21.6,27.5,7.5,7.4,5.4,29.3416,-91.925,1235,1352,3.7,29.3533,-91.9345,1252,1447,3.3,60,"BL, BG, OX, SX, TC, SE",15,NA,NA,,Gulf States #:  26,2015-10-01,2015,NA,NA,0,0
504,24,2015-10-05,97,LA,100515BL01,29.1177,-91.3411,1.5,5.5,1010,23.1,23.1,23.6,25.7,26.9,28.4,7.1,6.8,6.4,29.113,-91.3393,947,1105,5.5,29.1264,-91.3443,1005,1144,5.4,60,"BL, BG, OX, SX, TC, SE",15,NA,NA,,Gulf States Station 32,2015-10-05,2015,NA,NA,0,0
505,24,2015-10-05,97,LA,100515BL02,29.2098,-91.3245,0.8,2.5,1225,22.2,23.6,24.9,16.6,24.1,27.8,6.6,5.6,4.5,29.2055,-91.3215,1205,1320,2.6,29.2156,-91.3282,1220,1359,2.4,60,"BL, BG, OX, SX, TC, SE",15,NA,NA,,Gulf States Station 31,2015-10-05,2015,NA,NA,0,0
506,24,2015-10-05,97,LA,100515BL03,29.2226,-91.4545,0.8,2.5,1451,22.4,22.5,24.7,13.2,15.6,26.6,7,6.8,4.2,29.2197,-91.446,1429,1545,2.6,29.2253,-91.4614,1445,1627,2.5,60,"BL, BG, OX, SX, TC, SE",15,NA,NA,,Gulf States #:  28,2015-10-05,2015,NA,NA,0,0
507,24,2015-10-06,97,LA,100615BL01,29.1441,-91.6545,1.5,5,916,22.5,22.8,23.2,18.1,20.8,24.6,7.1,6.6,5.8,29.1376,-91.6474,856,1012,5,29.1499,-91.6602,912,1038,4.8,60,"BL, BG, OX, SX, TC, SE",15,NA,NA,,Gulf States Station 23,2015-10-06,2015,NA,NA,0,0
508,24,2015-10-06,97,LA,100615BL02,29.1961,-91.7034,2.7,6.3,1112,23,23.3,23.6,21.4,25.9,26.9,7.6,6.3,6,29.191,-91.6984,1054,1209,6.3,29.2013,-91.7075,1109,1241,6.1,60,"BL, BG, OX, SX, TC, SE",15,NA,NA,,Gulf States Station 27,2015-10-06,2015,NA,NA,0,0
509,24,2015-10-06,97,LA,100615BL03,29.2851,-91.7433,1.1,4.8,1327,23.8,23.7,23.9,23.9,25.2,26.6,6.8,6.4,6.6,29.2796,-91.7388,1307,1422,4.9,29.2917,-91.7462,1322,1451,4.5,60,"BL, BG, OX, SX, TC, SE",15,NA,NA,,Gulf States #:  33,2015-10-06,2015,NA,NA,0,0
510,24,2015-10-06,97,LA,100615BL04,29.3111,-91.844,1.2,5.1,1530,23.9,23.4,23.9,21.8,22,28.6,7.7,7.3,5.9,29.3119,-91.8356,1514,1626,4.9,29.3102,-91.8518,1526,1703,5.1,60,"BL, BG, OX, SX, TC, SE",15,NA,NA,,Gulf States #:  30,2015-10-06,2015,NA,NA,0,0
511,24,2015-10-07,97,LA,100715BL01,29.2885,-91.9583,4.6,6.9,809,23.7,23.8,24.8,24.4,25,29.1,7,7.1,6.1,29.2828,-91.9536,749,904,6.9,29.2913,-91.9649,804,946,6.3,60,"BL, BG, OX, SX, TC, SE",15,NA,NA,,Gulf States #:  29,2015-10-07,2015,NA,NA,0,0
512,24,2015-10-07,97,LA,100715BL02,29.333,-92.0877,4.9,5.1,1028,23.8,23.6,23.7,25.6,27,29.2,6.7,6.7,8,29.3266,-92.0819,1009,1123,5.3,29.3384,-92.0924,1023,1152,4.7,60,"BL, BG, OX, SX, TC, SE",15,NA,NA,,Gulf States #:  40,2015-10-07,2015,NA,NA,0,0
513,25,2016-05-03,93,LA,050316BL01,29.223,-91.5692,0.8,5.1,758,23,23.1,23.7,18.2,18.4,22,6.4,6.4,6.8,29.2148,-91.567,722,853,5.5,29.2318,-91.5702,753,939,5.4,60,"BL, BG, OX, SX, TC, SE",15,NA,NA,,Gulf State #: 23..hook #50 wasn't deployed,2016-05-03,2016,NA,NA,0,0
514,25,2016-05-03,93,LA,050316BL02,29.2847,-91.5067,0.6,3.9,1117,22.4,22.5,23.3,7.1,7.8,17.4,6.7,6.3,6.8,29.2756,-91.5086,1043,1210,4,29.29,-91.5048,1105,1302,3.8,65,"BL, BG, OX, SX, TC, SE",15,NA,NA,,Gulf States #: 25,2016-05-03,2016,NA,NA,0,0
515,25,2016-05-03,93,LA,050316BL03,29.2759,-91.694,0.9,6.1,1455,24,23.7,23.7,11.7,14.2,19.6,6.7,7.2,6.7,29.2684,-91.6955,1427,1547,6.4,29.2848,-91.6948,1447,1629,5.6,60,"BL, BG, OX, SX, TC, SE",15,NA,NA,,Gulf States #: 27,2016-05-03,2016,NA,NA,0,0
516,25,2016-05-04,93,LA,050416BL01,29.4826,-92.0435,0.4,3.6,659,22.4,22.6,23.8,9,10.3,20.4,6.6,6.8,6.1,29.4732,-92.045,626,752,3.7,29.4924,-92.0439,650,858,3.7,62,"BL, BG, OX, SX, TC, SE",15,NA,NA,,Gulf States #: 42,2016-05-04,2016,NA,NA,0,0
517,25,2016-05-04,93,LA,050416BL02,29.514,-92.1868,0.6,3.7,1040,22.8,23.4,NA,12.3,17.3,NA,6.4,6.6,NA,29.5064,-92.1888,1012,1133,3.9,29.5241,-92.1908,1030,1229,4.3,63,"BL, BG, OX, SX, SE, TC",15,NA,NA,,Gulf States #: 37..- Due to shallow depths  CTD did not make it to bottom meter,2016-05-04,2016,NA,NA,0,0
518,25,2016-05-04,93,LA,050416BL03,29.5063,-92.3991,0.3,3.3,1439,24,23.8,NA,23.7,23.6,NA,5.2,5.2,NA,29.5038,-92.3911,1409,1530,3.3,29.5129,-92.4076,1429,1611,3.2,61,"BL, BG, OX, SX, SE, TC",15,NA,NA,,Gulf States #: 44..- Due to shallow depths  CTD did not make it to bottom meter,2016-05-04,2016,0,1,0,1
519,25,2016-05-05,93,LA,050516BL01,29.2857,-92.3946,1.4,8.3,714,23.7,23.9,23.9,23.3,24.1,24.5,6.1,7.3,6.6,29.28,-92.3924,645,806,8.2,29.2943,-92.4036,706,944,8.7,60,"BL, BG, SX, TC, SE, OX",15,NA,NA,"A, B, M",Gulf States #: 41..- Line cut after hook 32 was retrieved at 832..- Began retrieving from other high flyer at 850..- Hooks 33-39 in mono cluster due to damaged line  Hook data was not taken for hooks 33-39,2016-05-05,2016,0,6,0,6
520,25,2016-05-05,93,LA,050516BL02,29.5418,-92.5979,0.9,8.3,1253,24.4,24,23.8,26.6,28.5,30.6,5.3,5.6,5.1,29.5312,-92.5977,1225,1348,9.2,29.5504,-92.5953,1248,1452,7.4,60,"BL, BG, OX, SX, TC, SE",15,NA,NA,"A, B",Gulf States #: 40..-Line cut after hook 93 was retrieved at 1440  retrieved from other end at 1448,2016-05-05,2016,0,10,0,10
521,25,2016-05-12,97,LA,051216BL01,28.8859,-90.7581,4.9,8.5,0,24.8,24.9,24.6,26.4,27.5,29.1,7.4,7.8,7.5,28.8889,-90.7468,652,818,8.4,28.8836,-90.7687,712,851,7.9,66,"BL, BG, OX, SX, TC, SE",15,NA,NA,,Gulf States #: 19,2016-05-12,2016,0,1,0,1
522,25,2016-05-21,97,LA,052116BL01,29.0333,-91.311,2.4,5,914,26.1,26.5,26.9,24,24.8,25,6.5,6.4,8.2,29.0244,-91.3009,840,1009,4.6,29.0417,-91.3204,909,1055,5.2,60,"BL, BG, OX, SX, TC, SE",15,NA,NA,,Gulf States #: 31,2016-05-21,2016,0,26,0,26
523,25,2016-05-21,97,LA,052116BL02,29.0041,-91.2055,3,3.5,1154,26.3,26.9,26.9,22.4,22.8,23.2,6.2,7.2,7.6,29.9985,-91.192,1127,1250,4.4,29.0088,-91.2144,1150,1338,3.5,60,"BL, BG, OX, SX, TC, SE",15,NA,NA,,Gulf States #: 29,2016-05-21,2016,0,12,0,12
524,25,2016-05-21,97,LA,052116BL03,28.9068,-90.9816,2.7,5.2,1451,26.6,26.2,25.7,22.2,24.2,29.8,6.7,7.5,3.7,28.8894,-90.9788,1427,1545,4.7,28.8982,-90.9831,1445,1700,5.8,60,"BL, BG, OX, SX, TC, SE",15,NA,NA,,Gulf States #: 20,2016-05-21,2016,0,12,0,12
525,25,2016-05-21,97,LA,052116BL04,28.9778,-91.0666,2.1,7.3,1750,27.6,26.4,26,20.4,22.9,25.5,7.8,7.8,3.7,28.9892,-91.071,1728,1846,6.8,28.9703,-91.0656,1746,1920,7.6,60,"BL, BG, OX, SX, TC, SE",15,NA,NA,,Gulf States #: 34,2016-05-21,2016,0,13,0,13
526,25,2016-05-23,97,LA,052316BL01,28.9112,-89.4099,1.2,10.3,900,25.3,25.7,23.9,13,14.8,30.2,7,7.5,2.8,28.911,-89.4185,827,957,8.5,28.914,-89.4025,857,1110,11,60,"BL, BG, OX, SX, TC, SE",15,NA,NA,M,Gulf States #: 17..- Moved site 1 nm east of original site due to original site being in mouth of MS River..- Deployed line NE of site due to wind and current..- Depths reached 37 feet during deployment,2016-05-23,2016,NA,NA,0,0
527,25,2016-05-23,97,LA,052316BL02,29.171,-89.5848,0.9,10,1245,25.1,26,23,7.8,26,34,6.5,5.6,0.1,29.1711,-89.5991,1221,1341,10.1,29.1704,-89.5732,1241,1412,9.5,60,"BL, BG, OX, SX, TC, SE",15,NA,NA,,Gulf States #: 18,2016-05-23,2016,NA,NA,0,0
528,25,2016-06-08,97,LA,060816BL01,28.963,-89.3289,0.3,8,921,24.9,26.5,26.5,1.4,22.2,28.7,6.8,6.6,7,28.963,-89.3445,851,1016,3.6,28.9648,-89.3159,916,1227,13,60,"BL, BG, OX, SX, TC, SE",15,NA,NA,"A, B",Gulf States #: 18..Mainline broke after hook 91 was retrieved at 1200 - retrieved from other high flyer at 1211,2016-06-08,2016,NA,NA,0,0
529,25,2016-06-08,97,LA,060816BL02,29.2114,-89.9577,0.6,7.3,1514,29.7,29.6,27,20.2,20.5,27.9,10.8,13,2.6,29.2084,-89.9661,1453,1611,7.4,29.2125,-89.9506,1511,1713,7.3,60,"BL, BG, OX, SX, TC, SE",15,NA,NA,,Gulf States #: 17,2016-06-08,2016,NA,NA,0,0
530,25,2016-07-13,97,LA,071316BL01,28.8382,-91.145,1.8,6.3,1025,31.1,30.9,31,24,24,24.1,5.2,5.3,5.1,28.8511,-91.1375,1002,1121,6.1,28.8298,-91.1475,1021,1309,6.1,60,"BL, BG, OX, SX, TC, SE",15,NA,NA,"A, B, H",Gulf States # 25.. Line broke after hook 86 was retrieved at 1242 retrieved from second high flyer at 1249.. 12 hooks were lost during retrieval.. CTD batteries were low therefore did not record entire water column,2016-07-13,2016,0,1,0,1
531,25,2016-07-13,97,LA,071316BL02,28.8495,-91.2122,0.6,6.3,1415,31.4,31.4,31.1,23.4,25.4,25.4,6.1,6.2,6.2,28.8602,-91.2225,1346,1506,7,28.8424,-91.2037,1406,1831,6.7,60,"BL, BG, OX, SX, TC, SE",15,NA,NA,"M, F, Q",Gulf State # 23..Issues with winch occurred after hook 28 was retrieved at 15:30  began retrieving again at 16:50,2016-07-13,2016,0,1,0,1
532,25,2016-07-14,97,LA,071416BL01,29.5081,-92.1714,0.6,2.2,1510,31.4,NA,31.4,15.2,NA,15.5,6.7,NA,6.6,29.5163,-92.162,1447,1602,2.3,29.5039,-92.1793,1502,1703,2.1,60,"BL, BG, OX, SX, TC, SE",15,NA,NA,,Gulf State # 37..Water was shallow so CTD could not go down to 3 m,2016-07-14,2016,NA,NA,0,0
533,25,2016-07-15,97,LA,071516BL01,29.3996,-91.9468,0.6,2.4,742,30.2,NA,30.5,10.8,NA,11.6,6.7,NA,6.3,29.408,-91.9431,718,832,2.2,29.3925,-91.9525,732,952,2.5,60,"BL, BG, OX, SX, TC, SE",15,NA,NA,,Gulf State #24..Water too shallow for a mid reading,2016-07-15,2016,NA,NA,0,0
534,25,2016-07-15,97,LA,071516BL02,29.2666,-91.9203,0.9,6.9,1357,30.8,30.8,30.3,23.7,24.1,29.2,5.7,5.6,4.1,29.2643,-91.9121,1332,1445,6.8,29.2716,-91.9286,1345,1621,6.8,60,"BL, BG, OX, SX, TC, SE",15,NA,NA,"A, B",Gulf State # 27..Line broke and was retrieved from other end at 15:58..lost gangions 78 and 79,2016-07-15,2016,NA,NA,0,0
535,25,2016-07-18,97,LA,071816BL01,29.5498,-92.603,1.2,8,1207,30.6,30.5,30.6,17.2,20.8,25.7,6.1,5.9,5.2,29.5601,-92.601,1147,1253,5.1,29.5421,-92.6045,1202,1333,7.1,11,"BL, BG, OX, SX, TC, SE",15,NA,NA,,Gulf State # 42,2016-07-18,2016,0,2,0,2
536,25,2016-07-18,97,LA,071816BL02,29.5695,-92.6888,1.2,6.1,1414,30.7,30.5,30.6,17.2,20.9,25.6,6.7,5.8,5.3,29.5789,-92.6804,1353,1509,4.8,29.5617,-92.6948,1409,1550,7.1,60,"BL, BG, OX, SX, TC, SE",15,NA,NA,"A, B",Gulf States station # 39..Line snapped after hook 62 was retrieved at 15:29  retrieved from other end at 15:32..Line cut due to passing shrimp boat,2016-07-18,2016,0,3,0,3
537,25,2016-07-18,97,LA,071816BL03,29.6644,-92.9382,1.4,5.6,1650,32.1,30.6,30.6,22.2,23.6,24.7,7.4,6.8,6.4,29.6692,-92.925,1630,1745,5,29.6608,-92.9469,1645,1827,6.2,60,"BL, BG, OX, SX, TC, SE",15,NA,NA,,Gulf states station #  44,2016-07-18,2016,0,1,0,1
538,25,2016-07-19,97,LA,071916BL01,29.6824,-93.6348,2.9,8.2,653,30.2,30.7,30.7,25.7,27,27.4,5.6,6.2,6.1,29.6946,-93.6383,630,748,7.6,29.6728,-93.6302,648,832,8.8,60,"BL, BG, OX, SX, TC, SE",15,NA,NA,,Gulf States station # 48,2016-07-19,2016,0,1,0,1
539,25,2016-07-19,97,LA,071916BL02,29.6609,-93.3905,4.3,9.5,943,30.4,30.7,30.8,24.5,25,26.3,5.4,6,4.9,29.6686,-93.3986,922,1059,9,29.6538,-93.3837,938,1131,8.3,81,"BL, BG, OX, SX, TC, SE",15,NA,NA,"F, K",Gulf States station # 45..Line soaked longer than one hour due to lightning in area,2016-07-19,2016,NA,NA,0,0
540,25,2016-07-19,97,LA,071916BL03,29.7319,-93.2788,1.1,6.1,1231,30.4,30.7,30.7,24.4,24.8,25,5.9,5.6,5.6,29.7442,-93.2809,1208,1324,5.3,29.7219,-93.2768,1224,1507,6.8,60,"BL, BG, OX, SX, TC, SE",15,NA,NA,"A, K",Gulf States station # 46..Due to lightning in area line was cut and added high flyer after retrieving hook 51 (1410) began retrieving again at 1434,2016-07-19,2016,0,1,0,1
541,25,2016-07-19,97,LA,071916BL04,29.7123,-93.1834,1.1,7,1359,30.5,30.5,30.7,21.9,22.7,23.4,6.2,6,5.7,29.7163,-93.194,1536,1653,7,29.7087,-93.175,1553,1732,7.2,60,"BL, BG, OX, SX, TC, SE",15,NA,NA,,Gulf States station # 47,2016-07-19,2016,NA,NA,0,0
542,25,2016-07-20,97,LA,072016BL01,29.1947,-92.262200000000007,2.7,3.7,727,29.8,30.4,30.7,22.6,23.3,23.6,5.5,5.3,6.1,29.2043,-92.2649,709,823,3.4,29.1866,-92.2599,723,909,4.1,60,"BL, BG, OX, SX, TC, SE",15,NA,NA,,- Gulf States station # 38,2016-07-20,2016,0,1,0,1
543,25,2016-07-20,97,LA,072016BL02,29.3157,-92.2984,2.1,6,954,30.2,30.6,30.8,23.1,23.9,24.5,6,5.7,6.5,29.3257,-92.304,935,1051,6.4,29.3084,-92.2941,951,1128,5.7,60,"BL, BG, OX, SX, TC, SE",15,NA,NA,,Gulf States station # 40,2016-07-20,2016,NA,NA,0,0
544,25,2016-07-21,97,LA,072116BL01,29.1461,-92.1255,4,11,822,30.7,30.7,29.8,27.4,27.6,30.8,6.4,6.4,2.5,29.1587,-92.1271,758,915,9.8,29.1364,-92.1236,815,1006,11.9,60,"BL, BG, OX, SX, TC, SE",15,NA,NA,"A, B",Gulf States station # 41..Line snapped after hook 96 was retrieved (955) retrieved from other high flyer at (1000),2016-07-21,2016,NA,NA,0,0
545,25,2016-07-21,97,LA,072116BL02,29.3794,-92.0171,0.9,4.2,1134,31.7,31.2,30.7,10.4,12.3,20,11,11.1,1.7,29.3678,-92.0129,1115,1232,4.4,29.3897,-92.0203,1130,1345,3.8,62,"BL, BG, OX, SX, TC, SE",15,NA,NA,,Gulf States station # 43,2016-07-21,2016,NA,NA,0,0
546,25,2016-07-25,97,LA,072516BL01,29.2448,-91.7097,0.8,5.4,1343,31.5,31.5,31.6,8,20.4,23.4,10.9,3.6,2.9,29.2426,-91.6971,1321,1633,5.1,29.2468,-91.721,1337,1735,5.5,256,"BL, BG, OX, SX, TC, SE",15,NA,NA,"F, K",Gulf States station # 32..Site was retrieved after hour soak time due to severe lightning and thunderstorms in area,2016-07-25,2016,0,3,0,3
547,25,2016-07-29,97,LA,072916BL01,29.0482,-91.6285,1.1,7,1228,31.2,30.2,29.7,20.9,21.8,29.4,6.4,6.2,2.4,29.0606,-91.6357,1206,1322,7.1,29.0386,-91.6234,1222,1416,6.7,60,"BL, BG, OX, SX, TC, SE",15,NA,NA,,Gulf States station # 31,2016-07-29,2016,0,2,0,2
548,25,2016-07-29,97,LA,072916BL02,29.0988,-91.4941,1.1,6.8,1527,31.9,30.6,30.3,17,18.5,26.6,10,8.7,1.2,29.1107,-91.4915,1506,1620,6.8,29.0879,-91.4812,1520,1655,6.8,60,"BL, BG, OX, SX, TC, SE",15,NA,NA,,Gulf States station # 30,2016-07-29,2016,NA,NA,0,0
549,25,2016-07-29,97,LA,072916BL03,29.1817,-91.31,0.5,2.9,1753,31.3,NA,30.1,7.6,NA,11.2,10.2,NA,6.7,29.1929,-91.3137,1727,1849,2.7,29.1732,-91.308,1749,1937,3.2,60,"BL, BG, OX, SX, TC, SE",15,NA,NA,,Gulf States station # 34..Only 2 m was able to be recorded for CTD due to shallow water depths,2016-07-29,2016,NA,NA,0,0
550,25,2016-07-30,97,LA,073016BL01,29.0585,-91.3791,0.9,6,638,30.2,30.4,30,18.9,19.6,25.7,6.6,6.1,1.6,29.0705,-91.3743,617,732,6,29.0489,-91.3827,632,819,5.6,60,"BL, BG, OX, SX, TC, SE",15,NA,NA,,Gulf States station # 35,2016-07-30,2016,0,1,0,1
551,25,2016-07-30,97,LA,073016BL02,28.973,-91.3591,4.3,7.3,902,30.3,30.4,29.8,25.2,26.1,29.3,5.4,5.7,3.6,28.9854,-91.3588,840,957,6.6,28.963,-91.3594,857,1031,7.7,60,"BL, BG, OX, SX, TC, SE",15,NA,NA,,Gulf States station # 29,2016-07-30,2016,0,1,0,1
552,25,2016-07-30,97,LA,073016BL03,28.988,-91.2257,0.9,4,1123,30.2,30.3,30.2,18.4,19,19.2,5.3,4.9,5,28.996,-91.2204,1107,1218,3.8,28.981,-91.2307,1118,1259,4.3,60,"BL, BG, OX, SX, TC, SE",15,NA,NA,,Gulf States staion # 33,2016-07-30,2016,NA,NA,0,0
553,25,2016-07-30,97,LA,073016BL04,29.0267,-91.0851,0.8,4.3,1350,30.7,30.5,29.9,13.3,13.5,26.6,6.3,6.1,0.1,29.0353,-91.0782,1333,1445,3.8,29.0212,-91.0917,1345,1512,4.6,60,"BL, BG, OX, SX, TC, SE",15,NA,NA,,Gulf States Station # 26,2016-07-30,2016,NA,NA,0,0
554,25,2016-07-30,97,LA,073016BL05,28.9896,-90.7819,0.6,7.3,1628,31.8,30,28.8,19.1,24.1,34.1,9.4,8.3,0,28.9991,-90.7766,1603,1714,6.6,28.9824,-90.7859,1614,1822,7.8,60,"BL, BG, OX, SX, TC, SE",15,NA,NA,,Gulf States staion # 19,2016-07-30,2016,NA,NA,0,0
555,25,2016-07-31,97,LA,073116BL01,28.9959,-90.6967,2.1,8.6,657,30.7,30.6,29.6,22.6,26.5,29.2,6,6,3.9,29.0025,-90.688,634,749,8.3,28.9887,-90.7055,649,847,9.3,60,"BL, BG, OX, SX, TC, SE",15,NA,NA,,Gulf States station # 20,2016-07-31,2016,NA,NA,0,0
556,25,2016-07-31,97,LA,073116BL02,29.026,-90.5145,2.4,8,950,30.3,30.2,28.6,23.1,24.8,31.9,6.4,2.8,0.4,29.0316,-90.5068,930,1044,7.5,29.0212,-90.5222,944,1157,8.7,60,"BL, BG, OX, SX, TC, SE",15,NA,NA,,Gulf States station # 22,2016-07-31,2016,NA,NA,0,0
557,25,2016-08-03,97,LA,080316BL01,29.1488,-89.5279,0.8,9.3,824,30.2,29.5,28,4.1,29.4,33.8,9.1,2.3,0.1,29.1448,-89.515,805,919,8.9,29.1515,-89.5382,819,948,9.3,60,"BL, BG, OX, SX, TC, SE",15,NA,NA,,Gulf States station # 18,2016-08-03,2016,NA,NA,0,0
558,25,2016-08-03,97,LA,080316BL02,29.2359,-89.699700000000007,0.6,9.6,1037,31.5,30.6,29.9,10.9,28,31.8,7.9,5.3,3.5,29.2309,-89.6912,1019,1132,9.4,29.2409,-89.709,1032,1207,9.4,60,"BL, BG, OX, SX, TC, SE",15,NA,NA,"A, B",Gulf States station # 17..Line cut after hook 5 retrieved at 1134  ..began retrieving from second high flyer at 1137,2016-08-03,2016,NA,NA,0,0
559,25,2016-08-22,97,LA,082216BL01,28.9957,-90.4315,1.2,10.5,741,30,28.7,26.4,23.6,29.1,31.9,5.8,4.2,1.1,29.0004,-90.4204,717,835,10.4,28.9913,-90.4434,735,1006,10.7,60,"BL, BG, OX, SX, TC, SE",15,NA,NA,,Gulf State station # 21,2016-08-22,2016,NA,NA,0,0
560,25,2016-08-22,97,LA,082216BL02,29.0499,-90.669,1.1,3.2,1118,31.3,30.6,29,22.5,22.5,24.9,8.2,8.5,2.5,29.0531,-90.6582,1058,1213,2.8,29.0453,-90.6836,1113,1315,3.5,60,"BL, BG, OX, SX, TC, SE",15,NA,NA,,Gulf States station # 20,2016-08-22,2016,NA,NA,0,0
561,25,2016-08-22,97,LA,082216BL03,28.9913,-90.8798,3.4,6.7,1414,31.4,30,29.6,25,27.5,29.4,7,6.3,3.7,28.9951,-90.8667,1356,1510,6.3,28.9876,-90.8923,1410,1556,7,60,"BL, BG, OX, SX, TC, SE",15,NA,NA,,Gulf States station # 22,2016-08-22,2016,NA,NA,0,0
562,25,2016-08-22,97,LA,082216BL04,28.9042,-90.8103,4,6,1654,29.4,30.4,30,17.6,26.2,30.4,9.4,8.3,7.8,28.892,-90.7995,1631,1746,6.5,28.9143,-90.8195,1646,1848,9.2,60,"BL, BG, OX, SX, TC, SE",15,NA,NA,,Gulf States station # 19,2016-08-22,2016,NA,NA,0,0
563,25,2016-08-23,97,LA,082316BL01,28.8222,-91.0529,4.9,8.5,635,30.3,29.8,29.6,24.9,32.1,31.7,6.7,6.1,5.4,28.834,-91.0456,613,729,8.5,28.8137,-91.0585,629,754,8.7,60,"BL, BG, OX, SX, TC, SE",15,NA,NA,,Gulf States station # 27,2016-08-23,2016,0,1,0,1
564,25,2016-08-23,97,LA,082316BL02,28.8137,-91.2318,5.8,9.5,845,30.4,30.3,29.4,29.3,30.1,33,6.3,6.5,6.2,28.8234,-91.2231,826,942,8.6,28.8037,-91.2321,842,1010,10.5,60,"BL, BG, OX, SX, TC, SE",15,NA,NA,,Gulf States station # 30,2016-08-23,2016,0,1,0,1
565,25,2016-08-23,97,LA,082316BL03,28.9183,-91.1608,3,6.9,1057,30.9,30.8,29.6,24.4,25.4,30.8,7.3,7.8,3.5,28.9275,-91.1587,1039,1153,7.2,28.909300000000002,-91.1631,1053,1224,6.6,60,"BL, BG, OX, SX, TC, SE",15,NA,NA,,Gulf States station # 24,2016-08-23,2016,NA,NA,0,0
566,25,2016-08-23,97,LA,082316BL04,28.9801,-91.0973,4.3,7,1303,31.3,30.6,29.5,25.8,26.8,29.1,7.4,8.2,5.3,28.9876,-91.0904,1245,1359,6.6,28.9734,-91.1034,1259,1454,7.2,60,"BL, BG, OX, SX, TC, SE",15,NA,NA,,Gulf States station # 32,2016-08-23,2016,NA,NA,0,0
567,25,2016-08-23,97,LA,082316BL05,28.9516,-91.2664,5.2,5.4,1543,32.2,31.1,31.3,25.9,26.2,30.3,6.1,6.9,2.6,28.9595,-91.2636,1524,1640,5.3,28.9434,-91.2689,1540,1731,5.6,60,"BL, BG, OX, SX, TC, SE",15,NA,NA,,Gulf States station # 25,2016-08-23,2016,NA,NA,0,0
568,25,2016-08-23,88,LA,082316BL06,29.619,-92.815,1,6,922,30.9,30.6,29.2,15.1,19.8,28.9,9.8,8,1.3,29.6242,-92.81,835,1010,5.3,29.6106,-92.8212,910,1119,6.8,60,"BL, BG, OX, SX, TC, SE",15,NA,NA,M,Gulf States station # 44..Interaction with pgy boat but no gear damage..stern gear set/bow gear retrieval,2016-08-23,2016,0,1,0,1
569,25,2016-08-23,88,LA,082316BL07,29.6449,-92.9703,2,8.4,1255,31.6,29.9,29.7,23.1,27.8,28.4,9.3,8,6.7,29.6499,-92.9647,1219,1345,7.8,29.6354,-92.9738,1245,1503,8.8,60,"BL, BG, OX, SX, TC, SE",15,NA,NA,,Gulf States station # 43..stern gear set/bow gear retrieval,2016-08-23,2016,0,1,0,1
570,25,2016-08-23,88,LA,082316BL08,29.5211,-92.5766,0.6,8.8,1654,32.2,30.4,29.6,18.2,26.7,30.5,11.2,6.3,3.2,29.5284,-92.5778,1626,1748,8.1,29.5128,-92.5749,1647,1911,8.8,61,"BL, BG, OX, SX, TC, SE",15,NA,NA,,Gulf States station # 41..stern gear set/bow gear retrieval,2016-08-23,2016,NA,NA,0,0
571,25,2016-08-24,97,LA,082416BL01,29.0287,-91.2329,3.4,3.6,643,30.9,31,31.8,26.2,26.2,27.3,6.9,6.5,8.6,29.0375,-91.2258,622,738,3.4,29.0212,-91.2389,638,811,3.6,60,"BL, BG, OX, SX, TC, SE",15,NA,NA,,Gulf States station # 26,2016-08-24,2016,NA,NA,0,0
572,25,2016-08-24,97,LA,082416BL02,29.1353,-91.3682,4.4,5.5,907,30.8,30.6,31,27.4,27.4,28.4,6,5.9,4.9,29.1301,-91.3769,848,1002,5.8,29.1398,-91.3603,902,1116,5.2,60,"BL, BG, OX, SX, TC, SE",15,NA,NA,,Gulf States station # 28,2016-08-24,2016,NA,NA,0,0
573,25,2016-08-24,97,LA,082416BL03,29.1327,-91.4946,1.1,6.4,1206,31.5,31,30.5,18.3,28,29.9,8,6.5,4.9,29.1224,-91.4968,1143,1302,6.6,29.1421,-91.4926,1202,1636,6.1,60,"BL, BG, OX, SX, TC, SE",15,NA,NA,"A, B, K",Gulf States station # 31..Line cut after hook 75 was retrieved due to lightning in area at 1425 and began retrieving again at 1540,2016-08-24,2016,NA,NA,0,0
574,25,2016-08-24,97,LA,082416BL04,29.1108,-91.6158,1.8,6.2,1709,31.1,31,31,24.5,28.4,31.1,7.5,7,7,29.1061,-91.6239,1652,1805,6.2,29.1148,-91.6079,1705,1855,6.4,60,"BL, BG, OX, SX, TC, SE",15,NA,NA,,Gulf States station # 36,2016-08-24,2016,NA,NA,0,0
575,25,2016-08-24,88,LA,082416BL05,29.6231,-93.7723,6.4,9.3,917,30,29.9,29.1,21.9,28,32.3,7.5,7.3,2,29.6241,-93.762200000000007,840,1007,9.6,29.6235,-93.7834,907,1106,9,60,"BL, BG, OX, SX, TC, SE",15,NA,NA,,Gulf States station # 46..stern gear set/bow gear retrieval,2016-08-24,2016,0,1,0,1
576,25,2016-08-24,88,LA,082416BL06,29.6837,-93.6798,1.5,7.6,1215,30.7,29.8,29.1,17.8,22.1,30.7,8.9,4.7,3.3,29.6845,-93.6729,1148,1305,7.8,29.6823,-93.6889,1205,1340,29,60,"BL, BG, OX, SX, TC, SE",15,NA,NA,,Gulf States station # 47..stern gear set/bow gear retrieval,2016-08-24,2016,NA,NA,0,0
577,25,2016-08-24,88,LA,082416BL07,29.7142,-93.5339,1.5,6.4,1451,31.5,30.4,28.9,18.5,19,30.3,11.1,9.8,0.3,29.7152,-93.5282,1424,1540,6.3,29.7123,-93.5432,1441,1606,6.6,59,"BL, BG, OX, SX, TC, SE",15,NA,NA,,Gulf States station # 45..stern gear set/bow gear retrieval,2016-08-24,2016,NA,NA,0,0
578,25,2016-08-25,97,LA,082516BL01,29.0049,-91.5865,6.2,11,711,30.8,31,29.5,31.5,31.7,32,6.4,7.6,8.1,29.0104,-91.597,650,806,10.2,29.0003,-91.577,706,832,11.4,60,"BL, BG, OX, SX, TC, SE",15,NA,NA,,Gulf States station # 23,2016-08-25,2016,0,1,0,1
579,25,2016-09-06,97,LA,090616BL01,29.0724,-91.8098,4.9,9.9,1624,30.7,30,29.9,27.8,29.2,29.8,5.6,6.8,6.7,29.0828,-91.8086,1602,1720,9.2,29.0632,-91.8108,1620,1814,10.6,60,"BL, BG, OX, SX, TC, SE",15,NA,NA,,Gulf States station # 34,2016-09-06,2016,NA,NA,0,0
580,25,2016-09-07,97,LA,090716BL01,29.3172,-91.5921,1.1,3.1,627,29.8,29.5,29.8,17.8,19.4,23,5.9,5.6,6.6,29.321,-91.5802,611,722,2.8,29.3138,-91.6014,622,832,3.1,60,"BL, BG, OX, SX, TC, SE",15,NA,NA,,Gulf States station # 33,2016-09-07,2016,NA,NA,0,0
581,25,2016-09-07,97,LA,090716BL02,29.2716,-91.8389,1.2,6.2,938,29.4,28.9,26.7,24.2,24.2,24.8,5.1,5,5.1,29.2697,-91.8504,919,1032,6.3,29.2731,-91.8285,932,1119,6.2,60,"BL, BG, OX, SX, TC, SE",15,NA,NA,,Gulf States station # 35,2016-09-07,2016,NA,NA,0,0
582,25,2016-09-07,97,LA,090716BL03,29.2032,-92.1826,2.4,4.8,1242,30.6,30.5,30,27.3,27.2,27.5,5.2,4.8,5.6,29.2015,-92.1933,1222,1338,4.4,29.2045,-92.1729,1238,1411,5.2,60,"BL, BG, OX, SX, TC, SE",15,NA,NA,,Gulf States station # 42,2016-09-07,2016,NA,NA,0,0
583,25,2016-09-07,97,LA,090716BL04,29.1669,-92.2858,5.2,8.4,1450,30.3,30,30.2,27.4,28.3,29.6,6,6.1,5.2,29.1677,-92.2963,1433,1546,8.3,29.1659,-92.2761,1446,1608,8.9,60,"BL, BG, OX, SX, TC, SE",15,NA,NA,,Gulf States station # 37,2016-09-07,2016,0,1,0,1
584,25,2016-09-07,97,LA,090716BL05,29.2388,-92.3469,4.3,6,1642,30.5,30.4,30.3,28.2,28.6,29,5.4,5.8,6.4,29.2446,-92.3551,1624,1738,6.4,29.234,-92.3402,1638,1809,5.8,60,"BL, BG, OX, SX, TC, SE",15,NA,NA,,Gulf States station # 40,2016-09-07,2016,NA,NA,0,0
585,25,2016-09-08,97,LA,090816BL01,29.5178,-92.4642,0.6,2.7,654,28.9,30,30.1,10.9,11.3,14.3,5.8,7.7,4.7,29.5278,-92.4662,638,749,2.3,29.5094,-92.4637,649,832,2.9,60,"BL, BG, OX, SX, TC, SE",15,NA,NA,,Gulf States station # 38,2016-09-08,2016,NA,NA,0,0
586,25,2016-09-08,97,LA,090816BL02,29.4745,-92.4097,1.1,4,910,29.6,30,29.6,11.1,14.4,25.5,7.8,7.5,4.8,29.4825,-92.4017,854,1005,3.2,29.4668,-92.4172,905,1041,6.7,60,"BL, BG, OX, SX, TC, SE",15,NA,NA,,Gulf States station #: 39,2016-09-08,2016,NA,NA,0,0
587,26,2017-04-25,97,LA,042517BL01,29.1612,-89.497,0.3,6.9,954,19.9,22.4,22.6,5.8,29.8,30,7.3,4.8,3.7,29.1591,-89.4833,932,1048,6.2,29.1647,-89.5092,948,1120,7.3,60,"BL, BG, OX, SX, TC, SE",15,NA,NA,,Gulf States station #: 18,2017-04-25,2017,0,2,0,2
588,26,2017-04-25,97,LA,042517BL02,29.2085,-89.6332,1.1,9.3,1215,22.4,22.4,22.8,27,32.5,35.2,6.6,4.2,3.8,29.2112,-89.6237,1155,1310,8.6,29.2051,-89.6436,1210,1357,9.6,60,"BL, BG, OX, SX, TC, SE",15,NA,NA,,Gulf States station #:17,2017-04-25,2017,0,2,0,2
589,26,2017-05-07,99,LA,050717BL01,29.735,-93.453,0.9,4.4,900,23.5,23.6,23.8,26.1,26.6,28.2,7.4,6.5,5.2,29.7376,-93.4571,836,952,4.4,29.7379,-93.468,852,1056,4.6,60,"BL, BG, OX, SX, TC, SE",15,NA,NA,,Gulf States staion #: 46,2017-05-07,2017,0,12,0,12
590,26,2017-05-07,99,LA,050717BL02,29.7159,-93.3027,0.8,7.1,1212,24.3,23.8,23.9,25.4,28.7,30.4,5.6,4.3,4.3,29.7144,-93.2969,1148,1307,7.2,29.7176,-93.3134,1207,1404,6.6,60,"BL, BG, OX, SX, TC, SE",15,NA,NA,,Gulf States station #: 48,2017-05-07,2017,0,15,0,15
591,26,2017-05-07,99,LA,050717BL03,29.6513,-93.0473,1.1,9.1,1535,25.6,23.8,23.9,24.5,29.9,31.9,10.1,5.6,4.6,29.6573,-93.0435,1508,1628,9.1,29.6439,-93.0534,1530,1703,9.1,58,"BL, BG, OX, SX, TC, SE",15,NA,NA,,Gulf State's station #: 45,2017-05-07,2017,0,24,0,24
592,26,2017-05-08,97,LA,050817BL01,29.0266,-90.4401,1.4,5.9,1143,24.1,23.7,23.9,24.8,30.7,33.9,7,0.5,0.1,29.0251,-90.4308,1125,1239,5.8,29.0292,-90.4484,1139,1414,5.8,60,"BL, BG, OX, SX, TC, SE",15,NA,NA,,Gulf States station #: 21,2017-05-08,2017,NA,NA,0,0
593,26,2017-05-08,97,LA,050817BL02,29.0313,-90.5001,1.2,6.9,1500,24.3,23.8,23.9,24.2,30,33.1,10.6,1.4,0.2,29.037,-90.5069,1437,1552,6.4,29.0243,-90.4929,1452,1643,7.4,60,"BL, BG, OX, SX, TC, SE",15,NA,NA,,Gulf States station #:22,2017-05-08,2017,NA,NA,0,0
594,26,2017-05-08,97,LA,050817BL03,29.0058,-90.6801,2.1,7.5,755,24.4,23.8,24,26.3,26.6,31.4,8.4,7.8,1.3,29.012,-90.6849,1733,1850,7,28.9988,-90.6761,1750,1950,8,60,"BL, BG, OX, SX, TC, SE",15,NA,NA,,Gulf States station #:19,2017-05-08,2017,0,2,0,2
595,26,2017-05-08,99,LA,050817BL04,29.507,-92.2158,0.6,3.3,826,23.8,23.8,24.3,18.6,19.4,20.7,9.2,8.7,8.3,29.5124,-92.2098,804,921,3.4,29.4981,-92.2219,820,1008,3.2,61,"BL, BG, OX, SX, TC, SE",15,NA,NA,,Gulf State's station #: 42,2017-05-08,2017,0,2,0,2
596,26,2017-05-08,99,LA,050817BL05,29.5204,-92.4555,0.6,2.5,1126,24.4,23.9,23.3,21.2,26.1,30,10.3,8.9,7.1,29.5263,-92.453,1058,1220,2.2,29.5107,-92.4562,1120,1300,2.8,60,"BL, BG, OX, SX, TC, SE",15,NA,NA,,Gulf State's station #: 44,2017-05-08,2017,0,9,0,9
597,26,2017-05-08,99,LA,050817BL06,29.5402,-92.5347,0.6,6,1359,25.8,25,24.2,28.3,30,30,8.6,8.3,6,29.5443,-92.5262,1333,1451,4.6,29.5355,-92.5447,1351,1608,6.4,60,"BL, BG, OX, SX, TC, SE",15,NA,NA,,Gulf States station #: 38,2017-05-08,2017,0,27,0,27
598,26,2017-05-08,99,LA,050817BL07,29.5507,-92.7022,1.5,8.6,1727,25.5,24.5,24.1,27.2,32.9,33.3,8.9,3.6,3.3,29.5562,-92.6963,1651,1813,7.9,29.5453,-92.7087,1715,1930,9.2,58,"BL, BG, OX, SX, TC, SE",15,NA,NA,,Gulf States station #: 40,2017-05-08,2017,0,33,0,33
599,26,2017-05-09,97,LA,050917BL01,28.983,-90.9776,1.8,7.4,650,23,23.1,22.9,26.7,26.8,28.1,7.1,6.8,3.6,28.9908,-90.9787,631,744,7,28.975,-90.971,644,854,7.7,60,"BL, BG, OX, SX, TC, SE",15,NA,NA,,Gulf States station #: 20,2017-05-09,2017,0,27,0,27
600,26,2017-05-09,97,LA,050917BL02,28.7765,-91.1398,2.9,10.2,1031,23.7,6.8,5.2,25.6,30.8,31.3,8.1,6.8,5.2,28.7848,-91.1393,1004,1118,9.6,28.7683,-91.1395,1018,1151,10.7,60,"BL, BG, OX, SX, TC, SE",15,NA,NA,,Gulf States station #: 34,2017-05-09,2017,0,7,0,7
601,26,2017-05-09,97,LA,050917BL03,28.9136,-91.2695,2.1,6.7,1256,24.2,23.8,23.9,26.4,29.6,29.7,7.7,7.7,7.6,28.9198,-91.2755,1237,1352,6.4,28.9075,-91.2647,1252,1435,6,60,"BL, BG, OX, SX, TC, SE",15,NA,NA,,Gulf States station #: 33,2017-05-09,2017,0,9,0,9
602,26,2017-05-09,97,LA,050917BL04,29.0436,-91.4048,3,5.4,1541,24.7,24.6,24.4,27.8,28.6,28.8,8.1,8.4,11.2,29.0509,-91.404,1519,1632,5.2,29.0363,-91.4047,1532,1726,5.8,60,"BL, BG, OX, SX, TC, SE",15,NA,NA,"A, B",Gulf States station #:29,2017-05-09,2017,0,3,0,3
603,26,2017-05-10,97,LA,051017BL01,29.1521,-91.2917,1.1,4.3,622,23.8,23.9,23.8,18.4,18.7,19.5,9.9,8.7,9.8,29.1595,-91.2919,604,719,4,29.1446,-91.291,617,802,4.3,62,"BL, BG, OX, SX, TC, SE",15,NA,NA,,Gulf States station #:30,2017-05-10,2017,NA,NA,0,0
604,26,2017-05-10,97,LA,051017BL02,29.1901,-91.4206,0.3,3.2,851,24,24.1,24.2,21,20.9,21.4,8.5,9.7,9.6,29.1978,-91.4201,834,947,3.2,29.1829,-91.4192,847,1025,3.6,60,"BL, BG, OX, SX, TC, SE",15,NA,NA,,Gulf State's station #: 25,2017-05-10,2017,0,1,0,1
605,26,2017-05-10,97,LA,051017BL03,29.2026,-91.4942,0.3,3.4,1104,23.9,24,23.9,19.2,19.3,19.5,8.2,9.2,8.7,29.2087,-91.4942,1046,1158,3.2,29.195,-91.4934,1058,1241,3.4,60,"BL, BG, OX, SX, TC, SE",15,NA,NA,,Gulf States station #:24,2017-05-10,2017,0,1,0,1
606,26,2017-05-10,97,LA,051017BL04,29.3417,-91.7115,0.3,3.4,1352,24.1,24.9,23.7,5.1,5.2,10.2,7.6,9.4,8.5,29.3485,-91.7112,1333,1446,3.6,29.3342,-91.7107,1346,1521,3.4,60,"BL, BG, OX, SX, TC, SE",15,NA,NA,,Gulf States station #: 32,2017-05-10,2017,NA,NA,0,0
607,26,2017-05-15,97,LA,051517BL01,29.3876,-92.1479,1.4,3.8,721,24.6,24.6,24.8,17,17.2,22.7,9,8,5.5,29.3976,-92.1505,639,815,4.1,29.3758,-92.1429,715,903,4.1,60,"BL, BG, OX, SX, TC, SE",15,NA,NA,,Gulf States station #: 41,2017-05-15,2017,0,8,0,8
608,26,2017-05-15,97,LA,051517BL02,29.3363,-92.3201,3.7,7,956,25.9,25.1,24.6,24.9,27.1,32,7.4,6.6,3.8,29.3441,-92.3181,940,1053,7.1,29.328,-92.3218,953,1150,6.9,60,"BL, BG, OX, SX, TC, SE",15,NA,NA,,Gulf States station #: 37,2017-05-15,2017,0,43,0,43
609,26,2017-05-15,97,LA,051517BL03,29.2579,-92.2329,2.1,5.7,1232,24.4,24.9,24.8,19.2,26,29,8.7,8,3.8,29.2649,-92.2298,1214,1326,6,29.2509,-92.2366,1226,1413,5.4,60,"BL, BG, OX, SX, TC, SE",15,NA,NA,,Gulf States staion #: 43,2017-05-15,2017,0,33,0,33
610,26,2017-05-15,97,LA,051517BL04,29.1812,-92.1801,1.5,8.1,1451,26.7,25.2,24.4,20.2,23.9,33.2,10.2,9.4,1.3,29.1858,-92.184,1432,1547,6.6,29.1752,-92.1746,1447,1631,9.4,60,"BL, BG, OX, SX, TC, SE",15,NA,NA,"A, B",Gulf States station #: 39..-Line was cut after hook 34 was retrieved.  Retrieved from other end (16:02),2017-05-15,2017,0,4,0,4
611,26,2017-05-15,97,LA,051517BL05,29.1446,-91.9062,0.9,8.1,1734,26.6,25,24.3,11.1,15.4,34,15,12.8,4.4,29.1458,-91.915,1718,1830,8.2,29.1435,-91.8968,1730,1909,8.1,60,"BL, BG, OX, SX, TC, SE",15,NA,NA,,Gulf States station #: 23,2017-05-15,2017,0,13,0,13
612,26,2017-05-16,97,LA,051617BL01,29.0689,-91.7438,1.8,6.9,632,25,24.3,24.3,21.2,27.5,31.8,8.9,5.3,3.4,29.073,-91.7514,612,728,7,29.0647,-91.7361,628,814,6.8,60,"BL, BG, OX, SX, TC, SE",15,NA,NA,,Gulf States station #:36,2017-05-16,2017,0,8,0,8
613,26,2017-05-16,97,LA,051617BL02,29.3232,-91.901,0.8,5.1,943,25.9,25.9,26.1,11.7,11.8,12.5,12,11.3,12.3,29.3292,-91.9063,922,1039,4.7,29.3161,-91.896,939,1119,5.6,60,"BL, BG, OX, SX, TC, SE",15,NA,NA,,Gulf States station #: 27,2017-05-16,2017,0,2,0,2
614,26,2017-05-24,97,LA,052417BL01,29.1837,-91.6987,0.8,6.3,814,25.4,25.5,26.2,18.7,18.9,25,6.4,6.5,6.4,29.1804,-91.6949,745,905,6.3,29.1892,-91.7059,805,1050,6.5,60,"BL, BG, OX, SX, TC, SE",15,NA,NA,"A, B",Gulf States station #: 28..Line cut after hook 94 was retrieved  retrieved from second high flyer..Incredibly windy with large swells..Strong current,2017-05-24,2017,0,4,0,4
615,26,2017-05-24,97,LA,052417BL02,29.211,-91.7976,0.6,5.1,1213,26,26,26.3,20.3,20.9,30.4,6.9,6.6,5.8,29.2119,-91.7891,1152,1309,5.3,29.2107,-91.8053,1208,1419,5.3,61,"BL, BG, OX, SX, TC, SE",15,NA,NA,,Gulf States station #: 35,2017-05-24,2017,0,4,0,4
616,26,2017-05-24,97,LA,052417BL03,29.3866,-91.9491,0.3,2.1,1723,26.3,NA,26.3,19.1,NA,19.1,6.2,NA,6.2,29.3868,-91.9427,1700,1818,2,29.3875,-91.9572,1718,1914,2.1,60,"BL, BG, OX, SX, TC, SE",15,NA,NA,,Gulf States station #:26,2017-05-24,2017,NA,NA,0,0
617,26,2017-06-08,99,LA,060817BL01,29.5366,-92.6864,1.2,10,728,26.2,26.7,26.6,25,28.3,31.7,5.7,5.5,4.8,29.5351,-92.6956,701,817,10.2,29.5387,-92.6773,717,927,9.6,60,"BL, BG, OX, SX, TC, SE",15,NA,NA,,Gulf States station #: 38,2017-06-08,2017,0,4,0,4
618,26,2017-06-08,99,LA,060817BL02,29.5115,-92.5718,0.9,9.6,1043,26.4,26.5,26.6,23.2,27.6,31.2,6.2,4.9,4.2,29.5102,-92.5769,1024,1139,9.7,29.5076,-92.5593,1039,1234,9.5,60,"BL, BG, OX, SX, TC, SE",15,NA,NA,,Gulf States station #: 44,2017-06-08,2017,0,10,0,10
619,26,2017-06-08,99,LA,060817BL03,29.4497,-92.4184,0.8,8.3,1334,27.3,26.5,26.7,14.2,22.8,30.7,8.4,4.3,4,29.4499,-92.4254,1313,1429,8.5,29.4494,-92.4082,1329,1536,8,60,"BL, BG, OX, SX, TC, SE",15,NA,NA,,Gulf States station # 40,2017-06-08,2017,0,15,0,15
620,26,2017-06-09,97,LA,060917BL01,28.9674,-89.1757,0.6,10.8,824,26.1,26.3,25.9,12.2,19,25.4,6.1,6,5.7,28.9766,-89.1765,800,914,5.3,28.9573,-89.1767,814,1010,16.8,60,"BL, BG, OX, SX, TC, SE",15,NA,NA,,Gulf States station #: 17,2017-06-09,2017,0,1,0,1
621,26,2017-06-09,97,LA,060917BL02,29.224,-89.6569,0.6,9,1247,28,26.6,25,10.6,18.8,29.3,12.7,4.6,2.2,29.2279,-89.6631,1225,1339,9,29.2191,-89.6474,1239,1415,9.1,60,"BL, BG, OX, SX, TC, SE",15,NA,NA,,Gulf States station #: 18,2017-06-09,2017,NA,NA,0,0
622,26,2017-06-09,99,LA,060917BL03,29.6492,-93.7618,1.5,9.4,827,26.7,27.1,26.6,20,20.8,28.3,8.8,9.5,3.1,29.6568,-93.7612,804,918,8.5,29.641,-93.7635,818,1010,9,60,"BL, BG, OX, SX, TC, SE",15,NA,NA,,Gulf States station #: 48,2017-06-09,2017,0,1,0,1
623,26,2017-06-09,99,LA,060917BL04,29.6811,-93.2352,1.5,9.4,1202,27,26.5,26.8,24.3,24.5,29.4,8.6,7.5,3,29.6859,-93.2287,1139,1255,9.2,29.6764,-93.2383,1155,1336,9.8,60,"BL, BG, OX, SX, TC, SE",15,NA,NA,,Gulf States station # 47,2017-06-09,2017,0,6,0,6
624,26,2017-06-14,97,LA,061417BL01,29.9991,-90.6184,1.2,9.3,811,27.3,27.4,28,16.3,16.4,17.8,6.4,7,6.5,29.0043,-90.6101,753,908,8.9,28.9936,-90.6262,808,1011,9.3,60,"BL, BG, OX, SX, TC, SE",15,NA,NA,"A, B",Gulf States station #: 21..Line cut after hook 47 was retrieved at 9:37  retrieved from other high flyer at 9:42,2017-06-14,2017,NA,NA,0,0
625,26,2017-06-14,97,LA,061417BL02,28.9864,-90.7757,0.9,8.3,1104,27.9,27.5,27.3,17,17.1,17.4,6.9,6.6,6.6,28.9938,-90.7732,1046,1200,7.6,28.9785,-90.7783,1100,1257,8.6,60,"BL, BG, OX, SX, TC, SE",15,NA,NA,,Gulf States station # 19,2017-06-14,2017,0,1,0,1
626,26,2017-06-14,97,LA,061417BL03,28.8711,-90.929,1.7,9,1346,28.3,27.5,27.2,19.3,21.6,25.8,7.8,6.8,6.7,28.8785,-90.9246,1330,1444,7.7,28.8641,-90.9327,1344,1718,9.4,60,"BL, BG, OX, SX, TC, SE",15,NA,NA,"A, B, H",Gulf States station #: 20..Line cut after hook 20 was retrieved at 14:58 retrieved from second high flyer at 15:03 Cluster of approximately 10 gangions from hook 23-34,2017-06-14,2017,NA,NA,0,0
627,26,2017-06-14,97,LA,061417BL04,28.9236,-90.972,2,4.4,1755,28.5,28.3,27.6,18,18.1,19.5,8,7.9,8.9,28.9298,-90.9759,1740,1852,5.5,28.9177,-90.9682,1752,1940,4.4,60,"BL, BG, OX, SX, TC, SE",15,NA,NA,,Gulf States station #: 22,2017-06-14,2017,0,9,0,9
628,26,2017-06-15,97,LA,061517BL01,29.0825,-91.4775,2.1,7.1,611,28.4,28.6,28.3,18.3,18.5,23.6,6.3,6.9,6,29.0881,-91.4753,554,706,7,29.075,-91.4706,606,822,7.1,60,"BL, BG, OX, SX, TC, SE",15,NA,NA,,Gulf States station #: 27,2017-06-15,2017,NA,NA,0,0
629,26,2017-06-15,97,LA,061517BL02,29.0534,-91.3785,2.6,5.9,903,28.5,28.6,28,17.9,18.4,22.1,7.3,6.6,7,29.0591,-91.3844,847,1000,5.9,29.0479,-91.3726,900,1039,5.6,60,"BL, BG, OX, SX, TC, SE",15,NA,NA,,Gulf States station #: 33,2017-06-15,2017,0,2,0,2
630,26,2017-06-15,97,LA,061517BL03,29.0804,-91.2888,1.4,5.1,1114,28.8,28.7,28.6,17.2,17.2,17.2,6.4,6.1,7.1,29.0803,-91.2982,1100,1210,5.3,29.0803,-91.2806,1110,1301,4.9,60,"BL, BG, OX, SX, TC, SE",15,NA,NA,,Gulf states station # 28,2017-06-15,2017,NA,NA,0,0
631,26,2017-06-15,97,LA,061517BL04,29.0092,-91.159,2.1,4.3,1347,29.2,28.8,28.4,20.1,20.1,20,6.6,6.5,7.5,29.0162,-91.16,1330,1441,39.9,29.0017,-91.1582,1341,1530,4.7,60,"BL, BG, OX, SX, TC, SE",15,NA,NA,,gulf states station #31,2017-06-15,2017,NA,NA,0,0
632,26,2017-06-15,97,LA,061517BL05,29.201,-91.5138,1,3.7,1701,30.4,30.3,28.6,18.4,18.4,18.3,9,9,7,29.2084,-91.5212,1639,1755,3.4,29.1958,-91.5061,1655,1851,3.7,60,"BL, BG, OX, SX, TC, SE",15,NA,NA,,Gulf States station # 36,2017-06-15,2017,NA,NA,0,0
633,26,2017-06-16,97,LA,061617BL01,28.8714,-91.2592,4.3,7.7,624,27.9,28.4,28.2,20.9,21.6,22.9,7.3,8.8,6.7,28.8783,-91.2563,603,719,7.7,28.863,-91.2633,619,801,8.3,60,"BL, BG, OX, SX, TC, SE",15,NA,NA,,Gulf State station #: 30,2017-06-16,2017,0,12,0,12
634,26,2017-06-16,97,LA,061617BL02,28.8951,-91.1342,4.6,4.9,852,28.1,28.2,28.5,19.9,20,20.1,6.7,6.7,8.5,28.9002,-91.1262,833,948,4.5,28.8905,-91.1416,848,1050,5,60,"BL, BG, OX, SX, TC, SE",15,NA,NA,,Gulf States station #: 34,2017-06-16,2017,0,16,0,16
635,26,2017-06-16,97,LA,061617BL03,28.9411,-91.0167,2.9,8.7,1139,28.1,27.8,27.6,17.6,17.8,21.2,6.6,7.7,4.3,28.944,-91.0072,1120,1235,9,28.9393,-91.0257,1135,1339,8.7,60,"BL, BG, OX, SX, TC, SE",15,NA,NA,,Gulf States station #: 26,2017-06-16,2017,0,2,0,2
636,26,2017-07-11,97,LA,071117BL01,29.4597,-92.206,0.8,3.4,635,28.9,28.9,28.6,19.6,20,24.7,5.2,5.2,3.7,29.47,-92.2071,618,730,3.2,29.4502,-92.2049,630,836,3.2,60,"BL, BG, OX, SX, TC, SE",15,NA,NA,,Gulf States #42  Total catch 57..Tags-15 dart 1 Mtag  Samples-1 BS fin clip 4 Gafftop fin clips,2017-07-11,2017,0,1,0,1
637,26,2017-07-11,97,LA,071117BL02,29.2252,-92.3022,1.2,5.1,955,28.5,29.5,29.9,13.1,15.7,26.4,6.7,6.3,3.6,29.2316,-92.2943,939,1050,5.4,29.2195,-92.3095,950,1140,4.6,60,"BL, BG, OX, SX, TC, SE",15,NA,NA,,Gulf States #41   Total catch 15      Tags-3 Mtags,2017-07-11,2017,0,9,0,9
638,26,2017-07-11,97,LA,071117BL03,29.3083,-92.0944,1.2,5.7,1232,30.2,29.5,29,16.8,19.8,26.3,6.8,5.3,2.1,29.3159,-92.0962,1216,1328,5.6,29.3008,-92.0939,1228,1410,5.8,60,"BL, BG, OX, SX, TC, SE",15,NA,NA,,Gulf States #37   total catch-7   Tags-3 Mtags  Samples-1 BS fin clip,2017-07-11,2017,0,3,0,3
639,26,2017-07-11,97,LA,071117BL04,29.2813,-92.0196,1.2,7,1440,30.8,29.8,28.8,15.3,17.6,29.4,7.7,6.6,0.7,29.2891,-92.0203,1423,1537,6.5,29.2726,-92.0191,1437,1625,7.2,60,"BL, BG, OX, SX, TC, SE",15,NA,NA,,Gulf States #39   total catch-23    Tags-3 Mtags  Samples-3 BS fin clips,2017-07-11,2017,NA,NA,0,0
640,26,2017-07-11,97,LA,071117BL05,29.2642,-91.9842,1.2,7.4,1648,30.9,29.4,28.2,15.1,20.9,32.6,7.7,1.8,0.2,29.2751,-91.9826,1632,1744,7.1,29.2555,-91.9858,1644,1825,7.4,60,"BL, BG, OX, SX, TC, SE",15,NA,NA,,Gulf States #29    total catch-38,2017-07-11,2017,NA,NA,0,0
641,26,2017-07-12,97,LA,071217BL01,29.1538,-91.9854,1.2,8.8,625,29.6,30,29.4,13.4,18.5,28.8,6.4,5,3.4,29.1626,-91.9907,605,720,8.2,29.1452,-91.9804,620,901,9.5,60,"BL, BG, OX, SX, TC, SE",15,NA,NA,,Gulf States #32  total catch-42  ..Tags-9 dart  20 Mtags  Samples-3 cownose fin clips,2017-07-12,2017,NA,NA,0,0
642,26,2017-07-12,97,LA,071217BL02,29.1925,-91.7579,0.9,5.8,1001,29.9,30.3,30,11,16.1,25.8,7.2,6,2.3,29.2023,-91.7647,944,1056,5.6,29.1838,-91.7517,956,1140,6,60,"BL, BG, OX, SX, TC, SE",15,NA,NA,,Gulf States #24  Total catch-40  Tags-1 dart  2 Mtags   Samples-1 bs fin clip,2017-07-12,2017,NA,NA,0,0
643,26,2017-07-12,97,LA,071217BL03,29.2179,-91.6409,1,5.6,1220,29.4,30,29.4,7.9,12.6,25.5,8.3,7.9,0.6,29.227,-91.6443,1204,1317,5.5,29.2096,-91.6381,1216,1349,6,61,"BL, BG, OX, SX, TC, SE",15,NA,NA,,Gulf States #23     Total catch-26,2017-07-12,2017,NA,NA,0,0
644,26,2017-07-12,97,LA,071217BL04,29.3574,-91.8532,0.8,3.1,1454,32.2,31.6,31.2,6.2,7.4,10.1,11.6,12.1,11.4,29.3613,-91.8643,1437,1550,3,29.3633,-91.8484,1450,1634,3,60,"BL, BG, OX, SX, TC, SE",15,NA,NA,,Gulf States #35  Total catch-50   Tags-2 dart  1 Mtag  Samples-3 BS fin clips,2017-07-12,2017,NA,NA,0,0
645,26,2017-07-12,97,LA,071217BL05,29.3948,-91.9281,0.6,2.2,1709,31.8,NA,32,6.8,NA,7.4,10.9,NA,11.8,29.3939,-91.9359,1653,1805,2.2,29.3963,-91.9198,1705,1906,2.1,60,"BL, BG, OX, SX, TC, SE",15,NA,NA,,Gulf States #25   Total catch-68   Tags-4 dart    Samples-5 BS fin clips,2017-07-12,2017,NA,NA,0,0
646,26,2017-07-13,97,LA,071317BL01,29.4015,-92.0219,1.2,3.4,743,29.7,30.3,30.1,15.9,15.5,16.4,5.6,5.5,5.8,29.3914,-92.0215,724,838,3.5,29.4112,-92.022,738,947,3,60,"BL, BG, OX, SX, TC, SE",15,NA,NA,,Gulf States #43   Total catch-77   Tags-1 dart 5 Mtags   Samples-6 BS fin clips,2017-07-13,2017,NA,NA,0,0
647,26,2017-08-02,97,LA,080217BL01,29.0006,-89.2202,0.8,6.4,1036,28.1,29.6,29.6,16.2,18.9,21.1,7.4,6.9,5.2,29.0087,-89.2234,1017,1131,5,28.991,-89.2164,1031,1228,8,60,"BL, BG, OX, SX, TC, SE",15,NA,NA,,Gulf States station #: 17,2017-08-02,2017,NA,NA,0,0
648,26,2017-08-02,97,LA,080217BL02,29.2731,-89.8961,0.6,3.3,1537,28.7,29.6,29.6,17.2,19.2,18.7,3,3.2,3.2,29.2827,-89.8968,1520,1632,1.2,29.2645,-89.8949,1532,1703,4.2,60,"BL, BG, OX, SX, TC, SE",15,NA,NA,,Gulf States station #: 18,2017-08-02,2017,NA,NA,0,0
649,26,2017-08-15,97,LA,081517BL01,28.88,-90.8042,1.1,7.6,921,27.6,30.6,30.3,7.6,23.4,25.9,8,6.8,6.3,28.8934,-90.8067,905,1019,6.4,28.8699,-90.802,919,1054,9.2,60,"BL, BG, OX, SX, TC, SE",15,NA,NA,,Gulf States station #: 20,2017-08-15,2017,0,9,0,9
650,26,2017-08-15,97,LA,081517BL02,29.0108,-90.8519,0.9,4.5,1153,30.5,30.1,29.9,11.8,22.1,26.8,8.3,3.4,1.2,29.0098,-90.8438,1135,1253,4.5,29.0121,-90.8609,1150,1328,4.3,63,"BL, BG, OX, SX, TC, SE",15,NA,NA,,Gulf States station #: 19,2017-08-15,2017,0,1,0,1
651,26,2017-08-15,97,LA,081517BL03,28.9434,-90.916,1.1,9,1438,30.4,30.4,28.8,14.1,27.5,31.2,7.2,1.1,0.6,28.947,-90.9086,1408,1529,8.5,28.9396,-90.9199,1429,1654,8.9,60,"BL, BG, OX, SX, TC, SE",15,NA,NA,"A, B, C",Gulf States station # 22 ..OP codes C/A/B:  mainline caught in prop/cut/retrieved from 2nd high flyer,2017-08-15,2017,NA,NA,0,0
652,26,2017-08-15,99,LA,081517BL04,29.6874,-93.5013,1.5,8.5,928,30,30,30,27.8,28.5,28.6,5.3,5.4,5.4,29.6874,-93.5015,855,1018,8.7,29.6879,-93.5175,918,1054,8.7,60,"BL, BG, OX, SX, TC, SE",15,NA,NA,"A, B",Gulf State's station # 46..Mainline was cut after hook 93 was retrieved at 10:46 retrieved from second high flyer,2017-08-15,2017,NA,NA,0,0
653,26,2017-08-15,99,LA,081517BL05,29.7061,-93.1354,0.6,7.6,1236,30.2,30.3,29.9,26.2,26.3,26.6,5.5,5.6,2.8,29.7087,-93.1415,1209,1327,7.3,29.7141,-93.1595,1227,1415,7.2,60,"BL, BG, OX, SX, TC, SE",15,NA,NA,,Gulf States station #: 45,2017-08-15,2017,NA,NA,0,0
654,26,2017-08-15,99,LA,081517BL06,29.6432,-93.1908,0.8,9.8,1514,30.3,30.6,29.6,26.8,27.7,28.2,6,6.2,2.5,29.6437,-93.1983,1445,1607,9.9,29.1983,-93.2073,1507,1716,10,60,"BL, BG, OX, SX, TC, SE",15,NA,NA,,Gulf States station #: 47,2017-08-15,2017,NA,NA,0,0
655,26,2017-08-16,97,LA,081617BL01,28.7807,-91.1017,4.6,9.7,819,29.8,30.2,28.9,23.7,24.3,33,5.6,5.1,0.1,28.7885,-91.0987,758,913,9.9,28.7723,-91.107,813,956,10.1,60,"BL, BG, OX, SX, TC, SE",15,NA,NA,,Gulf State's station #: 36,2017-08-16,2017,NA,NA,0,0
656,26,2017-08-16,97,LA,081617BL02,28.8908,-91.2503,5.2,6.6,1107,30.1,30.2,30.4,23.7,24,25.5,5.8,5.4,5.5,28.8993,-91.2465,1050,1203,6.4,28.8816,-91.2544,1103,1244,6.9,60,"BL, BG, OX, SX, TC, SE",15,NA,NA,,Gulf State statin #: 35,2017-08-16,2017,NA,NA,0,0
657,26,2017-08-16,97,LA,081617BL03,29.0948,-91.157,1,2.3,1403,30.5,30.5,30.4,17.6,17.6,19.6,7,6.8,4.1,29.1041,-91.1592,1347,1500,2.6,29.0855,-91.1542,1400,1603,2.3,60,"BL, BG, OX, SX, TC, SE",15,NA,NA,,Gulf State station #: 23,2017-08-16,2017,NA,NA,0,0
658,26,2017-08-16,97,LA,081617BL04,29.0166,-91.2647,1.3,3.5,1651,30.9,31,30.5,20.6,20.6,23,6.8,6.9,4,29.0243,-91.2717,1635,1747,3.6,29.0098,-91.2584,1647,1826,3.3,60,"BL, BG, OX, SX, TC, SE",15,NA,NA,,Gulf State station #: 24,2017-08-16,2017,NA,NA,0,0
659,26,2017-08-16,99,LA,081617BL05,29.6472,-92.9297,0.6,8.2,816,30.3,30.3,30.3,26.6,27,27,5.1,5.7,5.2,29.6473,-92.9298,748,908,7.4,29.6535,-92.9487,808,949,7.8,60,"BL, BG, OX, SX, TC, SE",15,NA,NA,,Gulf State's station #: 40,2017-08-16,2017,0,1,0,1
660,26,2017-08-16,99,LA,081617BL06,29.6074,-92.8498,0.9,8.6,1101,30,30.1,30.1,26.2,26.2,26.2,4.6,5.2,4.6,29.6078,-92.8502,1032,1154,8.3,29.6088,-92.8672,1054,1229,8.7,60,"BL, BG, OX, SX, TC, SE",15,NA,NA,,Gulf State's station #: 42,2017-08-16,2017,NA,NA,0,0
661,26,2017-08-16,99,LA,081617BL07,29.5202,-92.5576,0.9,7.9,1405,30,30.2,29.8,25.3,25.6,26.8,5.2,5.4,6.1,29.5206,-92.5481,1339,1458,7.7,29.5219,-92.5673,1358,1606,8.3,60,"BL, BG, OX, SX, TC, SE",15,NA,NA,,Gulf State's station#: 43,2017-08-16,2017,NA,NA,0,0
662,26,2017-08-17,97,LA,081717BL01,29.0628,-91.3359,1.8,5.8,655,30.2,30.3,30.3,20.9,20.9,26.5,5.5,5.6,0.8,29.0715,-91.332,638,750,5.7,29.0542,-91.3404,650,841,5.7,60,"BL, BG, OX, SX, TC, SE",15,NA,NA,,Gulf state's station #: 25,2017-08-17,2017,NA,NA,0,0
663,26,2017-08-17,97,LA,081717BL02,29.0341,-91.6618,2.1,7.3,1009,30.1,30.1,29.7,26.3,26.4,28.8,5.4,5.7,2.9,29.0427,-91.6579,954,1106,6.3,29.0261,-91.6652,1006,1145,8.5,60,"BL, BG, OX, SX, TC, SE",15,NA,NA,,Gulf State's station # 33,2017-08-17,2017,NA,NA,0,0
664,26,2017-08-17,97,LA,081717BL03,29.1243,-91.6112,0.6,6.4,1229,30.5,30.5,30.4,23.1,23.4,23.6,4.9,5,4.9,29.1345,-91.6122,1214,1326,6,29.1153,-91.6106,1226,1411,6.5,60,"BL, BG, OX, SX, TC, SE",15,NA,NA,,Gulf State's station #: 30,2017-08-17,2017,NA,NA,0,0
665,26,2017-09-13,97,LA,091317BL01,29.4886,-92.1852,0.3,2.4,728,27,NA,27.1,28.8,NA,28.9,4,NA,4.2,29.4943,-92.1781,711,824,2.4,29.4823,-92.1931,724,908,2.7,60,"BL, BG, OX, SX, TC, SE",15,NA,NA,,Gulf State's station #: 38,2017-09-13,2017,NA,NA,0,0
666,26,2017-09-13,97,LA,091317BL02,29.4469,-92.2525,0.6,4.5,943,26.8,26.9,27.1,28.3,28.3,28.4,4.4,4.1,4.9,29.4517,-92.2448,928,1039,4.2,29.4424,-92.26,939,1128,5,60,"BL, BG, OX, SX, TC, SE",15,NA,NA,,Gulf State's station #: 44,2017-09-13,2017,NA,NA,0,0
667,26,2017-09-13,97,LA,091317BL03,29.3885,-92.2823,1.4,6.5,1202,27.1,27.2,27.2,28.2,28.3,28.3,4.6,4.8,4.8,29.388,-92.2725,1146,1257,6.3,29.3888,-92.2904,1157,1345,6.6,60,"BL, BG, OX, SX, TC, SE",15,NA,NA,,Gulf State's station #: 41,2017-09-13,2017,NA,NA,0,0
668,26,2017-09-13,97,LA,091317BL04,29.293,-92.1637,1.7,5.8,1435,27.4,27.3,27.3,27.8,27.8,27.8,5.6,5.6,5.7,29.2964,-92.1548,1420,1530,5.7,29.2904,-92.1722,1430,1559,6.1,60,"BL, BG, OX, SX, TC, SE",15,NA,NA,,Gulf State's station #: 39,2017-09-13,2017,NA,NA,0,0
669,26,2017-09-13,97,LA,091317BL05,29.177,-92.2666,2,4.9,1647,26.4,26.6,26.6,24.4,24.6,30.2,7,7.6,6.4,29.1853,-92.2666,1633,1743,3.9,29.1692,-92.2671,1643,1835,6.9,60,"BL, BG, OX, SX, TC, SE",15,NA,NA,,Gulf State's station #:37,2017-09-13,2017,NA,NA,0,0
670,26,2017-09-14,97,LA,091417BL01,29.2024,-91.9694,4,6.8,701,26,26.3,27.1,25.6,25.8,29.4,6.5,7.6,6,29.2082,-91.9623,646,757,6.7,29.1973,-91.9758,657,828,6.7,60,"BL, BG, OX, SX, TC, SE",15,NA,NA,,Gulf State's station #: 31,2017-09-14,2017,NA,NA,0,0
671,26,2017-09-14,97,LA,091417BL02,29.2417,-91.8923,2.7,6.5,0,26.2,26.3,26.6,26.1,26.2,28.7,6.5,7.1,6,29.2466,-91.8857,851,1000,6.4,29.2372,-91.899,900,1028,6.5,60,"BL, BG, OX, SX, TC, SE",15,NA,NA,,Gulf State's station #: 32,2017-09-14,2017,NA,NA,0,0
672,26,2017-09-14,97,LA,091417BL03,29.2037,-91.7976,1.5,5.5,1110,25.9,26.1,26.3,21.1,24.6,27.8,7.2,6.9,6,29.212,-91.7997,1055,1206,5.4,29.196,-91.795,1106,1238,5.6,60,"BL, BG, OX, SX, TC, SE",15,NA,NA,,Gulf State's station #: 29,2017-09-14,2017,NA,NA,0,0
673,26,2017-09-14,97,LA,091417BL04,29.127,-91.7632,1,5.3,1317,26.3,26,26.2,19.4,19.5,26.9,8.3,7.8,6.6,29.1304,-91.7715,1301,1412,5.6,29.124,-91.7555,1312,1441,5.1,60,"BL, BG, OX, SX, TC, SE",15,NA,NA,,Gulf State's station #: 27,2017-09-14,2017,NA,NA,0,0
674,26,2017-09-14,97,LA,091417BL05,29.2117,-91.6991,1.5,5.2,1520,27.5,26.4,26.3,24,24.3,28.3,7.6,7,6.1,29.2196,-91.7028,1505,1616,5,29.2044,-91.6953,1516,1653,5.8,60,"BL, BG, OX, SX, TC, SE",15,NA,NA,,Gulf State's station #:28,2017-09-14,2017,NA,NA,0,0
675,26,2017-09-14,97,LA,091417BL06,29.3339,-91.7177,0.9,3.2,1737,28.1,26.6,25.8,17.7,19.4,21.6,10.2,9.7,7.4,29.3269,-91.7112,1723,1833,3.2,29.341,-91.7247,1733,1921,3.1,60,"BL, BG, OX, SX, TC, SE",15,NA,NA,,Gulf State's station #: 26,2017-09-14,2017,NA,NA,0,0
676,26,2017-09-15,97,LA,091517BL01,29.334,-91.796,1.4,4.3,650,26.5,26.6,26.6,21.4,22,24.5,7,6.6,7.1,29.3337,-91.8055,634,745,4.3,29.3341,-91.7864,645,851,4.2,60,"BL, BG, OX, SX, TC, SE",15,NA,NA,"A, B",Gulf States station #: 34..Mainline cut at 8:16 and retrieved from other high flyer at 8:22,2017-09-15,2017,NA,NA,0,0
677,26,2017-09-18,97,LA,091817BL01,29.095,-90.1805,2.1,7,1253,30,28.6,28.2,21.4,27.1,29,6.6,6.2,5.9,29.0901,-90.185,1234,1345,7.3,29.1011,-90.1736,1245,1414,6.7,60,"BL, BG, OX, SX, TC, SE",15,NA,NA,,moved the site approximately 1nm to the west of the site to avoid pipelines and oilfield obstructions..gulf states #21,2017-09-18,2017,NA,NA,0,0
678,27,2018-04-03,97,LA,040318BL01,29.2031,-89.8951,0.6,6.3,859,19.5,22.5,21.2,3.5,16.2,28.4,9.3,10.6,0.2,29.2109,-89.547,839,956,5.7,29.1962,-89.5515,854,1030,6.9,62,"BL, BG, OX, SX, TC, SE",15,NA,NA,,G.S.#18,2018-04-03,2018,NA,NA,0,0
679,27,2018-04-03,97,LA,040318BL02,29.0178,-89.271,0.3,2.2,1306,17.2,NA,16.6,0.1,NA,0.1,7.5,NA,7.9,29.0096,-89.2732,1249,1402,4.3,29.0264,-89.2691,1302,1437,1.5,60,"BG, BL, OX, SX, TC, SE",15,NA,NA,,G.S.#17,2018-04-03,2018,NA,NA,0,0
680,27,2018-04-10,97,LA,041018BL01,28.9711,-90.7194,4,9.4,942,20.4,20.6,20.9,21.3,22,23.7,6.9,7.6,7.6,28.9654,-90.7238,920,1036,9.8,28.9794,-90.713,936,1126,9.4,60,"BL, BG, OX, SX, TC, SE",15,NA,NA,,GS#21,2018-04-10,2018,0,1,0,1
681,27,2018-04-10,97,LA,041018BL02,28.87,-90.857,2.9,8.8,1229,20.1,20.8,21.3,17.1,24.3,26.9,7.9,8.2,7,28.8648,-90.8613,1208,1325,9.4,28.8755,-90.8516,1225,1425,9.2,60,"BL, BG, OX, SX, TC, SE",15,NA,NA,,GS#20,2018-04-10,2018,0,1,0,1
682,27,2018-04-10,97,LA,041018BL03,28.9853,-90.9307,4.3,7.3,1540,20.8,20.8,20.7,22,22.1,22.3,6.6,7.4,7.4,28.977,-90.9355,1521,1634,7.6,28.9939,-90.9258,1534,1717,6.8,60,"BL, BG, OX, SX, TC, SE",15,NA,NA,,GS19,2018-04-10,2018,0,3,0,3
683,27,2018-04-11,97,LA,041118BL01,28.923,-90.9655,3.5,4.4,753,20.2,20,20.4,22.2,22.3,22.6,6.8,7.1,7.8,28.9191,-90.9721,733,848,4.5,28.9274,-90.9583,748,932,4.3,60,"BL, BG, OX, SX, TC, SE",15,NA,NA,,GS #22,2018-04-11,2018,0,15,0,15
684,27,2018-04-11,97,LA,041118BL02,28.8403,-91.0593,3.7,8.1,1030,20.5,20.8,20.8,24.7,25.1,25.2,7,7.8,7.7,28.8366,-91.0699,1012,1126,8,28.8434,-91.052,1026,1240,8.1,60,"BL, BG, OX, SX, TC, SE",15,NA,NA,,GS#30,2018-04-11,2018,0,14,0,14
685,27,2018-04-11,97,LA,041118BL03,28.9468,-91.102,4.1,8.5,1339,20.8,20.4,20.2,22.4,22.5,22.6,7,7.3,7.3,28.9487,-91.1134,1321,1435,8.6,28.9447,-91.0921,1335,1504,8.9,60,"BL, BG, OX, SX, TC, SE",15,NA,NA,,GS #32,2018-04-11,2018,0,1,0,1
686,27,2018-04-11,97,LA,041118BL04,28.9237,-91.1834,2.9,7.2,1541,20.8,20.6,20.4,19.4,22.7,23.8,6.9,6.5,8,28.9285,-91.1922,1525,1637,7,28.9197,-91.175,1537,1700,7.3,60,"BL, BG, OX, SX, TC, SE",15,NA,NA,,GS#36,2018-04-11,2018,NA,NA,0,0
687,27,2018-04-11,99,LA,041118BL05,29.552,-92.7448,1.2,9.7,847,19.1,21,21.9,17.3,23.9,29.6,8.5,8.1,4.8,29.5559,-92.7512,819,941,9.6,29.5483,-92.7368,840,1137,10,61,"BL, BG, OX, SX, TC, SE",15,NA,NA,,GS#40,2018-04-11,2018,0,23,0,23
688,27,2018-04-11,99,LA,041118BL06,29.6937,-93.0926,1.2,8.2,1313,20.3,19.9,21.3,21.2,21.5,26,8.6,8.3,5.5,29.6935,-93.0815,1247,1401,8,29.6941,-93.1011,1303,1545,8.1,58,"BL, BG, OX, SX, TC, SE",15,NA,NA,,GS#47,2018-04-11,2018,NA,NA,0,0
689,27,2018-04-12,97,LA,041218BL01,28.9683,-91.3826,1.5,8.4,700,20.4,20.5,21,22.8,23,24,6.5,7.5,6,28.977,-91.3853,643,756,8.2,28.9598,-91.3793,656,904,8.7,60,"BL, BG, OX, SX, TC, SE",15,NA,NA,,GS#26,2018-04-12,2018,0,4,0,4
690,27,2018-04-12,97,LA,041218BL02,29.2199,-91.3424,0.6,2.7,0,19.9,19.9,19.8,18.4,18.4,18.4,7.1,6.7,7.4,29.2266,-91.3485,1008,1122,2.6,29.2123,-91.3365,1022,1156,2.8,60,"BL, BG, OX, SX, TC, SE",15,NA,NA,,GS#27,2018-04-12,2018,NA,NA,0,0
691,27,2018-04-12,97,LA,041218BL03,29.1369,-91.4664,1.5,6.5,1246,20.9,20.9,20.9,22.4,22.6,23.7,8.2,8.1,6.3,29.145,-91.4729,1230,1343,6.1,29.1298,-91.4601,1243,1446,6.7,60,"BL, BG, OX, SX, TC, SE",15,NA,NA,,GS#31,2018-04-12,2018,NA,NA,0,0
692,27,2018-04-12,97,LA,041218BL04,29.0928,-91.5361,2.7,7.6,1521,21.7,21.5,21.1,23.7,23.8,23.8,8.1,9.3,7.8,29.0936,-91.546,1506,1617,7.6,29.092,-91.5263,1517,1653,7.5,60,"BL, BG, OX, SX, TC, SE",15,NA,NA,,GS#32,2018-04-12,2018,0,6,0,6
693,27,2018-04-12,97,LA,041218BL05,29.0183,-91.5936,2.4,8.7,1733,21.6,21.6,20.9,23.5,23.8,24.1,7.6,8.3,7.4,29.0263,-91.599,1718,1830,7.8,29.0113,-91.5885,1730,1910,10.5,60,"BL, BG, OX, SX, TC, SE",15,NA,NA,,GS#33,2018-04-12,2018,0,10,0,10
694,27,2018-04-12,99,LA,041218BL06,29.7572,-93.3068,0.2,4.1,954,19.9,19.9,19.8,20.6,20.8,20.9,8.1,8.7,9.2,29.7586,-93.298,918,1039,4.1,29.7561,-93.3147,939,1124,4.2,60,"BL, BG, OX, SX, TC, SE",15,NA,NA,,GS#45,2018-04-12,2018,NA,NA,0,0
695,27,2018-04-13,97,LA,041318BL01,29.5138,-92.1587,0.3,2.8,932,20.8,20.7,20.7,8.2,8.5,8.7,8.6,8.6,8.6,29.5199,-92.1638,827,943,2.6,29.5083,-92.1535,843,1026,2.6,60,"BL, SE, OY, SY, TY",15,NA,NA,,GS#37,2018-04-13,2018,NA,NA,0,0
696,27,2018-04-24,99,LA,042418BL01,29.596800000000002,-94.023,1.4,8,906,20.6,20.6,20.6,26.2,26.7,27.2,6.9,7.5,6.8,29.5887,-94.0249,839,958,8.4,29.6057,-94.0225,858,1034,7.3,60,"BL, BG, OX, SX, TC, SE",15,NA,NA,,GS#49,2018-04-24,2018,0,26,0,26
697,27,2018-04-24,99,LA,042418BL02,29.6527,-93.7683,1.4,8.6,1148,20.7,20.5,20.5,21.3,25.8,25.8,7.2,7,7,29.6465,-93.7682,1120,1241,8.6,29.6603,-93.7688,1141,1330,8.3,60,"BL, BG, OX, SX, TC, SE",15,NA,NA,,GS#46,2018-04-24,2018,0,10,0,10
698,27,2018-04-24,99,LA,042418BL03,29.6991,-93.6185,1.5,8.1,1340,21.6,20,20.5,24.7,24.8,25.4,8.4,10,7,29.6933,-93.6122,1416,1543,8.3,29.7039,-93.6246,1433,1610,7.8,70,"BL, BG, OX, SX, TC, SE",15,NA,NA,F,GS#48..Shrimp boat threatened line and was escorted out of the area resulting in a longer soak time,2018-04-24,2018,0,4,0,4
699,27,2018-04-30,97,LA,043018BL01,29.4571,-92.2308,1.5,3.7,801,23,23.1,22.7,30.7,30.8,30.7,7.4,6.7,8.6,29.4458,-92.2331,742,857,4.1,29.4666,-92.2289,757,930,3.3,60,"BL, BG, OX, SX, TC, SE",15,NA,NA,,GS#42,2018-04-30,2018,0,16,0,16
700,27,2018-04-30,97,LA,043018BL02,29.461,-92.3228,0.9,4.2,1009,23.6,23.6,23.7,31.6,31.6,31.8,7.4,7.5,8.7,29.4557,-92.3301,953,1106,4.7,29.4663,-92.3152,1006,1143,3.7,60,"BL, BG, OX, SX, TC, SE",15,NA,NA,,GS#44,2018-04-30,2018,0,19,0,19
701,27,2018-04-30,97,LA,043018BL03,29.3526,-92.371,1.7,8.1,1238,22.9,22.8,21.6,29.2,29.2,33.1,7.8,8.5,2.4,29.3494,-92.3804,1219,1333,8.1,29.3552,-92.362,1233,1357,7.9,60,"BL, BG, OX, SX, TC, SE",15,NA,NA,,GS#38,2018-04-30,2018,0,11,0,11
702,27,2018-05-07,97,LA,050718BL01,29.19,-92.3552,1.5,9,837,24.7,24.7,24.4,19.1,25.2,26,8.1,6.8,6.7,29.1905,-92.3449,816,928,7.4,29.1905,-92.3665,828,1013,9.7,60,"BL, BG, OX, SX, TC, SE",15,NA,NA,,GS#39,2018-05-07,2018,0,4,0,4
703,27,2018-05-07,97,LA,050718BL02,29.3392,-92.0925,0.9,4.6,1148,25.4,25.5,24.4,12.6,13.5,23.5,8.8,8.3,4.1,29.3412,-92.0817,1124,1242,4.8,29.3366,-92.1056,1142,1431,4.9,60,"BL, BG, OX, SX, TC, SE",15,NA,NA,"A, F",GS#43..Shrimp boat threatened line. We cut the mainline after hook 9/tied mainline to bouy/escorted shrimp boat away from line and picked up starting at hook 10 at 1308.,2018-05-07,2018,0,4,0,4
704,27,2018-05-07,97,LA,050718BL03,29.2474,-92.082,0.6,7,1524,26.1,25.1,24.8,12,14.9,24.7,13.2,9.5,5.5,29.2496,-92.0708,1505,1619,7.1,29.2463,-92.0934,1519,1732,6.6,60,"BL, BG, OX, SX, TC, SE",15,NA,NA,"A, B",GS#41 Cut at hook 91 retrieved from hook 100  No hooks lost..Line broke at Lat: Deg 29 Minutes 14.740 Long: Deg 92 Minutes 04.475       Depth 23.1 ft (7.04 m) at 1720,2018-05-07,2018,0,4,0,4
705,27,2018-05-08,97,LA,050818BL01,29.2898,-91.943,0.8,6.4,659,26.1,25.1,24.8,12,14.9,24.7,13.2,9.5,5.5,29.2964,-91.9345,640,751,6.1,29.2844,-91.9507,651,919,6.6,60,"BL, BG, OX, SX, TC, SE",15,NA,NA,,GS#35,2018-05-08,2018,0,2,0,2
706,27,2018-05-08,97,LA,050818BL02,29.3447,-91.7657,0.5,3.4,1040,25,25,24.7,6.8,10.4,21.6,6.6,6.6,4.7,29.3546,-91.7723,1020,1135,3.4,29.3358,-91.759,1035,1229,3.6,60,"BL, BG, OX, SX, TC, SE",15,NA,NA,,GS#28,2018-05-08,2018,NA,NA,0,0
707,27,2018-05-08,97,LA,050818BL03,29.2471,-91.8199,0.6,6,1320,26.4,25.3,25,10.7,16.5,25.6,7.6,7,4.9,29.2545,-91.8115,1306,1417,6,29.2413,-91.8271,1317,1518,6,60,"BL, BG, OX, SX, TC, SE",15,NA,NA,,GS#23,2018-05-08,2018,0,3,0,3
708,27,2018-05-08,97,LA,050818BL04,29.1493,-91.7292,0.6,5.8,1616,28.3,25.9,24.1,8,16.8,26.1,11.3,7.1,4.9,29.1474,-91.7392,1559,1711,5.8,29.1509,-91.7192,1611,1752,5.7,60,"BL, BG, OX, SX, TC, SE",15,NA,NA,,GS#29,2018-05-08,2018,0,8,0,8
709,27,2018-05-09,97,LA,050918BL01,29.1948,-91.5699,0.5,5.1,706,25.1,25,24.6,2.9,14.6,23.8,7.3,6.3,3.7,29.1847,-91.5648,647,759,5.6,29.2035,-91.5741,659,841,4.7,60,"BL, BG, OX, SX, TC, SE",15,NA,NA,,GS#25,2018-05-09,2018,0,7,0,7
710,27,2018-05-09,97,LA,050918BL02,29.281,-91.5036,0.3,2.2,935,24.1,NA,24.2,2.2,NA,10.9,6.6,NA,5.9,29.2789,-91.4922,918,1031,2.1,29.2833,-91.5032,931,1106,2.3,60,"BL, BG, OX, SX, TC, SE",15,NA,NA,,GS#24,2018-05-09,2018,NA,NA,0,0
711,27,2018-06-04,97,LA,060418BL01,29.0513,-90.5509,2,5.5,845,28.9,28.9,27.9,25,25.4,31.4,6,6.1,4.8,29.0531,-90.5421,824,939,5.5,29.0494,-90.561,839,1108,5.5,60,"BL, BG, OX, SX, TC, SE",15,NA,NA,"A, B",GS #20 mainline cut after hook 40/retrieved from other end,2018-06-04,2018,0,5,0,5
712,27,2018-06-04,97,LA,060418BL02,28.9104,-90.6943,1.5,7.5,1218,30,29.4,25.5,16.8,23,34.6,8,6,6.7,28.909,-90.6855,1157,1314,7.6,28.9027,-90.6946,1214,1351,8.1,60,"BL, BG, OX, SX, TC, SE",15,NA,NA,,GS #22,2018-06-04,2018,0,1,0,1
713,27,2018-06-04,97,LA,060418BL03,29.0166,-90.95,1.2,4.9,1513,30.4,27.5,26.8,13.1,26.2,30.9,7.5,0.9,0.1,29.0263,-90.9539,1456,1609,4.3,29.0151,-90.9615,1509,1638,5.2,60,"BL, BG, OX, SX, TC, SE",15,NA,NA,,GS #21,2018-06-04,2018,NA,NA,0,0
714,27,2018-06-05,97,LA,060518BL01,28.8786,-90.9401,1.2,7.5,629,28.9,29.3,24.1,9.5,12.2,35.1,5.9,1.8,2.7,28.8832,-90.9357,612,725,7.1,28.8735,-90.9476,625,758,8.6,60,"BL, BG, OX, SX, TC, SE",15,NA,NA,,GS #19,2018-06-05,2018,0,1,0,1
715,27,2018-06-05,97,LA,060518BL02,28.8126,-91.071,1.4,9,1000,29.8,26.6,25,12.1,30.8,33.5,8.2,0.2,0.1,28.8168,-91.0646,906,1019,8.3,28.8086,-91.0783,919,1046,9.2,60,"BL, BG, OX, SX, TC, SE",15,NA,NA,,GS #23 did 2 CTD drops-1st one was not deep enough,2018-06-05,2018,NA,NA,0,0
716,27,2018-06-05,97,LA,060518BL03,28.9403,-91.1433,0.9,7.7,1159,29.7,28.8,25,13.2,20.3,33,6.7,0.3,0.9,28.9448,-91.137,1144,1256,7.9,28.9369,-91.1504,1156,1322,7.8,60,"BL, BG, OX, SX, TC, SE",15,NA,NA,,GS #33,2018-06-05,2018,NA,NA,0,0
717,27,2018-06-05,97,LA,060518BL04,29.0131,-91.1393,1.1,4.5,1408,29.8,29.5,26.4,13.6,14.7,30.8,6.2,5.8,8.6,29.0187,-91.1337,1353,1505,4.1,29.0082,-91.1461,1405,1539,4.6,60,"BL, BG, OX, SX, TC, SE",15,NA,NA,,GS #29,2018-06-05,2018,NA,NA,0,0
718,27,2018-06-06,97,LA,060618BL01,29.001,-91.2103,0.9,3.7,637,28.6,28.9,26.1,14.7,16.6,34.1,4.9,5.5,4.7,28.9921,-91.2095,619,733,3.9,29.0105,-91.2109,630,809,3.2,63,"BL, BG, OX, SX, TC, SE",15,NA,NA,,GS #31,2018-06-06,2018,NA,NA,0,0
719,27,2018-06-06,97,LA,060618BL02,28.9931,-91.3231,1.1,5,902,29,29,28.6,15.3,16.4,23.4,5.7,7,5.8,28.9841,-91.3233,843,954,5.5,29.0025,-91.3231,854,1055,4.8,60,"BL, BG, OX, SX, TC, SE",15,NA,NA,,GS #36,2018-06-06,2018,0,3,0,3
720,27,2018-06-06,97,LA,060618BL03,29.085,-91.3008,1.2,5.1,1140,29.3,28.6,28.3,14.4,17.7,25,7,7.5,3.1,29.0768,-91.3002,1124,1236,5.2,29.0929,-91.3013,1136,1306,5.2,60,"BL, BG, OX, SX, TC, SE",15,NA,NA,,G.S.#28,2018-06-06,2018,0,1,0,1
721,27,2018-06-06,97,LA,060618BL04,29.1155,-91.4244,2,6.5,1352,29.1,28.7,24.6,22.5,24.5,34.6,6.7,2.5,3.9,29.1167,-91.4151,1336,1448,6.4,29.1146,-91.4348,1348,1510,6.6,60,"BL, BG, OX, SX, TC, SE",15,NA,NA,,G.S.# 35,2018-06-06,2018,0,11,0,11
722,27,2018-06-06,97,LA,060618BL05,29.0339,-91.433,4.1,6.6,1557,30.4,29.3,26.5,21.2,22.3,30.3,5.9,5.8,6,29.0329,-91.4432,1541,1653,7,29.0356,-91.4233,1553,1741,6.3,60,"BL, BG, OX, SX, TC, SE",15,NA,NA,,G.S.#27,2018-06-06,2018,0,8,0,8
723,27,2018-06-07,97,LA,060718BL01,29.0417,-91.5273,4.1,8.1,640,28.4,29,23.6,23,24,36.6,5.9,2.1,1.8,29.0505,-91.5276,615,735,7.8,29.033,-91.5274,635,823,8.4,60,"BL, BG, OX, SX, TC, SE",15,NA,NA,,G.S.#34,2018-06-07,2018,0,3,0,3
724,27,2018-06-07,97,LA,060718BL02,29.0607,-91.7817,4.6,9.8,940,28.2,28.7,23.3,24.9,26,35.2,6.5,3.2,0.7,29.0702,-91.7832,922,1036,9.2,29.0694,-91.7825,936,1136,9.2,60,"BL, BG, OX, SX, TC, SE",15,NA,NA,,G.S.# 32,2018-06-07,2018,0,10,0,10
725,27,2018-06-07,99,LA,060718BL03,29.6255,-93.6767,1.8,10.4,859,29.2,29.2,29.1,26.5,26.5,26.6,6.4,6.3,6,29.6279,-93.671,833,954,10.4,29.6261,-93.6856,852,1037,10.5,62,"BL, SE, OY, SY, TY",15,NA,NA,,G.S.# 48,2018-06-07,2018,0,6,0,6
726,27,2018-06-07,99,LA,060718BL04,29.6704,-93.556,2.7,9.4,1155,29.8,29.5,29.4,25.4,25.5,25.5,6.8,6.6,5.6,29.673,-93.5509,1121,1245,9.7,29.6662,-93.5623,1143,1346,9.7,62,"BL, SE, OY, SY, TY",15,NA,NA,,G.S.# 47,2018-06-07,2018,0,7,0,7
727,27,2018-06-07,99,LA,060718BL05,29.6743,-93.4551,1.5,8.8,1456,30.4,30.1,29.8,25.2,25.2,25.1,6.5,6.6,6.2,29.6764,-93.4465,1426,1545,8.8,29.6745,-93.4608,1445,1634,8.9,60,"BL, SE, OY, SY, TY",15,NA,NA,M,G.S. #45..ONLY SET 75 HOOKS BECAUSE ONLY HAD 3/4 OF A MILE OF MAINLINE,2018-06-07,2018,0,9,0,9
728,27,2018-06-08,99,LA,060818BL01,29.7235,-93.2909,0.6,6.8,743,29.6,29.7,29.7,26.4,26.4,26.4,5.6,5.6,5.6,29.7247,-93.2833,719,834,6.7,29.7219,-93.297,734,938,6.8,60,"BL, SE, OY, SY, TY",15,NA,NA,M,G.S.# 46..ONLY 75 HOOKS BECAUSE ONLY 3/4 MILE OF MAINLINE..AT 0847 HAD TO CUT LINE DUE TO SHRIMP BOAT HEADING TOWARD GEAR STARTED RETRIEVING GEAR AGAIN AT HOOK 14,2018-06-08,2018,0,14,0,14
729,27,2018-06-08,99,LA,060818BL02,29.6067,-93.0055,3,10.2,1107,29.8,29.5,29.5,26.2,26.1,26.1,7.3,7.4,6.7,29.6086,-92.9979,1040,1157,10.1,29.6048,-93.0117,1057,1311,10.3,60,"BL, SE, OY, SY, TY",15,NA,NA,M,G.S.#43.. ONLY 75 HOOKS,2018-06-08,2018,0,15,0,15
730,27,2018-06-12,97,LA,061218BL01,29.4964,-92.5444,1.2,8.8,805,28.4,29.2,28.8,23.5,26.6,26.7,6.3,6.9,4.4,29.507,-92.5438,744,858,8.3,29.4884,-92.5476,757,943,9.3,61,"BL, BG, OX, SX, TC, SE",15,NA,NA,,G.S.# 41,2018-06-12,2018,0,1,0,1
731,27,2018-06-12,97,LA,061218BL02,29.4445,-92.3871,0.9,7.2,1204,29,28.8,28.8,26.5,26.9,27.1,5.7,5.4,5.6,29.4523,-92.3859,1145,1257,6,29.4361,-92.3867,1156,1350,7.8,61,"BL, BG, OX, SX, TC, SE",15,NA,NA,"M, H",G.S.# 40..SHRIMP BOAT INTERCEPTED LINE AND TOOK 9 HOOKS..SHRIMP BOAT #609375 H&R DID NOT RESPOND TO RADIO OR HORN,2018-06-12,2018,0,7,0,7
732,27,2018-06-12,97,LA,061218BL03,29.325,-92.1693,0.9,3.9,1422,29.9,30,29.3,25.8,26.3,26.4,6.9,6.6,7.4,29.3331,-92.1713,1406,1518,4.3,29.3171,-92.1675,1418,1544,3.8,60,"BL, BG, OX, SX, TC, SE",15,NA,NA,,G.S.#38,2018-06-12,2018,NA,NA,0,0
733,27,2018-06-12,97,LA,061218BL04,29.2793,-92.1079,0.9,4.9,1625,29.6,29.5,29.1,25.4,26.1,26.2,6.7,6,6.5,29.2859,-92.1022,1607,1719,5.1,29.2726,-92.1135,1618,1812,4.8,61,"BL, BG, OX, SX, TC, SE",15,NA,NA,,GS# 42,2018-06-12,2018,NA,NA,0,0
734,27,2018-06-13,97,LA,061318BL01,29.2208,-91.4867,0.3,2.9,656,28.7,28.9,28.9,22.1,23.2,23.3,5.3,5,5.7,29.2289,-91.4907,636,748,2.8,29.2124,-91.4826,648,846,3.1,60,"BL, BG, OX, SX, TC, SE",15,NA,NA,,G.S.#26,2018-06-13,2018,0,1,0,1
735,27,2018-06-13,97,LA,061318BL02,29.2899,-91.6422,0.6,3.6,939,29.2,29.3,29,18.2,18.3,18.4,5.2,5.4,4.8,29.2919,-91.6327,922,1033,3.4,29.2881,-91.6509,933,1118,3.5,60,"BL, BG, OX, SX, TC, SE",15,NA,NA,,G.S.# 25,2018-06-13,2018,0,1,0,1
736,27,2018-06-13,97,LA,061318BL03,29.3494,-91.7927,0.6,3.7,1209,29.9,30,29.3,25.8,26.3,26.4,6.9,6.6,7.4,29.3539,-91.7844,1152,1304,3.7,29.3442,-91.8014,1204,1341,3.8,60,"BL, BG, OX, SX, TC, SE",15,NA,NA,,G.S.# 30,2018-06-13,2018,NA,NA,0,0
737,27,2018-06-13,97,LA,061318BL04,29.2043,-91.8099,1.5,5.4,1351,30.2,29.5,29.2,22.9,24.1,25.4,7.2,6.2,6.1,29.2133,-91.8092,1432,1544,5.5,29.1955,-91.8107,1444,1626,5.5,60,"BL, BG, OX, SX, TC, SE",15,NA,NA,A,G.S.#24..MAINLINE CUT AFTER BEING STUCK IN PROP BUT CONTINUED RETRIEVING AT SAME LOCATION,2018-06-13,2018,NA,NA,0,0
738,27,2018-06-14,97,LA,061418BL01,29.2164,-92.0596,3.7,7.8,701,28.6,29,29.1,27,27.9,27.9,5.8,6.8,6.3,29.2252,-92.0518,641,753,7.9,29.2077,-92.0571,653,927,7.9,60,"BL, BG, OX, SX, TC, SE",15,NA,NA,,G.S.# 37,2018-06-14,2018,0,1,0,1
739,27,2018-06-14,97,LA,061418BL02,29.4304,-92.1131,0.9,2.9,1040,30.2,30,30.2,12.3,13.4,16.9,8.6,8.2,8.4,29.4228,-92.1189,1020,1132,2.3,29.437,-92.1076,1032,1207,2.9,60,"BL, BG, OX, SX, TC, SE",15,NA,NA,,G.S.# 39..SET IN RIP LINE,2018-06-14,2018,NA,NA,0,0
740,27,2018-06-14,97,LA,061418BL03,29.3578,-92.0735,0.9,4.6,1258,30.1,30.2,29.8,13.3,18.9,24.7,9.5,9.1,4.6,29.3603,-92.0822,1240,1351,4.4,29.3556,-92.0654,1251,1424,4.8,60,"BL, BG, OX, SX, TC, SE",15,NA,NA,M,G.S.#44..2ND ATTEMPT AT SITE DUE TO OVER 20 SHRIMP BOATS IN THE AREA AT 1ST ATTEMPT,2018-06-14,2018,NA,NA,0,0
741,27,2018-06-26,97,LA,062618BL01,29.1734,-89.5259,0.6,7.3,849,30,30.3,29.5,13.2,22.9,24.9,8,7.2,5.7,29.1847,-89.5244,831,945,6.6,29.1643,-89.5275,844,1013,8,61,"BL, BG, OX, SX, TC, SE",15,NA,NA,,GS# 17,2018-06-26,2018,NA,NA,0,0
742,27,2018-06-26,97,LA,062618BL02,29.265,-89.9085,0.6,3.3,1153,30.6,NA,31.8,7.7,NA,10.7,13.6,NA,13.9,29.2716,-89.9165,1138,1250,2.6,29.2603,-89.9014,1150,1353,4.2,60,"BL, BG, OX, SX, TC, SE",15,NA,NA,,GS# 18   no mid depth CTD readings b/c water depth too shallow,2018-06-26,2018,NA,NA,0,0
743,27,2018-07-31,99,LA,073118BL01,29.6111,-92.7882,0.6,5.7,732,30.7,30.7,30.7,34,34,34,5.5,5.7,5,29.6144,-92.7709,708,825,5.4,29.6079,-92.7957,725,1040,6.4,60,"BL, SE, OY, SY, TY",15,NA,NA,K,GS# 40 / cut mainline at hook 50 due to bad weather; when it was safe we resumed at 1010 on hook 51,2018-07-31,2018,0,4,0,4
744,27,2018-08-01,99,LA,080118BL01,29.6771,-93.7769,2.7,7.1,852,29.4,29.6,30.1,30.9,31,31.6,5.3,4.8,3,29.6709,-93.7836,830,946,7.3,29.6819,-93.7705,846,1021,6.8,60,"BL, SE, OY, SY, TY",15,NA,NA,,GS# 45,2018-08-01,2018,NA,NA,0,0
745,27,2018-08-01,99,LA,080118BL02,29.6696,-93.4651,2.3,9.2,1144,30.6,30.5,30.5,29.4,29.4,29.5,5.7,5.7,5.4,29.6674,-93.4742,1116,1233,9.4,29.6732,-93.4563,1133,1313,8.9,60,"BL, SE, OY, SY, TY",15,NA,NA,,GS# 46,2018-08-01,2018,0,3,0,3
746,27,2018-08-01,99,LA,080118BL03,29.6968,-93.2765,1.8,8.4,1422,31.3,30.3,30.6,29.6,29.7,31.1,5.9,5.7,4,29.6933,-93.2841,1353,1513,8.5,29.7014,-93.2668,1413,1548,8.2,60,"BL, SE, OY, SY, TY",15,NA,NA,M,GS# 48  moved drop location by a mile due to jack-up rigs,2018-08-01,2018,0,1,0,1
747,27,2018-08-08,97,LA,080818BL01,28.9883,-89.4182,1.2,4.9,1000,30,29.5,29.6,25.1,25.3,26.2,8.5,8.2,6.4,28.9952,-89.4106,940,1051,3.7,28.9816,-89.425,951,1128,5.8,60,"BL, SE, OY, SY, TY",15,NA,NA,,GS# 17  hydraulics went out on the boat-had to retrieve line by hand,2018-08-08,2018,NA,NA,0,0
748,27,2018-08-14,97,LA,081418BL01,29.0315,-90.4761,3.7,6.4,851,30.6,30.3,29.5,29.7,30,33,5.6,6.1,0.7,29.0285,-90.466,830,1010,6.6,29.035,-90.4868,842,1106,6.2,128,"BL, BG, OX, SX, TC, SE",15,NA,NA,F,"G.S. #20..Hydraulics broken, engine had to be turned off to examine hydraulics leading to extended soak time",2018-08-14,2018,NA,NA,0,0
749,27,2018-08-15,97,LA,081518BL01,28.9085,-90.6792,3.4,8.5,654,31,31.2,29.5,29,29.5,33,6.4,5.9,2.4,28.9029,-90.6694,637,749,8.5,28.9137,-90.689,649,809,7.3,60,"BL, BG, OX, SX, TC, SE",15,NA,NA,,G.S. #22,2018-08-15,2018,0,7,0,7
750,27,2018-08-15,97,LA,081518BL02,28.9531,-90.7772,1.8,9.4,852,31,30.9,29,28.9,30.6,33.3,7,3.4,3.4,28.9481,-90.7666,836,948,9.7,28.9579,-90.7883,848,1012,9.2,60,"BL, BG, OX, SX, TC, SE",15,NA,NA,,G.S. #19,2018-08-15,2018,NA,NA,0,0
751,27,2018-08-15,97,LA,081518BL03,28.9664,-90.9954,1.5,8,1112,30.2,30.7,29.5,22.8,30.6,32.2,6.9,2,0.3,28.9606,-90.9873,1059,1209,8.3,28.9715,-91.0018,1109,1235,7.8,60,"BL, BG, OX, SX, TC, SE",15,NA,NA,,G.S. #21,2018-08-15,2018,NA,NA,0,0
752,27,2018-08-15,97,LA,081518BL04,29.0263,-91.0164,1.2,4.7,1309,31.6,31,30.7,25.2,28.3,30.4,5.6,2.8,1.4,29.0272,-91.0061,1255,1405,4.5,29.0251,-91.0257,1305,1425,4.7,60,"BL, BG, OX, SX, TC, SE",15,NA,NA,,G.S. #31,2018-08-15,2018,NA,NA,0,0
753,27,2018-08-15,97,LA,081518BL05,29.0248,-91.1053,0.6,4.4,1503,32.5,31.4,30.4,21.3,26.7,30.6,8.9,6.2,2.6,29.0257,-91.1162,1448,1603,4.1,29.0248,-91.0952,1459,1651,4.3,104,"BL, BG, OX, SX, TC, SE",15,NA,NA,F,G.S. #33..MAINLINE CAUGHT UNDER BOAT LEADING TO EXTENDED SOAK TIME,2018-08-15,2018,NA,NA,0,0
754,27,2018-08-15,97,LA,081518BL06,28.9038,-91.0668,2.7,4.6,1737,31.8,31,30.8,29.4,29.8,31,5.3,5.5,4.2,28.9033,-91.078,1722,1833,4.4,28.9046,-91.056,1733,1858,4.8,60,"BL, BG, OX, SX, TC, SE",15,NA,NA,,G.S. #26,2018-08-15,2018,0,1,0,1
755,27,2018-08-16,97,LA,081618BL01,28.7889,-91.0881,6.7,9.2,712,29.6,30.6,30,28.6,32.2,32.9,5.6,6.8,6.4,28.8006,-91.0888,657,808,9.3,28.7796,-91.0882,708,831,9.5,60,"BL, BG, OX, SX, TC, SE",15,NA,NA,,G.S. #34,2018-08-16,2018,0,2,0,2
756,27,2018-08-16,97,LA,081618BL02,28.9112,-91.3555,3.4,9.8,950,30.9,30.7,28.3,28.5,31.6,34.1,6.4,6.1,2.3,28.921,-91.3518,937,1046,9.3,28.9022,-91.3593,946,1111,10.4,60,"BL, BG, OX, SX, TC, SE",15,NA,NA,,G.S. #35,2018-08-16,2018,0,1,0,1
757,27,2018-08-16,97,LA,081618BL03,29.0371,-91.4709,1.8,7.5,1206,31.2,31.1,29.8,22.2,30.7,32.4,6.1,4.7,3.7,29.0296,-91.4668,1152,1303,7.8,29.046,-91.4752,1203,1333,7.2,60,"BL, BG, OX, SX, TC, SE",15,NA,NA,,G.S. #25,2018-08-16,2018,NA,NA,0,0
758,27,2018-08-16,97,LA,081618BL04,29.0741,-91.6004,2,7.3,1418,30.8,30.9,30.3,24,29.4,31.4,5.8,3.4,2.6,29.0751,-91.5884,1404,1514,6.8,29.0731,-91.6111,1414,1558,7.4,60,"BL, BG, OX, SX, TC, SE",15,NA,NA,"A, B",G.S.# 28..MAINLINE CUT AT HOOK 81 RETRIEVED FROM SECOND HIGHLYER,2018-08-16,2018,NA,NA,0,0
759,27,2018-08-16,97,LA,081618BL05,29.1098,-91.6605,2.3,6,1633,29.5,31.2,31,19.4,29.3,29.8,6.5,5.1,3.6,29.1089,-91.671,1618,1729,5,29.1106,-91.6496,1629,1753,5.4,60,"BL, BG, OX, SX, TC, SE",15,NA,NA,,G.S. #27,2018-08-16,2018,NA,NA,0,0
760,27,2018-08-17,97,LA,081718BL01,29.3818,-92.3555,2.1,8.2,938,30.3,30.9,30.5,28.2,30.4,32.8,5.6,5.7,3.1,29.3935,-92.3537,923,1034,8,29.3712,-92.3571,934,1106,8.2,60,"BL, BG, OX, SX, TC, SE",15,NA,NA,,G.S. #37,2018-08-17,2018,NA,NA,0,0
761,27,2018-08-22,97,LA,082218BL01,29.514,-92.3754,0.2,1.4,822,30,30,29.9,30.4,30.4,30.3,4.5,4.4,4.5,29.5064,-92.3689,805,918,1.7,29.5219,-92.3857,818,1005,1.2,60,"SE, OY, SY, TY",15,NA,NA,,G.S. #43,2018-08-22,2018,NA,NA,0,0
762,27,2018-08-22,97,LA,082218bl02,29.314,-92.3762,2,7.8,1149,30.1,30.6,30.5,31,32,32,5.6,6.2,6.2,29.3124,-92.3666,1132,1245,7.2,29.3167,-92.3851,1145,1332,7.9,60,"BL, BG, OX, SX, TC, SE",15,NA,NA,,G.S. #44,2018-08-22,2018,0,1,0,1
763,27,2018-08-22,97,LA,082218BL03,29.2694,-92.2682,1.5,5.5,1417,31,31.1,30.9,30.9,31.5,31.6,6.5,5.9,7,29.2619,-92.263,1403,1513,5.5,29.2769,-92.2734,1413,1535,5.5,60,"BL, BG, OX, SX, TC, SE",15,NA,NA,,G.S. #38,2018-08-22,2018,NA,NA,0,0
764,27,2018-08-22,97,LA,082218BL04,29.3332,-92.1824,0.9,4.3,1623,31,31.1,31,30.8,31.6,31.6,5.7,5.1,5.9,29.3256,-92.1904,1608,1719,3.8,29.3396,-92.176,1619,1812,4.2,60,"BL, BG, OX, SX, TC, SE",15,NA,NA,,G.S. #42,2018-08-22,2018,NA,NA,0,0
765,27,2018-08-23,97,LA,082318BL01,29.234,-92.1379,0.9,5.2,750,30,30.2,30.2,30.8,31,31,5.4,5.8,5.9,29.2332,-92.148,733,845,4.8,29.2349,-92.1286,745,939,5.4,60,"BL, BG, OX, SX, TC, SE",15,NA,NA,,G.S. #41,2018-08-23,2018,NA,NA,0,0
766,27,2018-08-23,97,LA,082318BL02,29.3447,-92.0335,0.6,5.2,1040,30,30.1,30.6,29.7,30.4,30.6,5,4.7,5.8,29.3412,-92.0435,1023,1136,5.2,29.3464,-92.0255,1036,1219,4.9,60,"BL, BG, OX, SX, TC, SE",15,NA,NA,,G.S. #39,2018-08-23,2018,NA,NA,0,0
767,27,2018-08-23,97,LA,082318BL03,29.2067,-91.9266,1.5,6.2,1321,30.3,30.1,30.1,30.5,31.2,31.4,6.1,6.3,6.4,29.2105,-91.9369,1308,1419,6.3,29.2039,-91.9189,1319,1507,6.2,60,"BL, BG, OX, SX, TC, SE",15,NA,NA,,G.S. #36,2018-08-23,2018,NA,NA,0,0
768,27,2018-08-23,97,LA,082318BL04,29.1329,-91.8194,1.2,5.7,1603,31.2,31.2,30.3,24.8,26.4,32.3,7.1,7.1,7.8,29.131,-91.8292,1549,1659,6.1,29.1343,-91.811,1559,1750,5.6,60,"BL, BG, OX, SX, TC, SE",15,NA,NA,"A, B",G.S. #24..MAINLINE CUT AFTER HOOK 24 RETRIEVED FROM SECOND HIGHLYER,2018-08-23,2018,NA,NA,0,0
769,27,2018-08-24,97,LA,082418BL01,29.1879,-91.6948,1.1,6.5,725,29.2,29,30.8,23.3,24,28.8,6,5.3,4.1,29.1911,-91.7025,707,819,6.5,29.1853,-91.6862,719,859,6.6,60,"BL, BG, OX, SX, TC, SE",15,NA,NA,,G.S.#29,2018-08-24,2018,NA,NA,0,0
770,27,2018-08-24,97,LA,082418BL02,29.2309,-91.7728,1.1,5.7,942,29.6,29.9,30.9,25.4,26.3,28.5,6.1,5.1,4.9,29.2477,-91.7386,925,1038,5.9,29.2251,-91.7661,938,1125,5.4,60,"BL, BG, OX, SX, TC, SE",15,NA,NA,,G.S. #32,2018-08-24,2018,NA,NA,0,0
771,27,2018-08-24,97,LA,082418BL03,29.267,-91.6239,0.9,3.8,1219,29.8,30.1,29.4,21.6,24.6,26,8.1,7.7,5.3,29.2737,-91.6306,1203,1317,3.8,29.2613,-91.6182,1217,1347,3.8,60,"BL, BG, OX, SX, TC, SE",15,NA,NA,,G.S. #30,2018-08-24,2018,NA,NA,0,0
772,27,2018-08-24,97,LA,082418BL04,29.2065,-91.389,0.9,2.8,1559,31.2,31.1,30,19.7,20.1,22.6,8.4,7.8,5.6,29.2103,-91.3979,1440,1556,2.7,29.203,-91.3812,1456,1648,29,60,"BL, BG, OX, SX, TC, SE",15,NA,NA,,G.S. #23,2018-08-24,2018,NA,NA,0,0
773,27,2018-09-27,97,LA,092718BL01,29.1277,-89.5241,0.8,10.1,826,28.6,29.9,29.1,17.6,25,33.4,7.3,6.6,2,29.1386,-89.523,807,922,9.1,29.1189,-89.5255,822,1021,10.3,60,"BL, BG, OX, SX, TC, SE",15,NA,NA,,,2018-09-27,2018,NA,NA,0,0
774,28,2019-04-09,99,LA,040919BL01,29.5818,-92.7645,0.5,8,825,19.6,19.8,19.1,9.4,29.2,25.2,7.1,7,3.7,29.5823,-92.7711,741,904,8.3,29.5915,-92.7573,801,958,6.6,63,"BL, BG, OX, SX, TC, SE",15,NA,NA,,G.S # 44,2019-04-09,2019,NA,NA,0,0
775,28,2019-04-09,99,LA,040919BL02,29.4951,-92.497,0.8,7.2,1120,20.4,19.2,19.1,14.4,23.6,24.6,7.2,4.6,4.4,29.4915,-92.5038,1052,1211,8.1,29.5021,-92.4943,1110,1249,7.1,61,"BL, BG, OX, SX, TC, SE",15,NA,NA,,G.S. # 37,2019-04-09,2019,NA,NA,0,0
776,28,2019-04-09,99,LA,040919BL03,29.4401,-92.3986,0.8,8.5,1409,21.1,19.5,19.2,17.5,24.3,25.6,7.3,5.3,2.8,29.4355,-92.4043,1338,1454,8.9,29.4465,-92.3973,1354,1538,9,60,"BL, BG, OX, SX, TC, SE",15,NA,NA,,G.S.#38,2019-04-09,2019,NA,NA,0,0
777,28,2019-04-10,99,LA,041019BL01,29.7425,-93.6566,0.8,4.3,913,20.4,20.3,19,13.2,13.2,17.4,8.5,8.3,3.4,29.742,-93.6526,849,1007,4.5,29.7423,-93.6676,906,1053,3.9,61,"BL, BG, OX, SX, TC, SE",15,NA,NA,,G.S# 46,2019-04-10,2019,NA,NA,0,0
778,28,2019-04-10,99,LA,041019BL02,29.668,-93.5391,0.9,10,1213,21.7,19.5,19,11.7,18.3,26,11.3,7.1,2.5,29.6681,-93.5311,1146,1310,10,29.6668,-93.547,1205,1339,10,65,"BL, BG, OX, SX, TC, SE",15,NA,NA,,G.S.# 47,2019-04-10,2019,NA,NA,0,0
779,28,2019-04-10,99,LA,041019BL03,29.6833,-93.2413,0.8,10,1508,21.8,19.5,19.1,11.7,24.6,26.3,11,3.8,3.9,29.6816,-93.2345,1444,1603,9.5,29.6836,-93.248,1503,1634,9.6,60,"BL, BG, OX, SX, TC, SE",15,NA,NA,,G.S. #45,2019-04-10,2019,NA,NA,0,0
780,28,2019-04-10,97,LA,041019BL04,29.0054,-89.2857,0.2,4.7,913,16.6,19.7,19.4,9.1,27.2,27.8,6.6,7,6.8,29.0024,-89.275,844,1007,6.2,29.0118,-89.2954,907,1043,1.8,60,"BL, BG, OX, SX, TC, SE",15,NA,NA,,G.S. #18,2019-04-10,2019,0,3,0,3
781,28,2019-04-10,97,LA,041019BL05,29.2612,-89.72,0.6,8.4,1346,22.6,19.6,20.3,15.4,31,33.8,11.6,2.2,2.5,29.2706,-89.7194,1327,1442,2.9,29.2518,-89.7191,1342,1551,9.1,60,"BL, BG, OX, SX, TC, SE",15,NA,NA,"A, B",G.S. #17..LINE CUT AT HOOK 41/ RETRIEVED FROM HOOK 100,2019-04-10,2019,0,6,0,6
782,28,2019-04-23,97,LA,042319BL01,29.006,-90.3239,2.4,11.9,806,21.4,21.6,21.3,27,27.7,33.8,6.7,5.6,2,29.0141,-90.3303,748,902,11,28.9975,-90.3168,802,951,11.4,60,"BL, BG, OX, SX, TC, SE",15,NA,NA,,G.S. # 20,2019-04-23,2019,0,12,0,12
783,28,2019-04-23,97,LA,042319BL02,28.9965,-90.4079,2.1,11.2,1046,21.2,21.5,21.4,24.1,27,33.6,7.3,4.5,0.7,29.0033,-90.4149,1029,1142,10.4,28.9897,-90.4009,1042,1305,11.9,60,"BL, BG, OX, SX, TC, SE",15,NA,NA,,G.S. #19,2019-04-23,2019,NA,NA,0,0
784,28,2019-04-23,97,LA,042319BL03,28.9781,-90.6213,2.3,10,1438,21.7,21.7,21.4,23.9,27.1,32.9,7.4,6.6,1.2,28.9852,-90.6285,1420,1533,9.7,28.971,-90.6148,1433,1613,10.6,60,"BL, BG, OX, SX, TC, SE",15,NA,NA,,G.S.21,2019-04-23,2019,0,2,0,2
785,28,2019-04-24,97,LA,042419BL01,28.9357,-90.9861,1.7,8.7,729,21.7,21.8,21.4,23.2,26.5,30.3,8.2,5.4,1.7,28.9416,-90.9963,710,824,8.9,28.93,-90.9766,724,910,6.3,60,"BL, BG, OX, SX, TC, SE",15,NA,NA,,G.S. #22,2019-04-24,2019,0,2,0,2
786,28,2019-04-24,97,LA,042419BL02,28.969,-91.0116,2.1,8.2,955,21.9,22.1,21.7,23.7,26.5,27.6,7.6,7,6,28.9737,-91.0212,904,1051,8,28.9632,-91.0024,951,1134,8.6,60,"BL, BG, OX, SX, TC, SE",15,NA,NA,,G.S. #26,2019-04-24,2019,0,2,0,2
787,28,2019-04-24,97,LA,042419BL03,28.846,-91.0433,2.4,7.9,1243,22.1,22,21.5,24.5,25.1,28.4,8.5,8.9,6.3,28.8503,-91.0537,1227,1339,7.8,28.8418,-91.034,1239,1418,8.3,60,"BL, BG, OX, SX, TC, SE",15,NA,NA,,G.S. #25,2019-04-24,2019,0,2,0,2
788,28,2019-05-06,97,LA,050619BL02,29.3688,-92.2371,0.9,5.8,1515,25.6,25.7,25.2,5.9,6.5,26.2,7.9,7.6,11.4,29.3721,-92.2432,1458,1610,6,29.3647,-92.2287,1510,1705,5.8,60,"BL, BG, OX, SX, TC, SE",15,NA,NA,,G.S.43,2019-05-06,2019,0,7,0,7
789,28,2019-05-07,97,LA,050719BL01,29.3209,-92.1229,0.3,5.3,840,25.3,25.5,25.5,21.9,23,23.2,6,6,6.5,29.3251,-92.1322,823,936,5.3,29.3225,-92.1142,836,1058,5.8,60,"BL, BG, OX, SX, TC, SE",15,NA,NA,,G.S. 39,2019-05-07,2019,0,1,0,1
790,28,2019-05-07,97,LA,050719BL02,29.2622,-92.0454,0.9,7.5,1221,25.3,25.3,24.9,26.8,27.2,27.6,6.2,7.2,6,29.2583,-92.0521,1204,1316,7.3,29.2464,-92.039,1216,1503,7.6,60,"BL, BG, OX, SX, TC, SE",15,NA,NA,,GS41,2019-05-07,2019,0,14,0,14
791,28,2019-05-14,97,LA,051419BL01,29.1718,-92.1416,1.8,9.4,850,25.7,26,24.8,24.3,24.9,29.2,6.6,7.2,3.4,29.1705,-92.1536,829,945,9.4,29.1719,-92.1305,845,1057,9.2,60,"BL, BG, OX, SX, TC, SE",15,NA,NA,,G.S. 42,2019-05-14,2019,0,6,0,6
792,28,2019-05-15,97,LA,051519BL01,29.2777,-91.9545,0.3,7,733,25.4,25.8,25.9,20.2,21.4,22.6,6.2,6.4,6.4,29.278,-91.9655,713,829,7.1,29.2776,-91.9425,729,953,6.9,60,"BL, BG, OX, SX, TC, SE",15,NA,NA,,G.S. 35,2019-05-15,2019,NA,NA,0,0
793,28,2019-05-15,97,LA,051519BL02,29.1536,-91.9158,0.6,7.6,1058,25.7,25.7,25.6,23.5,23.8,24.5,6.5,6.9,6.8,29.1577,-91.925,1040,1153,7.4,29.15,-91.9062,1053,1302,7.9,60,"BL, BG, OX, SX, TC, SE",15,NA,NA,,G.S. 24,2019-05-15,2019,0,7,0,7
794,28,2019-05-15,97,LA,051519BL03,29.2095,-91.794,1.4,5.6,1407,26.2,26,25.6,21.4,21.9,24,7.6,7.5,6.4,29.2166,-91.7991,1349,1503,5.8,29.2018,-91.788,1403,1556,5.6,60,"BL, BG, OX, SX, TC, SE",15,NA,NA,,G.S.23,2019-05-15,2019,0,10,0,10
795,28,2019-05-15,97,LA,051519BL04,29.3217,-91.7326,0.3,3.5,1654,26.4,25.8,25.6,8,14.7,17.7,8,7,6,29.3334,-91.7339,1635,1747,3.4,29.3158,-91.7307,1647,1834,3.7,60,"BL, BG, OX, SX, TC, SE",15,NA,NA,,G.S. 32,2019-05-15,2019,NA,NA,0,0
796,28,2019-05-16,97,LA,051619BL01,29.2125,-91.6573,1.2,5.7,620,25.4,25.7,26,21.6,22.3,22.5,6.5,6.8,7.4,29.2125,-91.6698,601,715,5.6,29.2124,-91.6444,615,814,6,60,"BL, BG, OX, SX, TC, SE",15,NA,NA,,G.S. 31,2019-05-16,2019,0,1,0,1
797,28,2019-05-16,97,LA,051619BL02,28.9767,-91.4557,0.9,10.5,954,25,25.2,24.8,18.7,25.6,27.9,7.1,5.7,5.8,28.9863,-91.4576,939,1051,9.8,28.9675,-91.4536,951,1149,10.7,60,"BL, BG, OX, SX, TC, SE",15,NA,NA,,G.S. 36,2019-05-16,2019,0,6,0,6
798,28,2019-05-16,97,LA,051619BL03,28.9133,-91.2656,3.7,6.2,1300,25.2,25.5,25.2,22.4,23.9,26,7,7.4,7.4,28.9161,-91.2723,1239,1355,6.3,28.9103,-91.2563,1255,1542,6.3,60,"BL, BG, OX, SX, TC, SE",15,NA,NA,,G.S. 28,2019-05-16,2019,0,13,0,13
799,28,2019-05-17,97,LA,051719BL01,28.9524,-91.1775,2.4,6.8,647,24.3,24.8,24.8,19.8,21.1,21.1,7,7.5,7.5,28.9623,-91.1805,630,744,6.3,28.9429,-91.1749,644,851,7.3,60,"BL, BG, OX, SX, TC, SE",15,NA,NA,,G.S. 27,2019-05-17,2019,0,2,0,2
800,28,2019-05-17,97,LA,051719BL02,28.829,-91.241,3.7,8.8,949,24.7,25.1,25,22.3,24.7,27,7,7.4,7,28.8374,-91.2442,934,1046,8.8,28.8207,-91.2376,946,1222,9.5,60,"BL, BG, OX, SX, TC, SE",15,NA,NA,,G.S. 30,2019-05-17,2019,NA,NA,0,0
801,28,2019-06-11,99,LA,061119BL01,29.5383,-92.655,1.2,8.9,1534,28.6,27.1,26.9,31.9,32.4,34,4.2,2.8,0.7,29.5492,-92.6653,1508,1624,8.7,29.5268,-92.6701,1524,1830,9,60,"BL, BG, OX, SX, TC, SE",15,NA,NA,"A, B, H","GS# 41 / started 0.5 nm south of original point / mainline cut after hook 80 - retrieved from 2nd high flyer - lost 10 hooks  OY,SY,TY....YSI Readings:                     DO      SAL    TEMP..                             TOP          4.23    32.54   28.7       ..                             MID          4.00    32.76    27.3..                             BOTTOM 1.02    34.30   26.9",2019-06-11,2019,NA,NA,0,0
802,28,2019-06-12,99,LA,061219BL01,29.7193,-93.4152,0.9,5.2,825,27.6,27.8,28.4,17.7,18,19.9,5.6,5.6,3.6,29.7201,-93.4238,759,916,5.3,29.7181,-93.4064,816,952,5.3,60,"BL, BG, OX, SX, TC, SE",15,NA,NA,,"GS# 47  OY,SY,TY..YSI Readings:                     DO      SAL    TEMP..                             TOP         6.76     18.04   28.0..                             MID         6.67     18.06   28.0..                         BOTTOM   4.13   19.99   28.3",2019-06-12,2019,0,3,0,3
803,28,2019-06-12,99,LA,061219BL02,29.6876,-93.3671,0.6,8.6,1045,27.7,28.4,27.4,16.4,19.5,26.6,7,6.4,0.3,29.6929,-93.3732,1019,1137,7.8,29.6841,-93.3608,1037,1222,9,60,"BL, BG, OX, SX, TC, SE",15,NA,NA,,"GS# 48 / moved 1 nm NW to avoid shipping channel  OY,SY,TY..YSI Readings:                     DO      SAL    TEMP..                             TOP        7.34     16.86    28.0..                             MID        6.43     19.77    28.4..                         BOTTOM  .70        28.29    27.2",2019-06-12,2019,NA,NA,0,0
804,28,2019-06-12,99,LA,061219BL03,29.6294,-93.0193,1.5,9.7,1405,28.5,28.3,26.7,17.6,21.8,32,6.3,0.6,0.1,29.6288,-93.0297,1339,1456,9.2,29.6314,-93.0113,1356,1532,9.6,60,"BL, BG, OX, SX, TC, SE",15,NA,NA,,"GS# 45  OY,SY,TY..YSI Readings:                     DO      SAL    TEMP..                             TOP         7.44     18.23   28.6..                             MID         5.12     20.54   28.6..                         BOTTOM   .55        32.48   26.7",2019-06-12,2019,NA,NA,0,0
805,28,2019-06-12,99,LA,061219BL04,29.6862,-92.982,0.5,5.7,1627,28.7,28,27,15.1,21.1,31.1,6.7,5.2,0.2,29.689,-92.9918,1603,1717,5.7,29.6857,-92.9738,1617,1746,5.6,60,"BL, BG, OX, SX, TC, SE",15,NA,NA,,"GS# 42  OY,SY,TY....YSI Readings:                     DO      SAL    TEMP..                             TOP          6.55     11.00   28.8..                             MID          7.15     19.08   28.4..                         BOTTOM    1.24      31.22  27.1",2019-06-12,2019,NA,NA,0,0
806,28,2019-06-12,97,LA,061219BL05,29.5046,-92.2303,0.9,2.8,724,27,27.3,38.2,16.4,16.5,18.8,6.7,7.2,6.8,29.4948,-92.2264,620,818,2.7,29.5144,-92.2337,718,845,2.7,60,"BL, BG, OX, SX, TC, SE",15,NA,NA,,GS# 40,2019-06-12,2019,NA,NA,0,0
807,28,2019-06-12,97,LA,061219BL06,29.5012,-92.5013,0.9,6.2,953,26.3,27.9,28.5,17.6,20.4,25.3,6.5,6.1,6.1,29.4899,-92.4945,930,1048,7,29.5087,-92.5053,948,1111,5.8,60,"BL, BG, OX, SX, TC, SE",15,NA,NA,,GS# 39,2019-06-12,2019,NA,NA,0,0
808,28,2019-06-12,97,LA,061219BL07,29.4763,-92.0947,0.9,2.9,1258,27.7,28,27.6,9.3,11.3,17.2,8.7,7.7,3.7,29.4685,-92.0995,1242,1353,3.2,29.4853,-92.091,1253,1445,2.9,60,"BL, BG, OX, SX, TC, SE",15,NA,NA,,GS# 43,2019-06-12,2019,NA,NA,0,0
809,28,2019-06-12,97,LA,061219BL08,29.1727,-92.1279,0.9,7,1611,27.9,28.7,27.2,18.1,19.6,34,7.4,3.4,2,29.1655,-92.1255,1555,1708,9.4,29.1823,-92.1303,1608,1806,8.3,60,"BL, BG, OX, SX, TC, SE",15,NA,NA,,GS# 37,2019-06-12,2019,0,4,0,4
810,28,2019-06-13,97,LA,061319BL01,29.1785,-91.9773,1.2,6.8,632,27.1,28.4,27.5,14.6,21.3,32.3,6.5,3,2.7,29.1664,-91.9752,616,729,7.4,29.1878,-91.9783,629,956,7.6,60,"BL, BG, OX, SX, TC, SE",15,NA,NA,,GS# 24,2019-06-13,2019,0,14,0,14
811,28,2019-06-13,97,LA,061319BL02,29.2657,-91.9304,1.5,6.9,1051,30,28,27.1,14.7,20.7,34.2,7,1.8,0.9,29.2588,-91.8898,1036,1148,6.8,29.2727,-91.9373,1048,1312,7,60,"BL, BG, OX, SX, TC, SE",15,NA,NA,,GS# 34,2019-06-13,2019,NA,NA,0,0
812,28,2019-06-13,97,LA,061319BL03,29.316,-91.6488,0.2,2.8,1436,27.6,27.2,28.4,1.4,3.5,30,6.5,6.1,-3.5,29.3078,-91.6509,1422,1533,3,29.3241,-91.6464,1433,1602,2.8,60,"BL, BG, OX, SX, TC, SE",15,NA,NA,,GS# 23,2019-06-13,2019,NA,NA,0,0
813,28,2019-06-13,97,LA,061319BL04,29.2958,-91.4984,0.2,1.9,1658,29,NA,27.9,1.3,NA,6.4,4.6,NA,4.7,29.2966,-91.5077,1643,1755,2,29.2951,-91.4884,1655,1840,1.8,60,"BL, BG, OX, SX, TC, SE",15,NA,NA,"A, B",GS# 36 / mainline cut after hook 58 / retrieved from 2nd high flyer @ 1821 / too shallow for mid-depth  CTD readings,2019-06-13,2019,NA,NA,0,0
814,28,2019-06-14,97,LA,061419BL01,29.2266,-91.5633,0.5,3.4,630,26.6,27.3,22.7,8.6,16,22.8,3.9,3.5,3.5,29.2365,-91.5667,614,726,3.4,29.2174,-91.5606,626,752,3.6,60,"BL, BG, OX, SX, TC, SE",15,NA,NA,,GS# 27,2019-06-14,2019,NA,NA,0,0
815,28,2019-06-14,97,LA,061419BL02,29.1583,-91.6028,0.8,6.5,826,27.6,28.4,27.3,9,24.2,33.4,6.8,7.4,1.8,29.1673,-91.6011,812,922,6.4,29.1494,-91.6047,822,1032,6.4,60,"BL, BG, OX, SX, TC, SE",15,NA,NA,,GS# 32,2019-06-14,2019,NA,NA,0,0
816,28,2019-06-14,97,LA,061419BL03,29.1337,-91.7102,0.9,4.7,1114,28,28,28.2,7.5,15.6,28.2,6.7,6.3,4.5,29.1342,-91.719,1100,1212,4.9,29.1332,-91.7019,1112,1326,4.4,60,"BL, BG, OX, SX, TC, SE",15,NA,NA,,GS# 33,2019-06-14,2019,NA,NA,0,0
817,28,2019-06-25,97,LA,062519BL01,29.127,-91.4613,0.3,6.5,1619,29.4,29.5,29.1,16.3,17.2,17.7,5.7,5.8,5.6,29.136,-91.4619,1604,1716,6.4,29.1187,-91.4606,1616,1759,7.9,60,"BL, BG, OX, SX, TC, SE",15,NA,NA,,GS# 26,2019-06-25,2019,NA,NA,0,0
818,28,2019-06-26,97,LA,062619BL01,28.9904,-91.3554,0.3,6.3,1111,28.7,29.1,29.1,23.6,25.9,25.9,5,5.1,5.3,28.9957,-91.3606,1056,1208,6.3,28.9841,-91.3491,1108,1300,6.3,60,"BL, BG, OX, SX, TC, SE",15,NA,NA,,GS# 35,2019-06-26,2019,NA,NA,0,0
819,28,2019-06-26,97,LA,062619BL02,28.9256,-91.3263,0.9,7.6,1353,29.3,29.1,29.1,21.6,26.3,26.4,5.3,4.7,4.9,28.9314,-91.3306,1339,1448,7.4,28.9195,-91.321,1348,1538,8.1,60,"BL, BG, OX, SX, TC, SE",15,NA,NA,,GS# 28,2019-06-26,2019,NA,NA,0,0
820,28,2019-06-26,97,LA,062619BL03,28.9007,-91.1743,0.8,6.2,1649,28.8,29.8,29.2,21.6,25.5,26,5.8,5.8,5.2,28.9029,-91.1824,1636,1746,6.4,28.8985,-91.1668,1646,1851,6.1,60,"BL, BG, OX, SX, TC, SE",15,NA,NA,,GS# 29,2019-06-26,2019,0,1,0,1
821,28,2019-06-27,97,LA,062719BL01,29.0002,-91.1231,1.1,5.5,620,28.9,29.6,29.8,21.5,22.6,23.3,5.5,5.7,6.6,29.0017,-91.1333,603,716,5.3,28.9978,-91.1135,616,753,6,60,"BL, BG, OX, SX, TC, SE",15,NA,NA,,GS# 30,2019-06-27,2019,0,1,0,1
822,28,2019-06-27,97,LA,062719BL02,28.9902,-90.9722,0.8,7.1,904,29.4,29.6,30.1,19.1,20.3,22.3,5.6,5.2,5.4,28.9839,-90.9645,848,959,7.3,28.9974,-90.9808,859,1028,7.9,60,"BL, BG, OX, SX, TC, SE",15,NA,NA,,GS# 21,2019-06-27,2019,NA,NA,0,0
823,28,2019-06-27,97,LA,062719BL03,28.8325,-91.0027,1.5,9,1125,29.6,30,29.8,24.5,27,28.3,5.9,6.1,5.6,28.8403,-91.0065,1111,1222,8.8,28.8248,-90.9986,1122,1312,7.7,60,"BL, BG, OX, SX, TC, SE",15,NA,NA,,GS# 31,2019-06-27,2019,0,2,0,2
824,28,2019-07-17,97,LA,071719BL01,28.9931,-90.4224,0.6,11.3,913,28.3,28.4,28.1,26.5,27.8,30,5.3,5.2,5.7,29.0019,-90.4209,856,1009,10.4,28.9824,-90.4234,909,1121,12.2,60,"BL, BG, OX, SX, TC, SE",15,NA,NA,,GS# 20,2019-07-17,2019,NA,NA,0,0
825,28,2019-07-17,97,LA,071719BL02,28.9414,-90.7814,0.9,10.2,1336,28.6,28.6,27.7,23.5,27.3,29.3,7.8,6.4,5.2,28.9499,-90.786,1319,1432,9.9,28.9328,-90.7752,1332,1537,10,60,"BL, BG, OX, SX, TC, SE",15,NA,NA,"A, B, H",GS# 19 line was cut after hook 47/retrieved from 2nd bouys @ 1505/ lost 3 hooks,2019-07-17,2019,NA,NA,0,0
826,28,2019-07-17,97,LA,071719BL03,28.8838,-90.8622,0.9,8,1622,29.4,29.2,28.4,26.2,27.9,28.3,9.7,7.7,6.7,28.8928,-90.8594,1605,1718,10.8,28.8745,-90.8649,1618,1832,7.9,60,"BL, BG, OX, SX, TC, SE",15,NA,NA,,GS# 22,2019-07-17,2019,NA,NA,0,0
827,28,2019-07-18,97,LA,071819BL01,29.1169,-89.5211,0.3,10.8,955,29.1,27.7,26.8,4.3,25.6,31.8,5.8,3.9,2.2,29.1266,-89.5174,937,1051,10.2,29.1074,-89.5251,951,1144,11.1,60,"BL, BG, OX, SX, TC, SE",15,NA,NA,,GS# 17,2019-07-18,2019,NA,NA,0,0
828,28,2019-07-18,97,LA,071819BL02,29.0552,-89.465,0.3,10,1241,29.4,27.4,27.3,4.7,25.4,29.5,6.1,4,3.6,29.0595,-89.4539,1223,1335,8.7,29.0513,-89.4753,1235,1430,10.5,60,"BL, BG, OX, SX, TC, SE",15,NA,NA,,GS# 18 ran out of shark tags after hook #6,2019-07-18,2019,NA,NA,0,0
829,28,2019-07-24,99,LA,072419BL01,29.4228,-92.4227,0.8,9.7,1238,27.7,27.7,27.8,25.8,25.9,26.2,3.6,3.7,3.2,29.4309,-92.4221,1211,1328,9.3,29.417,-92.4221,1228,1436,9.8,60,"BL, BG, OX, SX, TC, SE, OY",15,NA,NA,,"GS# 44 moved site to work around pipelines / rough seas-weights may be inaccurate  OY,SY,TY..YSI readings:                          DO     SAL      TEMP ..                           top depth   3.86     26.7      27.7..                           mid               3.44     26.12    27.7 ..                           bottom        3.10     26.28    27.7",2019-07-24,2019,NA,NA,0,0
830,28,2019-07-24,99,LA,072419BL02,29.3968,-92.3128,0.6,7.8,1605,28.5,28.3,28.2,20.2,23.2,24.4,7.9,5.9,5.6,29.4036,-92.3068,1542,1659,8,29.3909,-92.3097,1559,1752,7.9,60,"BL, BG, OX, SX, TC, SE, OY",15,NA,NA,,GS# 38 / other gear codes used for QA/QC-SY TY..YSI Readings:                DO       SAL      TEMP..                 top depth    8.9         28.25     20.7..                     mid           6.81       23.12     28.3..                  bottom       5.85       24.65     28.2,2019-07-24,2019,NA,NA,0,0
831,28,2019-08-01,97,LA,080119BL01,28.9845,-89.2905,4.6,12.2,1020,29.8,29.2,28.1,3.8,23.2,28.4,8.6,3.9,3.2,28.9933,-89.2825,1000,1115,8.9,28.9767,-89.2977,1015,1342,9.4,60,"BL, BG, OX, SX, TC, SE",15,NA,NA,"A, B",G.S. # 17..Cut after hook 66..Picked up at other highflyer at 1312..28 58.775 89 17.737   depth 13.32,2019-08-01,2019,NA,NA,0,0
832,28,2019-08-01,97,LA,080119BL02,28.935,-89.4474,0.6,8.3,1458,29.9,29.5,28.6,7.6,18.4,28.2,8,6.2,2.9,28.9248,-89.4433,1439,1552,6.8,28.9453,-89.451,1452,1637,10.2,60,"BL, BG, OX, SX, TC, SE",15,NA,NA,,G.S. 18,2019-08-01,2019,NA,NA,0,0
833,28,2019-08-05,99,LA,080519BL01,29.6259,-92.9367,1.1,8.7,1335,31.3,29.3,28.7,17,21.2,22.7,7.2,2.4,1.7,29.6305,-92.933,1306,1423,8.7,29.6336,-92.947,1323,1513,8.8,60,"BL, BG, OX, SX, TC, SE",15,NA,NA,,"G.S. 40  OY,SY,TY..YSI DATA..                     Temp      DO     Salinity..Top             31.3         8.95       18.51..Middle       29.3        4.91       22.84..Bottom      28.7        2.27        24.34",2019-08-05,2019,0,2,0,2
834,28,2019-08-05,99,LA,080519BL02,29.6006,-92.8626,0.9,9.3,1619,31.8,29.1,28.7,16.4,21.8,23.1,7.7,2.8,1.6,29.6002,-92.8554,1553,1710,9,29.6014,-92.8713,1610,1752,9.3,60,"BL, BG, OX, SX, TC, SE",15,NA,NA,,GS#41..YSI DATA..                     Temp      DO     Salinity..Top             31.9         9.61       17.57..Middle       29.3        4.20       22.89..Bottom      28.7        2.35       24.85,2019-08-05,2019,0,2,0,2
835,28,2019-08-06,99,LA,080619BL01,29.7154,-93.6711,1.5,6.9,854,30.2,30.5,29,20,20.6,22.6,6.8,7,0.6,29.7142,-93.662,831,946,7,29.7167,-93.6781,846,1019,6.6,60,"BL, BG, OX, SX, TC, SE",15,NA,NA,,GS#47..YSI DATA..                     Temp      DO     Salinity..Top             30.3         7.33       20.29..Middle       30.4        7.24       20.78..Bottom      29.1        0.88        22.75,2019-08-06,2019,NA,NA,0,0
836,28,2019-08-06,99,LA,080619BL02,29.6992,-93.2951,0.9,8.3,1154,30.6,30.2,29,18.2,21,23.9,6.8,5,1.2,29.696,-93.2852,1126,1244,8.5,29.702,-93.3027,1144,1325,8.1,60,"BL, BG, OX, SX, TC, SE",15,NA,NA,,GS #46 YSI QA/QC - TEMP TOP 31.1 MID 30.1 BOT 28.9..                                        DO     TOP 7.07 MID 6.57 BOT 1.41..                                        SAL    TOP 18.26 MID 21.29 BOT 24.18,2019-08-06,2019,NA,NA,0,0
837,28,2019-08-06,99,LA,080619BL03,29.7092,-93.0809,1.1,6.1,1448,30.8,29.9,28.6,19.2,20.1,22.4,7.7,4.6,0.1,29.7051,-93.0714,1422,1540,6.2,29.7117,-93.0895,1440,1624,6.1,60,"BL, BG, OX, SX, TC, SE",15,NA,NA,,GS #48 YSI QA/QC - TEMP TOP 31.3 MID 29.9 BOT 28.5..                                        DO     TOP 7.72 MID 4.75 BOT 0.51..                                        SAL    TOP 19.48 MID 20.12 BOT 22.69,2019-08-06,2019,0,1,0,1
838,28,2019-08-07,99,LA,080719BL01,29.4822,-92.3373,0.5,3.5,819,29.5,29.5,29.2,19.2,20.2,21.2,4,3.7,3.2,29.4771,-92.33,754,911,3.9,29.4844,-92.3455,811,942,3.4,60,"BL, BG, OX, SX, TC, SE",15,NA,NA,,GS #43 YSI QA/QC - TEMP TOP 29.5 MID 29.5 BOT 29.4..                                        DO     TOP 4.17 MID 4.18 BOT 3.40..                                        SAL    TOP 20.64 MID 20.64 BOT 21.36,2019-08-07,2019,NA,NA,0,0
839,28,2019-08-07,99,LA,080719BL02,29.5515,-92.5339,0.6,4.1,1101,30,30,29.4,18,18.3,20.8,4.8,4.6,1.7,29.549,-92.5251,1032,1150,2.8,29.5543,-92.5426,1050,1229,4.5,60,"BL, BG, OX, SX, TC, SE",15,NA,NA,,GS #42 YSI QA/QC - TEMP TOP 30.1 MID 30.0 BOT 29.4..                                        DO     TOP 5.09 MID 4.84 BOT 2.17..                                        SAL    TOP 18.69 MID 18.73 BOT 21.23,2019-08-07,2019,0,1,0,1
840,28,2019-08-13,97,LA,081319BL01,29.118,-90.0838,2.7,10.8,750,29.1,28.8,27.1,27.2,29.4,32.3,5.4,2.7,1.2,29.124,-90.074,732,845,10.6,29.1123,-90.0935,745,927,10.8,60,"BL, BG, OX, SX, TC, SE",15,NA,NA,,GS #22,2019-08-13,2019,NA,NA,0,0
841,28,2019-08-13,97,LA,081319BL02,29.0418,-90.3325,1.8,8,1045,28.7,28.8,27.2,24.9,28.6,32.4,3.6,1.6,2.4,29.042,-90.3219,1030,1142,8.4,29.0416,-90.3414,1042,1201,8,60,"BL, BG, OX, SX, TC, SE",15,NA,NA,,GS #20,2019-08-13,2019,NA,NA,0,0
842,28,2019-08-13,97,LA,081319BL03,29.0098,-90.5011,1.1,9.2,1302,29.3,28.6,27.1,21.4,28.8,32.3,6.1,0.9,0.6,29.0053,-90.4932,1246,1358,9.5,29.0139,-90.5089,1258,1423,8.8,60,"BL, BG, OX, SX, TC, SE",15,NA,NA,,GS#19,2019-08-13,2019,NA,NA,0,0
843,28,2019-08-13,97,LA,081319BL04,29.0062,-90.8175,1.2,5.2,1556,29.1,28.7,28.3,25,28.2,30,3.8,1.8,0.4,29.0103,-90.8074,1540,1658,5,29.0028,NA,1551,1714,5.7,67,"BL, BG, OX, SX, TC, SE",15,NA,NA,,GS#21,2019-08-13,2019,NA,NA,0,0
844,28,2019-08-14,97,LA,081419BL01,28.8119,-91.1398,0.9,7.1,911,30.7,31,28.7,9.6,18.8,28.5,7.7,6.3,1.4,28.813,-91.1305,854,1011,7.8,28.8104,-91.1492,907,1102,7.6,64,"BL, BG, OX, SX, TC, SE",15,NA,NA,,GS #33,2019-08-14,2019,NA,NA,0,0
845,28,2019-08-14,97,LA,081419BL02,28.9206,-91.1239,1.2,5.9,1656,29.8,30.1,30.2,15.9,17,23.2,5.3,5.1,3.6,28.9156,-91.1156,1641,1753,4.1,28.9252,-91.1315,1653,1824,7,60,"BL, BG, OX, SX, TC, SE",15,NA,NA,,GS #31,2019-08-14,2019,0,6,0,6
846,28,2019-08-15,97,LA,081519BL01,28.9698,-91.083,3,7.8,653,28.8,29.5,28.4,18.4,24.4,29.4,4.1,0.5,0.2,28.9791,-91.089,637,749,7.3,28.9609,-91.0774,649,824,8.2,60,"BL, BG, OX, SX, TC, SE",15,NA,NA,,GS #35,2019-08-15,2019,NA,NA,0,0
847,28,2019-08-15,97,LA,081519BL02,29.0657,-91.2798,0.9,4.8,939,29.2,30.5,30,14.4,19.4,25.2,5.2,4.5,2.9,29.0572,-91.2843,925,1036,4.8,29.0733,-91.2757,936,1121,4.7,60,"BL, BG, OX, SX, TC, SE",15,NA,NA,,GS #36,2019-08-15,2019,0,3,0,3
848,28,2019-08-15,97,LA,081519BL03,29.2039,-91.3546,0.5,2.9,1225,29.5,29.5,29,5,12.6,24.7,6.6,6.3,2.1,29.1969,-91.3604,1208,1319,3,29.2108,-91.3491,1219,1344,2.7,60,"BL, BG, OX, SX, TC, SE",15,NA,NA,,GS #32,2019-08-15,2019,NA,NA,0,0
849,28,2019-08-27,97,LA,082719BL01,29.4487,-92.2217,0.3,3.7,1350,29,29.1,28.6,8.6,9.9,24.2,7.9,7.4,5.8,29.4526,-92.2114,1331,1451,3.7,29.442,-92.2317,1346,1527,4.3,65,"BL, BG, OX, SX, TC, SE",15,NA,NA,,G.S. # 38..                   Depth                    DO               SALINITY          TEMP..TOP               1                         8.76                 6.89                  30.1  ..MID               6                         6.7                   13.74                28.6..BOTTOM    13                        3.47                 22.58                28.6,2019-08-27,2019,NA,NA,0,0
850,28,2019-08-27,97,LA,082719BL02,29.454,-92.1406,0.3,2.1,1620,29.6,NA,27.9,3.2,NA,7.4,8.2,NA,6.2,29.4457,-92.1351,1644,1716,2.6,29.4624,-92.1451,1616,1750,2.5,60,"BL, BG, OX, SX, TC, SE",15,NA,NA,,GS # 37,2019-08-27,2019,NA,NA,0,0
851,28,2019-08-28,97,LA,082819BL01,29.1463,-92.2388,1.7,10.5,713,28.6,29.5,29.2,25.4,26.8,27.7,6,6.7,5.4,29.1566,-92.2317,655,809,9.9,29.1372,-92.2445,709,900,11.9,60,"BL, BG, OX, SX, TC, SE",15,NA,NA,,G.S. #44,2019-08-28,2019,NA,NA,0,0
852,28,2019-08-28,97,LA,082819BL02,29.3791,-92.1157,0.5,4,1034,28.9,28.8,29,7.4,11,23.9,7.6,6.8,4.8,29.3696,-92.1171,1018,1131,4.3,29.3877,-92.1141,1031,1223,3.7,60,"BL, BG, OX, SX, TC, SE",15,NA,NA,,GS #39,2019-08-28,2019,NA,NA,0,0
853,28,2019-08-28,97,LA,082819BL03,29.3978,-91.9821,0.5,2.6,1320,30.1,29.3,28.4,4.1,9.8,18.8,9.9,9.4,4.5,29.3996,-91.9929,1304,1415,2.8,29.3966,-91.9725,1315,1536,2.5,60,"BL, BG, OX, SX, TC, SE",15,NA,NA,,GS 29,2019-08-28,2019,NA,NA,0,0
854,28,2019-08-28,97,LA,082819BL04,29.3448,-91.8111,0.2,3.2,1634,29.1,29.1,28.5,3.9,7.1,20.4,6.6,6.2,4.9,29.3461,-91.824700000000007,1619,1730,3.4,29.3438,-91.8049,1630,1804,3.2,60,"BL, BG, OX, SX, TC, SE",15,NA,NA,,G.S. 28,2019-08-28,2019,NA,NA,0,0
855,28,2019-08-29,97,LA,082919BL01,29.3819,-91.6671,0.5,2.6,743,28.3,NA,28.8,3.3,NA,6.1,6.3,NA,6.6,29.3731,-91.6675,728,839,2.6,29.3906,-91.6671,739,914,2.6,60,"BL, BG, OX, SX, TC, SE",15,NA,NA,,GS 24,2019-08-29,2019,NA,NA,0,0
856,28,2019-08-29,97,LA,082919BL02,29.1761,-91.9104,1.5,6.4,1054,29.7,29.7,29.5,19.6,25.2,25.6,7,6.1,6,29.1766,-91.8839,1041,1151,6.4,29.176,-91.9188,1051,1234,6.4,60,"BL, BG, OX, SX, TC, SE",15,NA,NA,,GS 34,2019-08-29,2019,NA,NA,0,0
857,28,2019-09-24,97,LA,092419BL01,29.1992,-91.7543,1.2,6,929,28.6,28.6,28.5,25,26.5,26.5,5.8,5.6,6.3,29.2067,-91.762,913,1029,5.8,29.1923,-91.7472,925,1104,6,64,"BL, BG, OX, SX, TC, SE",15,NA,NA,,G.S. 30,2019-09-24,2019,NA,NA,0,0
858,28,2019-09-24,97,LA,092419BL02,29.148,-91.6749,1.2,4.8,1153,27.9,28.8,28.7,22.3,25.6,26,6.6,6,6.1,29.1487,-91.6855,1138,1250,4.9,29.1475,-91.6652,1150,1318,4.8,60,"BL, BG, OX, SX, TC, SE",15,NA,NA,,G.S. 25,2019-09-24,2019,NA,NA,0,0
859,28,2019-09-24,97,LA,092419BL03,29.0212,-91.5938,1.8,8.6,1430,28.9,28.8,28.8,24.9,25.6,27.4,6.1,6.6,5.5,29.0291,-91.5989,1417,1528,7.8,29.0147,-91.589,1428,1604,9.8,60,"BL, BG, OX, SX, TC, SE",15,NA,NA,,G.S. 23,2019-09-24,2019,NA,NA,0,0
860,28,2019-09-24,97,LA,092419BL04,29.0522,-91.5066,0.9,7.3,1654,28.5,28.9,28.6,23.4,24.5,24.9,5.9,6.3,5.6,29.0523,-91.5169,1638,1750,7.4,29.0519,-91.4967,1650,1832,7.3,60,"BL, BG, OX, SX, TC, SE",15,NA,NA,,G.S. 26,2019-09-24,2019,NA,NA,0,0
861,28,2019-09-25,97,LA,092519BL01,29.0119,-91.4397,0.9,8.7,729,27.5,28.5,28.7,23.9,25.4,26.3,5.4,5.8,4.9,29.017,-91.4531,712,825,8.7,29.007,-91.43,725,917,8.6,60,"BL, BG, OX, SX, TC, SE",15,NA,NA,,G.S. 27,2019-09-25,2019,NA,NA,0,0
862,29,2022-04-28,99,LA,042822BL01,28.9922,-89.4469,0.6,9.5,1048,23.1,23.2,22.8,13.8,22.6,28.3,7.6,7.6,5.4,29.0001,-89.451,1010,1133,9.9,28.989,-89.4395,1033,1309,8.2,60,"BG, BL, OX, SX, TC, SE",15,100,100,,had to move site 0.9nm south due to pogy fleet on original site,2022-04-28,2022,NA,NA,0,0
863,29,2022-05-04,97,LA,050422BL01,29.1506,-90.0316,1.2,11,1317,26.4,26,22.7,15.4,16.5,31.1,9.1,9,0.2,29.1543,-90.0415,1252,1409,9.9,29.1443,-90.0236,1309,1458,11.8,60,"BG, BL, OX, SX, TC, SE",15,100,79,"A, B, H",moved site 0.85nm south due to shrimp boats in the area/mainline was cut and retrieved from 2nd hi-flyer @1422-lost 8 gangions/no hook-13,2022-05-04,2022,NA,NA,0,0
864,29,2022-05-10,97,LA,051022BL01,29.0009,-90.616,1.8,9.1,855,27,27.2,24,21.8,22,32.2,6.9,7.8,0.6,29.0054,-90.6234,836,949,8.7,28.9947,-90.6071,849,1036,9.6,60,"BL, BG, OX, SX, TC, SE",15,100,99,,no hook-1,2022-05-10,2022,0,1,0,1
865,29,2022-05-10,97,LA,051022BL02,28.9747,-90.7503,1.5,9.1,1129,27,27.4,23.8,20.9,21.8,32.1,7.3,7.6,1.5,28.9793,-90.7591,1110,1221,9.1,28.969,-90.741,1121,1256,9.2,60,"BL, BG, OX, SX, TC, SE",15,100,100,,,2022-05-10,2022,0,4,0,4
866,29,2022-05-10,97,LA,051022BL03,29.0118,-90.8261,0.9,4.8,1340,27.4,27.4,27.4,21.9,21.9,22.1,6.4,6.6,7.3,29.0148,-90.8335,1320,1431,4.3,29.0081,-90.8164,1331,1502,5.5,60,"BL, BG, OX, SX, TC, SE",15,100,100,,,2022-05-10,2022,0,2,0,2
867,29,2022-05-10,97,LA,051022BL04,29.0398,-91.0033,0.8,3.7,1603,27.5,27.7,27.8,22.2,22.3,22.3,6.5,6.5,7,29.0428,-91.0109,1542,1654,3.6,29.0363,-90.9933,1554,1728,4,60,"BL, BG, OX, SX, TC, SE",15,100,98,,no hook-2,2022-05-10,2022,0,1,0,1
868,29,2022-05-11,97,LA,051122BL01,28.8328,-90.999,1.8,9,755,26.6,26.9,25,22.2,22.5,27.4,7,7.6,2.2,28.8377,-91.0068,732,852,9,28.8279,-90.9881,746,931,10,66,"BL, BG, OX, SX, TC, SE",15,100,98,,no hook-2,2022-05-11,2022,0,2,0,2
869,29,2022-05-11,97,LA,051122BL02,28.804,-91.0965,2.4,8.9,1020,26.4,26.3,25.6,23,25,27.6,7,6,5.4,28.8054,-91.1034,958,1114,8.9,28.8019,-91.1014,1012,1153,8.8,62,"BL, BG, OX, SX, TC, SE",15,100,99,,no hook-1,2022-05-11,2022,0,3,0,3
870,29,2022-05-11,97,LA,051122BL03,28.8536,-91.1641,2.4,5.7,1240,26.6,26.7,26.6,22.8,23.2,23.5,6.8,7.1,7.2,28.8588,-91.1714,1218,1323,5.6,28.8476,-91.1554,1231,0,5.7,52,"BL, BG, OX, SX, TC, SE",15,100,100,,,2022-05-11,2022,0,7,0,7
871,29,2022-05-11,97,LA,051122BL04,28.9671,-91.3098,1.2,5.5,1507,27.2,27.4,27.4,22.2,22.5,22.7,7.1,7.6,7.7,28.97,-91.3184,1444,1557,5.6,28.964,-91.2989,1459,1633,5.1,58,"BL, BG, OX, SX, TC, SE",15,100,99,,no hook-1,2022-05-11,2022,0,7,0,7
872,29,2022-05-11,97,LA,051122BL05,29.1099,-91.2939,0.9,4.9,1742,27.5,27.9,27.8,21.9,22.4,22.6,6.8,7,6.7,29.116,-91.3013,1723,1835,5,29.1035,-91.286,1735,1904,4.8,60,"BL, BG, OX, SX, TC, SE",15,100,99,,no hook-1,2022-05-11,2022,NA,NA,0,0
873,29,2022-05-12,97,LA,051222BL01,29.0438,-91.4572,1.8,7.1,712,26.7,27.3,27.5,21.2,22,22.6,6.7,6.8,6.2,29.0556,-91.4571,647,804,6.6,29.034300000000002,-91.4569,704,833,7.7,60,"BL, BG, OX, SX, TC, SE",15,100,100,,,2022-05-12,2022,0,4,0,4
874,29,2022-05-12,97,LA,051222BL02,29.0784,-91.7963,1.8,9.3,1009,26.8,26.7,26.3,22.9,26.3,29.7,7,7.1,6.4,29.069,-91.793,946,1059,9.7,29.0885,-91.799,959,1158,8.8,60,"BL, BG, OX, SX, TC, SE",15,100,94,,no hook-6,2022-05-12,2022,0,8,0,8
875,29,2022-05-17,97,LA,051722BL01,29.3652,-91.8181,0.3,3.4,803,27.7,27.7,27.7,22.1,22.8,22.6,5.5,4.5,3.7,29.3743,-91.8177,739,853,3.2,29.3569,-91.8183,753,1002,3.7,60,"BL, BG, OX, SX, TC, SE",15,100,98,,had to get a backlash out of the winch/no hook-2,2022-05-17,2022,NA,NA,0,0
876,29,2022-05-17,97,LA,051722BL02,29.2707,-91.431,0.2,2.5,1132,26.4,26.6,27.3,1.4,2.5,18.4,7.6,6.4,2.6,29.2781,-91.4253,1114,1225,2.5,29.2643,-91.4369,1125,1255,2.6,60,"BL, BG, OX, SX, TC, SE",15,100,100,,,2022-05-17,2022,NA,NA,0,0
877,29,2022-05-17,97,LA,051722BL03,29.1843,-91.3883,0.3,3.5,1336,27.9,27.4,26.6,2.7,13,28.5,7.9,4.9,2,29.183,-91.3774,1318,1429,3.5,29.186,-91.3951,1329,1458,3.5,60,"BL, BG, OX, SX, TC, SE",15,100,98,,no hook-2,2022-05-17,2022,0,1,0,1
878,29,2022-05-17,97,LA,051722BL04,29.1846,-91.5879,0.9,6.5,1609,28.7,27.1,27,17.7,25.5,26,7.7,3.2,3.3,29.1899,-91.5795,1551,1701,5.9,29.1806,-91.5951,1601,1748,6.7,60,"BL, BG, OX, SX, TC, SE",15,100,98,,no hook-2,2022-05-17,2022,0,1,0,1
879,29,2022-06-14,99,LA,061422BL01,29.1799,-89.5479,0.6,7.9,1041,29,29.1,26.1,7,20.2,33.9,7.8,1.2,0,29.1765,-89.5399,759,929,7.8,29.1839,-89.5567,829,1024,8,60,"BL, BG, OX, SX, TC, SE",15,100,100,,,2022-06-14,2022,NA,NA,0,0
880,29,2022-06-14,99,LA,061422BL02,29.2792,-89.8625,0.7,4.3,1207,31.3,31,30.4,16.4,17.9,19.3,7.9,7.3,0,29.2852,-89.8576,1137,1257,3.1,29.2695,-89.8638,1157,1338,5.3,60,"BL, BG, OX, SX, TC, SE",15,100,98,,pogy boats and dredging in area/no hook-2,2022-06-14,2022,NA,NA,0,0
881,29,2022-06-14,99,LA,061422BL03,29.1461,-90.0514,0.9,9.8,1516,31.5,29,26.3,24.3,30.3,33.4,7.2,5.6,0,29.154,-90.05,1448,1608,8.5,29.1366,-90.0528,1508,1824,10.5,60,"BL, BG, OX, SX, TC, SE",15,100,95,,no hook-5,2022-06-14,2022,NA,NA,0,0
882,29,2022-06-21,97,LA,062122BL01,29.4775,-92.3584,0.6,3.1,820,30.8,31,31,15,15.1,15.2,6.2,5.9,6.3,29.485,-92.3536,758,912,2.7,29.4693,-92.3624,812,949,3.5,60,"BL, BG, OX, SX, TC, SE",15,100,100,,,2022-06-21,2022,NA,NA,0,0
883,29,2022-06-21,97,LA,062122BL02,29.3747,-92.4007,3.4,9,1046,31.1,31,29.4,23.8,24.3,27.5,6.1,6.8,0,29.3823,-92.4013,1025,1139,9.2,29.3674,-92.3993,1039,1233,9.1,60,"BL, BG, OX, SX, TC, SE",15,100,98,,no hook-2/huge backlash,2022-06-21,2022,NA,NA,0,0
884,29,2022-06-21,97,LA,062122BL03,29.3943,-92.3098,0.6,7.3,1331,31.7,30.9,30.3,18.6,20,24.4,6.7,6.2,2.2,29.4015,-92.3042,1311,1424,7.1,29.3865,-92.3145,1324,1547,7.3,60,"BL, BG, OX, SX, TC, SE",15,100,95,,no hook-5,2022-06-21,2022,NA,NA,0,0
885,29,2022-06-21,97,LA,062122BL04,29.3667,-92.1758,0.6,4,1624,31.5,31.5,30.2,15.4,15.7,17.1,7.1,6.9,4.6,29.3716,-92.174,1552,1703,3.9,29.358,-92.1711,1603,1755,4.2,60,"BL, BG, OX, SX, TC, SE",15,100,100,,,2022-06-21,2022,NA,NA,0,0
886,29,2022-06-21,97,LA,062122BL05,29.2521,-92.2242,2.1,5,1841,31.4,31.5,30.2,23.9,23.9,26.5,6.9,6.6,0.6,29.2591,-92.2263,1820,1932,5.5,29.244,-92.221,1832,2022,4.5,60,"BL, BG, OX, SX, TC, SE",15,100,100,,,2022-06-21,2022,NA,NA,0,0
887,29,2022-06-22,97,LA,062222BL01,29.2824,-92.1426,1.5,6,701,30.7,31,30.4,22.4,23.4,25.2,5.6,5.6,0,29.2903,-92.1369,640,752,6.1,29.276,-92.1474,652,840,5.9,60,"BL, BG, OX, SX, TC, SE",15,100,95,,no hook-5,2022-06-22,2022,NA,NA,0,0
888,29,2022-06-22,97,LA,062222BL02,29.3004,-92.0294,0.9,5.8,933,30.8,31.3,31.5,20.1,21.8,23.1,6.2,6.1,0,29.2926,-92.0304,907,1021,6.5,29.3093,-92.0279,921,1200,5.6,60,"BL, BG, OX, SX, TC, SE",15,100,NA,"A, B, H",line was cut/retrieved at 2nd hi-flyer/line was also cut between weight and 2nd hi-flyer/used grappling hook to recover line/the line was a huge tangle w/sharks and catfish so remaining gangions were cut and animals released due to safety issues -lost track of how many hooks were actually lost/retrieved,2022-06-22,2022,NA,NA,0,0
889,29,2022-06-22,97,LA,062222BL03,29.2994,-91.5167,0.3,2.2,1439,29.5,30.4,30.6,1.8,13.3,18.6,8.6,2.6,0,29.292,-91.5209,1417,1531,2.2,29.3068,-91.5117,1431,1600,2.1,60,"BL, BG, OX, SX, TC, SE",15,100,100,,,2022-06-22,2022,NA,NA,0,0
890,29,2022-06-22,97,LA,062222BL04,29.1744,-91.6519,0.9,5.9,1722,31.9,31,29.1,21.4,23.4,29.2,7.2,4.3,0,29.1759,-91.6601,1659,1813,6,29.1736,-91.642,1712,1850,5.8,61,"BL, BG, OX, SX, TC, SE",15,100,100,,,2022-06-22,2022,NA,NA,0,0
891,29,2022-06-23,97,LA,062322BL01,29.0531,-91.6177,3,7.1,712,30.8,31.4,30.2,22.8,23.4,27.1,5.7,6.8,2.6,29.0483,-91.6093,650,804,7,29.058,-91.6254,704,904,7.1,60,"BL, BG, OX, SX, TC, SE",15,100,96,,no hook-4,2022-06-23,2022,0,7,0,7
892,29,2022-06-23,97,LA,062322BL02,29.0637,-91.7824,4.6,9.5,1000,30.8,31.4,27.8,24.7,25.4,33.4,5.8,5,0,29.0588,-91.775,939,1052,9.5,29.0686,-91.7904,952,1156,9.6,60,"BL, BG, OX, SX, TC, SE",15,100,98,,no hook-2,2022-06-23,2022,NA,NA,0,0
893,29,2022-06-23,97,LA,062322BL03,29.1767,-91.9615,0.9,6.5,1309,31.7,31.8,29.1,16.1,25.9,30.4,8.8,6.2,1.1,29.1739,-91.9516,1248,1403,6.4,29.1797,-91.9704,1303,1452,6.5,60,"BL, BG, OX, SX, TC, SE",15,100,99,,no hook-1,2022-06-23,2022,NA,NA,0,0
894,29,2022-07-18,99,LA,071822BL01,29.6791,-93.5108,0.9,8.5,905,30.7,31,31,32.1,32.7,32.7,5.1,5.8,0,29.6722,-93.5062,827,950,8.8,29.6861,-93.5161,850,1029,8.2,60,"BL, BG, OX, SX, TC, SE",15,100,100,,,2022-07-18,2022,NA,NA,0,0
895,29,2022-07-18,99,LA,071822BL02,29.6903,-93.3519,1.5,7.8,1202,31.2,31.2,31,29.2,31.7,32.1,5.5,5.7,4.4,29.6835,-93.3477,1126,1248,8.4,29.6985,-93.3577,1148,1352,7.1,60,"BL, BG, OX, SX, TC, SE",15,100,96,"A, B, H",mainline cut 12 hooks in/retrieved from 2nd hi-flyer/3 gangions lost/no hook-1,2022-07-18,2022,NA,NA,0,0
896,29,2022-07-18,99,LA,071822BL03,29.5953,-92.7108,0.6,4.4,1416,31.7,31.5,31.3,29.7,29.8,29.8,5.2,5.2,5.3,29.5871,-92.7083,1546,1704,5,29.6001,-92.7101,1604,1812,3.6,60,"BL, BG, OX, SX, TC, SE",15,100,100,,ctd didn't read at 5m - used data at 4m,2022-07-18,2022,NA,NA,0,0
897,29,2022-07-25,97,LA,072522BL01,29.3335,-91.9093,0.6,4.5,759,31.1,31,31.3,30.4,30.4,30.5,4.9,5.2,5.5,29.3427,-91.9122,739,839,3.9,29.3253,-91.9067,751,907,4.8,48,"BL, BG, OX, SX, TC, SE",15,100,100,,short soak time bc recorder used 1st hi-flyer time instead of the 2nd hi-flyer time,2022-07-25,2022,NA,NA,0,0
898,29,2022-07-25,97,LA,072522BL02,29.2326,-91.9112,2.7,6.3,947,38.2,31.4,31.3,29.8,30.1,30.2,4.8,5.6,0,29.2415,-91.911,928,1031,6.4,29.225,-91.9111,940,1108,6.2,51,"BL, BG, OX, SX, TC, SE",15,100,100,,short soak time bc recorder used 1st hi-flyer time instead of the 2nd hi-flyer time,2022-07-25,2022,NA,NA,0,0
899,29,2022-07-25,97,LA,072522BL03,29.1819,-91.8286,3.4,5.7,1152,31.6,31.4,31.5,29.7,29.8,30.1,4.5,4.4,4.9,29.1739,-91.8279,1132,1232,5.9,29.1906,-91.8282,1144,1301,5.6,48,"BL, BG, OX, SX, TC, SE",15,100,100,,short soak time bc recorder used 1st hi-flyer time instead of the 2nd hi-flyer time,2022-07-25,2022,NA,NA,0,0
900,29,2022-07-25,97,LA,072522BL04,28.8277,-91.2322,7.3,8,1534,31.5,31.2,29.4,30.4,30.9,33.7,4.4,4.9,0,28.8316,-91.2402,1513,1613,7.8,28.824,-91.2244,1526,1645,7.8,47,"BL, BG, OX, SX, TC, SE",15,100,100,,short soak time bc recorder used 1st hi-flyer time instead of the 2nd hi-flyer time,2022-07-25,2022,NA,NA,0,0
901,29,2022-07-26,97,LA,072622BL01,29.1286,-91.262,2.1,4.6,733,31.1,31.1,31,26,26.1,27.6,4.7,5.3,0,29.1379,-91.2625,705,817,4.5,29.1184,-91.2613,717,904,4.6,60,"BL, BG, OX, SX, TC, SE",15,100,98,,no hook-2,2022-07-26,2022,NA,NA,0,0
902,29,2022-07-26,97,LA,072622BL02,29.1463,-91.1682,1.5,3.2,941,31,30.9,30.4,24.5,24.8,25.5,4.9,5.2,0,29.1516,-91.1766,923,1033,3.2,29.1412,-91.1603,933,1120,3.1,60,"BL, BG, OX, SX, TC, SE",15,100,99,,no hook-1,2022-07-26,2022,NA,NA,0,0
903,29,2022-07-26,97,LA,072622BL03,29.0188,-91.2213,2.1,3.5,1206,31.4,31.2,31.2,26.8,27.1,27.4,5.4,5.8,5.9,29.0261,-91.2265,1148,1300,3.5,29.0112,-91.2161,1200,1334,3.5,60,"BL, BG, OX, SX, TC, SE",15,100,100,,,2022-07-26,2022,NA,NA,0,0
904,29,2022-07-26,97,LA,072622BL04,28.9651,-91.1142,2.1,7.5,1413,31.1,30.8,28,23.2,27.2,34,6,2.7,0,28.9726,-91.1204,1356,1506,7,28.9587,-91.1088,1406,1557,7.9,60,"BL, BG, OX, SX, TC, SE",15,100,94,,no hook-6,2022-07-26,2022,NA,NA,0,0
905,29,2022-07-26,97,LA,072622BL05,29.0166,-91.0518,1.5,5,1634,31.4,31.3,29.5,22.5,23.6,30.8,6.2,6.7,0,29.0242,-91.0563,1616,1727,4.5,29.0095,-91.0472,1627,1831,5.4,60,"BL, BG, OX, SX, TC, SE",15,100,99,,no hook-1,2022-07-26,2022,NA,NA,0,0
906,29,2022-07-27,97,LA,072722BL01,28.9571,-90.8073,2.4,9.4,720,30.4,31.1,28,23.2,25.8,34.3,5.1,3.3,0,28.9646,-90.8129,700,812,9,28.9494,-90.8021,712,842,9.6,60,"BL, BG, OX, SX, TC, SE",15,100,100,,,2022-07-27,2022,NA,NA,0,0
907,29,2022-07-27,97,LA,072722BL02,29.0124,-90.714,3.7,7.1,928,31,31.4,30.8,23.7,24.4,28.3,5.9,5.4,0,29.0199,-90.7178,910,1020,6.1,29.0047,-90.7096,920,1059,7.7,60,"BL, BG, OX, SX, TC, SE",15,100,98,,no hooks-2,2022-07-27,2022,NA,NA,0,0
908,29,2022-07-27,97,LA,072722BL03,29.0308,-90.4621,1.2,6.3,1204,31.1,31.7,30.8,23.4,24.4,28.1,5.9,5.7,0,29.0378,-90.4679,1147,1257,5.1,29.0243,-90.4572,1157,1356,7.1,60,"BL, BG, OX, SX, TC, SE",15,100,98,,no hook-2,2022-07-27,2022,NA,NA,0,0
909,29,2022-08-09,99,LA,080922BL01,29.7223,-93.6396,0.6,7.5,917,30.5,30.6,30.3,17.4,18.9,22.1,5.9,5.8,0,29.7293,-93.6345,845,1006,5.9,29.7148,-93.6449,906,1100,6.8,60,"BL, BG, OX, SX, TC, SE",15,100,99,,no hook-1,2022-08-09,2022,0,1,0,1
910,29,2022-08-09,99,LA,080922BL02,29.65,-93.2,1.5,9.4,1311,36,33.7,31.1,18.9,18.9,19,7.4,4.6,0,29.6637,-93.2024,1239,1401,9.4,29.6461,-93.2058,1300,1451,9.8,61,"BL, BG, OX, SX, TC, SE",15,100,99,,no hook-1,2022-08-09,2022,NA,NA,0,0
911,29,2022-08-09,99,LA,080922BL03,29.6991,-93.0663,0.5,6.2,1605,30.5,30.4,30.4,18.9,18.9,19.1,7.9,4,0,29.7073,-93.0645,1537,1657,5.4,29.6904,-93.0649,1556,1805,6.9,61,"BL, BG, OX, SX, TC, SE",15,100,98,,no hook-2,2022-08-09,2022,NA,NA,0,0
912,29,2022-08-10,99,LA,081022BL01,29.6543,-92.9087,0.6,6.3,907,30.9,30.9,30.2,18.6,18.2,27.2,6.4,5.6,0,29.6578,-92.901,831,950,5.5,29.6498,-92.9187,850,1048,6.7,60,"BL, BG, OX, SX, TC, SE",15,100,96,,no hook-4,2022-08-10,2022,NA,NA,0,0
913,29,2022-08-15,97,LA,081522BL01,28.8867,-90.9222,5.2,6.8,809,29.4,29.6,29.8,26,26.2,32.4,5.6,5.6,0,28.8953,-90.9156,719,832,6.3,28.8802,-90.9277,732,904,7.5,60,"BL, BG, OX, SX, TC, SE",15,100,98,,no hook-2,2022-08-15,2022,NA,NA,0,0
914,29,2022-08-15,97,LA,081522BL02,28.7894,-91.0776,7.3,9.6,957,29.7,29.7,29.9,27,27.3,31.8,5.8,6.4,0,28.7982,-91.0709,938,1050,9.3,28.783,-91.0829,950,1117,9.4,60,"BL, BG, OX, SX, TC, SE",15,100,98,,no hook-2,2022-08-15,2022,NA,NA,0,0
915,29,2022-08-15,97,LA,081522BL03,28.96,-91.0583,4.3,8.4,1215,29.8,30.3,29.6,25.3,25.9,27,6.2,8.8,0,28.969,-91.0555,1157,1308,8,28.9518,-91.0611,1208,1353,8.7,60,"BL, BG, OX, SX, TC, SE",15,100,99,,no hook-1,2022-08-15,2022,NA,NA,0,0
916,29,2022-08-15,97,LA,081522BL04,28.9421,-91.2814,2.4,5.8,1452,30.6,29.9,29.9,27.1,27.5,28.5,5.7,5.5,5.9,28.95,-91.2759,1434,1545,5.4,28.9352,-91.2866,1445,1616,6.2,60,"BL, BG, OX, SX, TC, SE",15,100,100,,,2022-08-15,2022,NA,NA,0,0
917,29,2022-08-15,97,LA,081522BL05,28.9882,-91.4103,4.9,8.8,1702,30.3,30.4,30.2,27.9,29.4,31.6,5.9,6.5,2.5,28.9878,-91.4196,1643,1753,9.3,28.9883,-91.401,1653,1835,8.5,60,"BL, BG, OX, SX, TC, SE",15,100,99,,no hook-1,2022-08-15,2022,NA,NA,0,0
918,29,2022-08-16,97,LA,081622BL01,29.1284,-91.3426,1.5,5.6,710,30.1,29.9,29.8,26.1,26.3,26.6,5.6,5.4,4.5,29.1359,-91.3383,652,802,5.3,29.1211,-91.3466,702,831,5.7,60,"BL, BG, OX, SX, TC, SE",15,100,99,,no hook-1,2022-08-16,2022,NA,NA,0,0
919,29,2022-08-16,97,LA,081622BL02,29.2658,-91.4336,0.5,2.2,927,29.6,NA,29.6,2.4,NA,22.6,8.2,NA,5.4,29.2724,-91.4264,910,1020,2.3,29.2602,-91.4402,920,1111,2.3,60,"BL, OY, SY, TY, SE",15,100,100,,bad salinity readings from ctd (at  mouth of Atchafalaya River) deployed YSI/used YSI data/too shallow for mid-depth readings,2022-08-16,2022,NA,NA,0,0
920,29,2022-08-16,97,LA,081622BL03,29.2119,-91.6018,0.9,5.1,1202,30.1,29.7,29.6,19.9,25.2,27.4,7.5,5.8,0,29.2181,-91.5933,1145,1256,4.5,29.2076,-91.6081,1156,1346,5.6,60,"BL, BG, OX, SX, TC, SE",15,100,95,"A, B, H",mainline cut/retrieved from 2nd hi-flyer/lost 1 gangion/no hook-4,2022-08-16,2022,NA,NA,0,0
921,29,2022-08-16,97,LA,081622BL04,29.2158,-91.6974,0.9,5.2,1426,31.5,30.4,30.2,19.4,24.8,27.6,7.3,6.7,0,29.2112,-91.7048,1408,1519,5.5,29.2204,-91.6904,1419,1556,4.9,60,"BL, BG, OX, SX, TC, SE",15,100,100,,,2022-08-16,2022,NA,NA,0,0
922,29,2022-08-16,97,LA,081622BL05,29.3022,-91.7277,0.6,3.8,1641,31.9,30.2,30,7.6,25,26.7,15.4,10.5,0,29.3019,-91.7377,1618,1728,4,29.3025,-91.7185,1628,1821,3.8,60,"BL, BG, OX, SX, TC, SE",15,100,95,,no hook-5,2022-08-16,2022,NA,NA,0,0
923,29,2022-08-17,97,LA,081722BL01,29.1907,-91.9325,2.4,6.5,715,30.1,30.4,30.5,29.1,29.8,30.8,5.9,6.3,5.7,29.1951,-91.9247,656,808,6.4,29.1868,-91.9403,708,837,6.4,60,"BL, BG, OX, SX, TC, SE",15,100,100,,,2022-08-17,2022,NA,NA,0,0
924,29,2022-08-17,97,LA,081722BL02,29.2555,-92.1241,2.1,4.8,946,30.5,30.4,30.6,27.6,28.6,28.9,5.5,5.1,0,29.2583,-92.1152,929,1040,4.9,29.2534,-92.1326,940,1104,4.7,60,"BL, BG, OX, SX, TC, SE",15,100,100,,,2022-08-17,2022,NA,NA,0,0
925,29,2022-08-17,97,LA,081722BL03,29.3804,-91.9981,0.9,3.1,1205,30.3,30.3,30.6,21.7,22.4,28.7,5.9,5.7,0,29.3828,-91.9902,1147,1258,2.9,29.3788,-92.007,1158,1348,3.4,60,"BL, BG, OX, SX, TC, SE",15,100,98,,no hook-2,2022-08-17,2022,NA,NA,0,0
926,29,2022-08-17,97,LA,081722BL04,29.4033,-92.0583,0.9,3.5,1433,30.9,30.7,30.3,24.8,25,27.3,5.4,5.3,2.8,29.4068,-92.0505,1415,1525,3.2,29.4004,-92.0662,1425,1624,3.8,60,"BL, BG, OX, SX, TC, SE",15,100,94,,no hook-6,2022-08-17,2022,NA,NA,0,0
927,29,2022-08-17,97,LA,081722BL05,29.4596,-92.2463,0.9,3.7,1729,30.9,30.8,30.8,28.9,29.7,29.8,5,5.8,5.4,29.4618,-92.2388,1712,1823,3.6,29.4575,-92.2541,1723,1900,3.9,60,"BL, BG, OX, SX, TC, SE",15,100,100,,,2022-08-17,2022,NA,NA,0,0
928,29,2022-08-30,97,LA,083022BL01,29.5126,-92.5798,0.6,8.7,914,29,29.6,29.7,9.2,27.8,30.3,6.9,6.3,3.6,29.5205,-92.5755,854,1006,8.3,29.5041,-92.584,906,1100,9.3,60,"BL, BG, OX, SX, TC, SE",15,100,98,,no hook-2,2022-08-30,2022,NA,NA,0,0
929,29,2022-08-30,97,LA,083022BL02,29.4806,-92.4783,0.6,6.8,1152,30,29.3,29.6,7.6,25.8,28.9,9.1,5.5,1,29.4889,-92.4748,1126,1238,6.4,29.4727,-92.4812,1138,1310,7.7,60,"BL, BG, OX, SX, TC, SE",15,100,100,,,2022-08-30,2022,NA,NA,0,0
930,29,2022-08-30,97,LA,083022BL03,29.3885,-92.2632,1.2,6.6,1424,30.6,29.7,29.6,24.8,26.9,27.8,6.5,5.8,0,29.3883,-92.2722,1405,1516,6.6,29.3885,-92.2529,1416,1545,6.3,60,"BL, BG, OX, SX, TC, SE",15,100,100,,,2022-08-30,2022,NA,NA,0,0
931,29,2022-08-30,97,LA,083022BL04,29.2558,-92.2581,1.2,5.4,1637,31,30.1,29.5,28.6,29,29,6.4,6.6,0,29.256,-92.2679,1619,1730,6.2,29.2557,-92.248,1630,1803,5.6,60,"BL, BG, OX, SX, TC, SE",15,100,100,,,2022-08-30,2022,NA,NA,0,0
932,29,2022-08-31,97,LA,083122BL01,29.1518,-91.7504,0.9,6.1,732,29.3,29.6,29.7,30.1,31,31,5,5.5,0,29.145,-91.7554,714,825,6,29.159,-91.7447,725,857,6.2,60,"BL, BG, OX, SX, TC, SE",15,100,100,,,2022-08-31,2022,NA,NA,0,0
933,29,2022-08-31,97,LA,083122BL02,29.0492,-91.6938,3,6.6,947,29.1,29.5,30,28.8,30.2,32,5.4,5.7,5.8,29.0426,-91.6994,928,1040,7.6,29.0557,-91.6883,940,1117,6.5,60,"BL, BG, OX, SX, TC, SE",15,100,99,,no hook-1,2022-08-31,2022,0,2,0,2
934,29,2022-08-31,97,LA,083122BL03,29.087,-91.5244,2.7,7.2,1216,29.9,30,29.8,28,28.6,29.8,5.6,6.1,0,29.0827,-91.532,1157,1309,7.3,29.0913,-91.5161,1209,1347,7.1,60,"BL, BG, OX, SX, TC, SE",15,100,100,,,2022-08-31,2022,NA,NA,0,0
935,29,2022-09-01,97,LA,090122BL01,29.0266,-90.5529,2.1,8,746,30.1,30.5,30.4,22.2,25.8,27.3,5.8,6.2,0,29.0219,-90.5617,727,838,8.3,29.0313,-90.5441,738,915,7.7,60,"BL, BG, OX, SX, TC, SE",15,101,100,,set out 101 hooks/no hook-1,2022-09-01,2022,NA,NA,0,0
936,29,2022-09-01,97,LA,090122BL02,29.0432,-90.4963,1.5,5.4,953,30.8,30.3,30.4,21.7,24.8,26.3,5.9,5.5,0,29.0523,-90.4967,934,1045,3.4,29.0358,-90.4958,945,1118,6.6,60,"BL, BG, OX, SX, TC, SE",15,100,99,,no hook-1,2022-09-01,2022,NA,NA,0,0
937,29,2022-09-01,97,LA,090122BL03,29.1684,-90.0627,0.9,5,1322,31.1,30.8,30,19.4,20.5,25.7,6.3,6.5,0,29.1654,-90.0711,1305,1415,5.2,29.1711,-90.0544,1315,1449,4.9,60,"BL, BG, OX, SX, TC, SE",15,100,99,,no hook-1,2022-09-01,2022,NA,NA,0,0
938,29,2022-09-13,99,LA,091322BL01,29.2062,-89.6057,1.4,7.9,1125,30.1,30.1,30,17.2,20,30.2,6.2,6,0,29.2144,-89.6078,1057,1215,7.6,29.1978,-89.601,1115,1254,8.4,60,"BL, BG, OX, SX, TC, SE",15,100,98,,no hook-2,2022-09-13,2022,NA,NA,0,0
939,29,2022-09-13,99,LA,091322BL02,29.273,-89.7102,0.8,7.1,1416,30.6,30.1,29.8,18.7,23,28.9,6,1.8,0,29.2815,-89.7101,1347,1503,6.1,29.2645,-89.7092,1403,1532,7.8,60,"BL, BG, OX, SX, TC, SE",15,100,100,,,2022-09-13,2022,NA,NA,0,0
940,30,2023-04-18,97,LA,041823BL01,29.0803,-89.4605,1.1,8.7,0,20,21.9,22.4,14.1,28.1,31.7,7.7,4.1,2.8,29.084,-89.4672,937,1050,8.9,29.0747,-89.4506,950,1200,8.5,60,"BL, BG, OX, SX, TC, SE",15,100,100,,Gulf States #18  moved site 0.5nm SE due to trawl boat  excessive current in area,2023-04-18,2023,NA,NA,0,0
941,30,2023-04-18,97,LA,041823BL02,29.0152,-89.449,1.8,9.6,0,21.3,21.3,21.6,20.6,25.2,27.4,8,7,5.6,29.0145,-89.4587,1218,1330,11,29.0161,-89.4392,1230,1415,8.4,60,"BL, BG, OX, SX, TC, SE",15,100,100,,Gulf States #17  3m difference in deployment/retrieval   strong current/deeper than 10m at set,2023-04-18,2023,NA,NA,0,0
942,30,2023-05-02,97,LA,050223BL01,28.8987,-90.6985,1.2,9.4,0,22.5,22.6,22.8,16.8,28,33.7,7.6,6.8,5.1,28.9036,-90.6902,645,756,8.2,28.8944,-90.707,656,845,9,60,"BL, BG, OX, SX, TC, SE",15,100,99,H,Gulf States #22,2023-05-02,2023,0,6,0,6
943,30,2023-05-02,97,LA,050223BL02,28.8908,-90.7827,0.9,6.9,0,22.9,22.8,22.8,12.3,27.5,32.1,7.7,6.6,5.1,28.8995,-90.7818,907,1018,6.5,28.8814,-90.7839,918,1058,8,60,"BL, BG, OX, SX, TC, SE",15,100,99,H,GS# 21,2023-05-02,2023,0,8,0,8
944,30,2023-05-02,97,LA,050223BL03,29.0249,-90.9108,0.6,3.5,0,22.8,22.3,22.6,21.2,22.9,28.1,6.9,6.4,4.2,29.0222,-90.9023,1141,1252,3.7,29.0272,-90.9201,1152,1354,3.7,60,"BL, BG, SX, OX, TC, SE",15,100,99,H,GS# 19,2023-05-02,2023,0,8,0,8
945,30,2023-05-02,97,LA,050223BL04,28.9055,-90.9186,0.6,5.5,0,25.5,22.6,22.7,10.4,24.6,32.4,8.5,8.4,5.7,28.8969,-90.9153,1424,1535,6,28.9136,-90.9228,1435,1626,5.1,60,"BL, BG, SX, OX, TC, SE",15,100,98,H,GS# 20. YSI QC conducted,2023-05-02,2023,0,2,0,2
946,30,2023-05-02,97,LA,050223BL05,28.8846,-91.0074,0.9,6.9,0,23.4,22.4,22.8,15.2,25.7,33.6,9.7,4.2,4,28.8753,-91.0067,1652,1802,8.3,28.8925,-91.0086,1702,1904,6.1,60,"BL, BG, OX, SX, TC, SE",15,100,98,H,GS# 35,2023-05-02,2023,0,6,0,6
947,30,2023-05-03,97,LA,050323BL01,29.0164,-91.0179,0.9,5.5,0,22.8,22.3,22.5,6.3,22.6,28.6,8,6.9,3.4,29.0087,-91.0138,702,815,6.2,29.0242,-91.023,715,949,5,60,"BL, BG, OX, SX, TC, SE",15,100,97,"A, B, H",GS# 31  mainline cut/retrieved from HF2,2023-05-03,2023,0,16,0,16
948,30,2023-05-03,97,LA,050323BL02,28.8951,-91.1621,0.9,5.9,0,23.1,22.7,22.8,12.9,22.6,33,9,9,4.1,28.8873,-91.1606,1041,1153,5.5,28.9041,-91.163,1053,1242,6.6,60,"BL, BG, OX, SX, TC, SE",15,100,100,,GS# 34,2023-05-03,2023,0,10,0,10
949,30,2023-05-03,97,LA,050323BL03,28.972,-91.1606,0.9,6.5,0,24.8,22.5,22.8,9.4,29.2,32.6,8.6,4.8,4.4,28.963,-91.1587,1306,1417,7.1,28.9804,-91.1621,1317,1525,5.9,60,"BL, BG, OX, SX, TC, SE",15,100,92,"A, B, H",GS# 23  mainline cut-retrieved from HF2. YSI QC conducted,2023-05-03,2023,0,12,0,12
950,30,2023-05-03,97,LA,050323BL04,29.0892,-91.2308,0.9,3.8,0,25.3,24.5,22.6,8.3,11.6,30.7,9.3,9.6,4,29.0813,-91.2256,1554,1707,3.7,29.0965,-91.2361,1607,1823,3.9,60,"BL, BG, OX, SX, TC, SE",15,100,96,H,GS# 25,2023-05-03,2023,0,17,0,17
951,30,2023-05-04,97,LA,050423BL01,29.0102,-91.3551,1.2,5.3,0,23.8,22.6,22.7,12.3,23.5,31.1,10.8,7.2,3.6,29.0196,-91.3529,652,806,5.3,29.0024,-91.3569,704,904,5.5,62,"BL, BG, OX, SX, TC, SE",15,100,97,H,GS# 33  2 minutes over on soak,2023-05-04,2023,0,21,0,21
952,30,2023-05-04,97,LA,050423BL02,29.0679,-91.5869,2.1,7.5,0,23.9,23.8,23,24.6,29.3,34.2,8.7,4.4,4.2,29.0636,-91.5938,948,1100,7.7,29.0721,-91.5793,1000,1150,7.4,60,"BL, BG, OX, SX, TC, SE",15,100,98,H,GS# 26,2023-05-04,2023,0,15,0,15
953,30,2023-05-04,97,LA,050423BL03,29.17,-91.4326,0.9,4.5,0,24.8,24.2,22.7,10.6,13.9,32.6,10,9.5,2.7,29.1692,-91.4414,1225,1336,4.7,29.1707,-91.4237,1236,1439,4.4,60,"BL, BG, OX, SX, TC, SE",15,100,99,H,GS# 30,2023-05-04,2023,0,4,0,4
954,30,2023-05-08,97,LA,050823BL01,29.1644,-91.5531,1.2,6.7,0,25,25,24.5,28.9,28.9,30,6.1,5.9,5.9,29.171,-91.5594,1520,1632,6.6,29.1577,-91.5468,1531,1729,6.7,61,"BL, BG, OX, SX, TC, SE",15,100,98,H,GS# 27. YSI QC conducted,2023-05-08,2023,0,7,0,7
955,30,2023-05-09,97,LA,050923BL01,29.2712,-91.612,0.6,3.8,0,24.8,24.8,25,27.3,27.3,27.2,6.4,5.6,6.1,29.2801,-91.613,653,806,3.7,29.2636,-91.6111,706,923,3.9,60,"BL, BG, OX, SX, TC, SE",15,100,93,H,GS# 24. YSI QC conducted,2023-05-09,2023,0,13,0,13
956,30,2023-05-09,97,LA,050923BL02,29.2085,-91.8031,0.9,5.6,0,24,24.3,24.4,29.5,29.1,29.3,7.8,5.4,6.1,29.2174,-91.8055,1010,1125,5.9,29.201,-91.8011,1024,1204,5.9,61,"BL, BG, OX, SX, TC, SE",15,100,99,H,GS# 28,2023-05-09,2023,0,31,0,31
957,30,2023-05-15,97,LA,051523BL01,29.3267,-91.8748,0.6,4.7,0,29.6,27.4,27.4,24.2,27.5,27.6,7.5,6.2,6,29.3198,-91.868,1511,1624,5,29.3332,-91.8816,1524,1739,4.3,60,"BL, BG, OX, SX, TC, SE",15,100,95,"A, B, H",GS# 32  mainline cut/retrieved from HF2,2023-05-15,2023,0,1,0,1
958,30,2023-05-15,97,LA,051523BL02,NA,NA,NA,NA,0,NA,NA,NA,NA,NA,NA,NA,NA,NA,28.8751,-91.0058,0,0,NA,NA,NA,0,0,NA,NA,,,NA,NA,M,GS# 38 dropped due to depth less than 3m and no deeper w/in a mile in any direction,2023-05-15,2023,NA,NA,0,0
959,30,2023-05-15,97,LA,051523BL03,NA,NA,NA,NA,0,NA,NA,NA,NA,NA,NA,NA,NA,NA,29.4091,-91.9479,0,0,NA,NA,NA,0,0,NA,NA,,,NA,NA,M,GS# 29 dropped due to depth less than 3m and no deeper w/in a mile in any direction,2023-05-15,2023,NA,NA,0,0
960,30,2023-05-15,97,LA,051523BL04,NA,NA,NA,NA,0,NA,NA,NA,NA,NA,NA,NA,NA,NA,29.4288,-92.0238,0,0,NA,NA,NA,0,0,NA,NA,,,NA,NA,M,GS# 44 dropped due to depth less than 3m and no deeper w/in a mile in any direction,2023-05-15,2023,NA,NA,0,0
961,30,2023-05-16,97,LA,051623BL01,29.3458,-91.752,0.6,3.5,0,26.7,27.2,27.6,3.7,16.3,26.4,8.3,7,5.2,29.3487,-91.7616,645,757,3.4,29.3429,-91.7424,657,924,3.4,60,"BL, BG, OX, SX, TC, SE",15,100,93,H,GS# 36,2023-05-16,2023,NA,NA,0,0
962,30,2023-05-16,97,LA,051623BL02,29.3422,-92.0543,0.9,5.3,0,26.9,27.4,27.2,11.7,27,27.8,9.3,5.8,5.7,29.3426,-92.0444,1024,1135,5.3,29.3419,-92.0644,1035,1236,5.1,60,"BL, BG, OX, SX, TC, SE",15,100,95,H,GS# 41,2023-05-16,2023,NA,NA,0,0
963,30,2023-05-16,97,LA,051623BL03,29.2986,-92.1123,1.5,6,0,28.5,27.1,26.7,21.4,28.1,28.8,8.2,7,5.6,29.2966,-92.1048,1256,1407,5.9,29.3014,-92.1224,1307,1504,6,60,"BL, BG, OX, SX, TC, SE",15,100,99,H,GS# 39,2023-05-16,2023,0,23,0,23
964,30,2023-05-16,97,LA,051623BL04,29.3632,-92.1894,0.9,4.4,0,28.7,28.5,27,26.8,26.8,28.1,7.7,6.6,5.3,29.3621,-92.1807,1534,1645,4.4,29.3644,-92.1983,1545,1726,4.8,60,"BL, BG, OX, SX, TC, SE",15,100,98,H,GS# 37,2023-05-16,2023,0,9,0,9
965,30,2023-05-17,97,LA,051723BL01,29.1725,-92.1592,1.2,9.5,0,27.3,27.6,26,23.2,29.4,31.1,7.3,6.3,6,29.1684,-92.1539,708,821,9.5,29.1782,-92.1666,721,911,8.9,60,"BL, BG, OX, SX, TC, SE",15,100,96,H,GS# 40  moved 0.4nm west/target deeper than 10m,2023-05-17,2023,0,30,0,30
966,30,2023-05-17,97,LA,051723BL02,29.2523,-92.2756,1.2,5.7,0,26.6,26.7,27.4,24.5,26.3,28.6,6.4,5.7,6.5,29.2445,-92.2764,950,1158,5.6,29.2609,-92.2747,1002,1229,6,116,"BL, BG, OX, SX, TC, SE",15,100,96,"H, F",GS# 43 extended soak due to lightning storm,2023-05-17,2023,0,4,0,4
967,30,2023-05-17,97,LA,051723BL03,29.6037,-92.7461,0.6,4.5,0,26.9,26.3,26.4,27.6,29.7,29.8,6.1,4.4,4.4,29.5967,-92.7402,1451,1603,5.2,29.6091,-92.7521,1503,1657,5,60,"BL, BG, OX, SX, TC, SE",15,100,100,,GS# 42,2023-05-17,2023,0,6,0,6
968,30,2023-05-18,97,LA,051823BL01,29.756,-93.2196,1.2,4.6,0,26.5,26,26,26,28.5,28.8,6.9,4,3.4,29.7525,-93.2287,654,804,5,29.7592,-93.2107,704,858,4.1,60,"BL, BG, OX, SX, TC, SE",15,100,96,H,GS# 47,2023-05-18,2023,0,8,0,8
969,30,2023-05-18,97,LA,051823BL02,29.6715,-93.135,1.5,8.5,0,25.4,26.4,25.8,26.5,29,30.1,7.3,5.4,5.2,29.6655,-93.1418,928,1039,8.8,29.6776,-93.1275,939,1149,8.3,60,"BL, BG, OX, SX, TC, SE",15,100,99,H,GS# 48,2023-05-18,2023,0,26,0,26
970,30,2023-06-05,97,LA,060523BL01,29.4844,-92.2586,0.9,3.8,0,28.4,28.7,28.4,18.8,18.7,25.3,7.6,7.6,3.6,29.4931,-92.2596,1549,1702,3.5,29.4753,-92.2566,1602,1757,3.6,60,"BL, BG, OX, SX, TC, SE",15,100,96,H,GS #39. YSI QC conducted,2023-06-05,2023,NA,NA,0,0
971,30,2023-06-06,97,LA,060623BL01,29.4625,-92.4244,1.5,6.2,0,27.4,28.2,28.4,18.7,20.7,22.9,7.5,6,4,29.4644,-92.4338,648,800,7.5,29.4607,-92.4153,700,918,7.1,60,"BL, BG, OX, SX, TC, SE",15,100,99,H,GS #44,2023-06-06,2023,NA,NA,0,0
972,30,2023-06-06,97,LA,060623BL02,29.3014,-92.3397,4,6.9,0,27.7,28.7,28.6,21.7,25.5,26.6,7.6,4.1,3.7,29.3056,-92.3495,1018,1129,7.4,29.2976,-92.3311,1029,1259,6.5,60,"BL, BG, OX, SX, TC, SE",15,100,99,H,GS #38,2023-06-06,2023,0,2,0,2
973,30,2023-06-06,97,LA,060623BL03,29.4168,-92.2207,1.5,5.5,0,29.1,28.4,28.3,18.2,19.6,25.1,8.4,6,0.9,29.4173,-92.2312,1338,1449,5.7,29.4162,-92.2102,1349,1526,5.6,60,"BL, BG, OX, SX, TC, SE",15,100,100,,GS #40. YSI QC conducted,2023-06-06,2023,NA,NA,0,0
974,30,2023-06-06,97,LA,060623BL04,29.2526,-92.1747,4.3,4.8,0,28.8,28.6,28.6,23.1,24.2,25.9,6.6,7.5,3.8,29.2541,-92.1855,1610,1722,5.1,29.252,-92.1653,1622,1832,4.6,60,"BL, BG, OX, SX, TC, SE",15,100,98,H,GS #37,2023-06-06,2023,0,2,0,2
975,30,2023-06-07,97,LA,060723BL01,29.1717,-92.2459,5.2,6.8,0,28.1,28,28.7,26.8,26.8,27.5,7.1,5.3,6.2,29.1655,-92.239,731,843,9,29.1781,-92.2535,743,951,5.7,60,"BL, BG, OX, SX, TC, SE",15,100,98,H,GS #41  captain couldn't stay on depth contour due to wind direction-the boat must set into the wind to deploy the line properly,2023-06-07,2023,NA,NA,0,0
976,30,2023-06-07,97,LA,060723BL02,29.276,-92.053,2.4,7.2,0,28.4,29.3,28.7,21.8,25.7,27.2,6.2,6.2,3.2,29.2679,-92.0568,1046,1158,7.3,29.284300000000002,-92.0548,1058,1325,6.8,60,"BL, BG, OX, SX, TC, SE",15,100,94,H,GS #43,2023-06-07,2023,0,40,0,40
977,30,2023-06-07,97,LA,060723BL03,29.2826,-91.9397,4.6,7.3,0,29.6,29.1,28.9,24.2,25.3,26.8,7.7,6.1,4.4,29.2807,-91.9295,1358,1509,7.4,29.284300000000002,-91.9491,1409,1748,7.2,60,"BL, BG, OX, TC, SX, SE",15,100,83,"A, B, H",GS #29. YSI QC conducted. mainline got cut/retrieved from HF2,2023-06-07,2023,0,1,0,1
978,30,2023-06-08,97,LA,060823BL01,29.3391,-91.828,1.2,4.3,0,28,28.5,28.9,17.6,23.1,24.4,6.8,4.9,4,29.3338,-91.8203,647,758,5.1,29.3438,-91.8362,658,931,4.4,60,"BL, BG, OX, SX, TC, SE",15,100,96,H,GS #35,2023-06-08,2023,NA,NA,0,0
979,30,2023-06-08,97,LA,060823BL02,29.2087,-91.7219,1.5,6.3,0,28.4,28.9,29,19,23.4,23.6,7.5,5.1,5,29.2116,-91.7127,1012,1129,6,29.2062,-91.7313,1029,1231,6.2,60,"BL, BG, OX, SX, TC, SE",15,100,100,,GS #34,2023-06-08,2023,NA,NA,0,0
980,30,2023-06-08,97,LA,060823BL03,29.1354,-91.7245,3.4,5.2,0,29,29.2,29.2,24.1,24.1,24.2,7.3,6,6.6,29.1338,-91.7159,1251,1403,5,29.137,-91.7335,1303,1443,5.5,60,"BL, BG, OX, SX, TC, SE",15,100,99,H,GS #27,2023-06-08,2023,NA,NA,0,0
981,30,2023-06-26,97,LA,062623BL01,29.1683,-91.8839,2.4,6,0,30.8,30.5,27,30.2,30.4,34.2,5.7,6.2,1.7,29.1743,-91.8792,1516,1628,6.1,29.1599,-91.8914,1528,1723,5.9,60,"BL, BG, OX, SX, TC, SE",15,100,89,H,GS #24,2023-06-26,2023,NA,NA,0,0
982,30,2023-06-26,97,LA,062623BL02,NA,NA,NA,NA,0,NA,NA,NA,NA,NA,NA,NA,NA,NA,29.3129,-91.6081,0,0,2.9,NA,NA,0,0,NA,NA,,,NA,NA,M,Dropped site #30 due to water depth being too shallow (9.5) ft. Checked within one mile-no alternate site was found,2023-06-26,2023,NA,NA,0,0
983,30,2023-06-26,97,LA,062623BL03,NA,NA,NA,NA,0,NA,NA,NA,NA,NA,NA,NA,NA,NA,29.2864,-91.4943,0,0,2.3,NA,NA,0,0,NA,NA,,,NA,NA,M,Dropped site #23 due to being too shallow (7.6) ft. Checked within one-mile no alternate site was found,2023-06-26,2023,NA,NA,0,0
984,30,2023-06-27,97,LA,062723BL01,29.1879,-91.4177,1.2,3.5,0,29.7,29.8,29.9,14.8,17.1,29,6,6.1,3.3,29.1941,-91.4114,713,824,3.3,29.1823,-91.4245,724,907,3.7,60,"BL, OY, SY, TY, SE",15,100,96,H,"GS# 31 CTD cast was not downloading, so only YSI readings were used for remaining sites. This CTD issue was later resolved, and complete water column profile was downloaded for this station.",2023-06-27,2023,NA,NA,0,0
985,30,2023-06-27,97,LA,062723BL02,29.0189,-91.5742,6.4,9.3,0,30.4,30.2,24.2,20.2,20.2,23.6,6,6.1,0.7,29.0262,-91.5695,1004,1115,8.4,29.0118,-91.5799,1015,1227,10.2,60,"BL, OY, SY, TY, SE",15,100,98,H,GS# 32,2023-06-27,2023,NA,NA,0,0
986,30,2023-06-27,97,LA,062723BL03,29.0738,-91.4782,2.7,7,0,30.8,29.6,24.9,19.7,19.9,23.8,6.1,5.2,1.5,29.0752,-91.4686,1254,1405,6.8,29.0724,-91.4875,1305,1530,6.9,60,"BL, OY, SY, TY, SE",15,100,100,,GS #33,2023-06-27,2023,NA,NA,0,0
987,30,2023-06-27,97,LA,062723BL04,29.0752,-91.358,1.2,5.7,0,32.4,30.8,26.1,13.6,19.8,22.2,7.5,6.5,4.2,29.0784,-91.3506,1557,1710,5.6,29.0718,-91.3702,1610,1900,5.6,60,"BL, OY, SY, TY, SE",15,100,87,"A, B, H",Mainline Cut/ had to retrieve from HF2 (seas picked up)  GS# 25,2023-06-27,2023,NA,NA,0,0
988,30,2023-06-28,97,LA,062823BL01,29.029,-91.1891,1.5,3.2,0,30.1,30.4,30.5,24.5,25,25.6,5.7,5.1,5.4,29.0387,-91.1886,654,804,3,29.022,-91.1945,704,852,3.3,60,"BL, OX, SX, TC, SE",15,100,93,H,GS# 36,2023-06-28,2023,NA,NA,0,0
989,30,2023-06-28,97,LA,062823BL02,29.0326,-91.0624,0.9,4.4,0,29.7,29,26.7,14.7,21.4,22.2,4.4,1.9,0.5,29.0378,-91.0547,922,1033,4.1,29.0276,-91.0711,933,1112,4.7,60,"BL, OX, SX, TC, SE",15,100,100,,GS# 26,2023-06-28,2023,NA,NA,0,0
990,30,2023-06-28,97,LA,062823BL03,28.8268,-91.1213,2.1,7.6,0,30.8,30.2,28.8,17,19.3,20.8,7.1,6.9,5.9,28.8315,-91.1124,1211,1322,7.1,28.8231,-91.1299,1222,1424,6.9,60,"BL, OX, SX, TC, SE",15,100,94,H,GS# 28,2023-06-28,2023,0,1,0,1
991,30,2023-06-28,97,LA,062823BL04,28.9586,-90.7861,0.9,9,0,30.3,27.2,26.1,18,21.6,23,6.4,1.1,1.1,28.9591,-90.7764,1548,1659,9,28.9585,-90.7957,1559,1723,9.1,60,"BL, OY, SY, TY, SE",15,100,100,,GS# 20,2023-06-28,2023,NA,NA,0,0
992,30,2023-06-29,97,LA,062923BL01,29.0235,-90.7283,1.5,4.8,0,28.1,25.6,25.4,29.5,34.9,35.2,6.4,1.4,0.9,29.0234,-90.7185,637,748,5.6,29.0237,-90.7389,648,824,4.5,60,"BL, OY, SY, TY, SE",15,100,100,,GS# 19,2023-06-29,2023,NA,NA,0,0
993,30,2023-06-29,97,LA,062923BL02,29.0321,-90.6313,1.5,5.6,0,28.5,25.3,24.8,30,35.4,35.7,5.4,1.6,0.3,29.0323,-90.6217,853,1006,5.9,29.0309,-90.6415,906,1112,5.6,60,"BL, OY, SY, TY, SE",15,100,98,H,GS# 22,2023-06-29,2023,NA,NA,0,0
994,30,2023-06-29,97,LA,062923BL03,29.0304,-90.508,1.8,7.3,0,29.1,25.7,24.7,30.2,35.2,35.7,6.6,1.3,0.1,29.0364,-90.501,1143,1253,6.9,29.0254,-90.5149,1153,1331,8,60,"BL, OY, SY, TY, SE",15,100,97,H,GS# 21,2023-06-29,2023,NA,NA,0,0
995,30,2023-07-18,99,LA,071823BL01,29.737,-93.5919,0.5,5.3,0,28.7,28.7,28.7,30,30,29.9,7.4,7.5,7.5,29.737,-93.5829,915,1038,5.1,29.7369,-93.603,938,1128,5,60,"BL, OY, SY, TY, SE",15,100,100,,GS# 47,2023-07-18,2023,0,1,0,1
996,30,2023-07-18,99,LA,071823BL02,29.7243,-93.4896,0.6,5.4,0,28.7,28.7,28.7,30.5,30,29.9,8,7.8,7.7,29.7158,-93.4855,1227,1347,5.8,29.7326,-93.4947,1247,1431,5,60,"BL, OY, SY, TY, SE",15,100,100,,GS# 48,2023-07-18,2023,NA,NA,0,0
997,30,2023-07-19,99,LA,071923BL01,29.6532,-93.0978,1.8,8.6,0,27.8,27.9,28.3,30.1,30.1,30.1,5.6,5.6,5.4,29.6526,-93.0878,755,914,8.8,29.6564,-93.1076,814,1048,8.9,60,"BL, OY, SY, TY, SE",15,100,98,H,GS# 45,2023-07-19,2023,NA,NA,0,0
998,30,2023-07-19,99,LA,071923BL02,29.6529,-92.8976,0.8,5.7,0,27.8,27.8,27.8,30.7,30.3,30.2,5.9,5.4,5.3,29.6486,-92.8893,1157,1320,5.8,29.6573,-92.907,1220,1427,5.7,60,"BL, OY, SY, TY, SE",15,100,98,H,GS# 42,2023-07-19,2023,0,2,0,2
999,30,2023-07-19,97,LA,071923BL03,29.0426,-89.4194,0.9,4.7,0,31.7,30.9,30.4,26.2,30.2,30.6,5.4,3.7,1.9,29.044,-89.4093,952,1059,3.7,29.0417,-89.4277,1002,1141,5.6,17,"BL, OY, ST, TY, SE",15,100,100,,GS #18,2023-07-19,2023,NA,NA,0,0
1000,30,2023-07-19,97,LA,071923BL04,29.1084,-89.4902,1.5,9.2,0,31.5,31,29.5,28.3,30.5,32.1,5.7,6,1.2,29.1018,-89.4858,1204,1313,9.3,29.1146,-89.4941,1213,1333,9.2,60,"BL, OY, SY, TY, SE",15,100,100,,GS #17,2023-07-19,2023,0,1,0,1
1001,30,2023-08-07,97,LA,080723BL01,28.9581,-90.7371,0.9,9.7,0,32.9,31.9,27.5,22.6,30.1,32.9,8.1,6,3.6,28.964,-90.7299,1740,1851,9.4,28.9525,-90.7448,1751,1945,9.8,60,"BL, OY, SY, TY, SE",15,100,100,,GS #21,2023-08-07,2023,NA,NA,0,0
1002,30,2023-08-08,97,LA,080823BL01,28.985,-90.8511,1.8,7.3,0,31.4,30.4,29.4,22.5,30.6,31.3,6.3,2.4,2.2,28.9907,-90.8459,701,814,6.9,28.9787,-90.8574,713,856,7.7,61,"BL, OY, SY, TY, SE",15,100,99,H,GS #20  Sling scale not used due to sea state,2023-08-08,2023,NA,NA,0,0
1003,30,2023-08-08,97,LA,080823BL02,28.8707,-91.102,2.1,5.5,0,32,31.9,31.5,25,29.3,31.1,7.1,5.5,4.2,28.8754,-91.0948,1031,1142,5.4,28.8663,-91.1103,1043,1319,5.6,59,"BL, OY, SY, TY, SE",15,100,90,"A, B, H",GS #31  Sea state made weighing difficult  Mainline cut -  2 whole gangions lost while retrieving from 2nd highflyer,2023-08-08,2023,NA,NA,0,0
1004,30,2023-08-08,97,LA,080823BL03,28.85,-91.2121,2.1,6.2,0,32.8,32.5,30.1,26.5,26.6,32.9,7.5,7.1,4.8,28.8568,-91.2059,1353,1503,5.9,28.8447,-91.219,1403,1539,6.5,60,"BL, OY, SY, TY, SE",15,100,99,H,GS #36,2023-08-08,2023,NA,NA,0,0
1005,30,2023-08-08,97,LA,080823BL04,29.0034,-91.1469,0.6,4.6,0,32.9,32.5,31.7,14.7,24.7,29.8,7.5,6.6,2.8,29.0022,-91.1377,1630,1741,5,29.0049,-91.1564,1641,1812,4.2,60,"BL, OY, SY, TY, SE",15,100,100,,GS #30,2023-08-08,2023,NA,NA,0,0
1006,30,2023-08-09,97,LA,080923BL01,29.082,-91.5682,1.8,7.1,0,31.9,31.7,28.8,29.6,30.1,33.2,6.4,5.7,3,29.087,-91.5619,733,845,7.5,29.0754,-91.5755,745,932,7.5,60,"BL, OY, SY, TY, SE",15,100,97,H,GS #26  Seastate made weighing difficult,2023-08-09,2023,NA,NA,0,0
1007,30,2023-08-09,97,LA,080923BL02,29.0689,-91.7774,2.7,8.7,0,31.3,31.3,28.8,32.5,32.5,33.3,6.7,6.3,3.3,29.0747,-91.7741,1042,1155,8,29.0615,-91.7848,1055,1321,9.8,60,"BL, OY, SY, TY, SE",15,100,98,H,GS #35  Seastate made weighing difficult  No sling weights taken,2023-08-09,2023,NA,NA,0,0
1008,30,2023-08-09,97,LA,080923BL03,29.1992,-92.3478,1.5,6,0,32.2,31.9,31.8,32.3,32.3,32.3,7.2,7.2,6.9,29.206,-92.3431,1627,1738,4.2,29.1917,-92.3527,1638,1819,8.2,60,"BL, OY, SY, TY, SE",15,100,98,H,GS #43,2023-08-09,2023,NA,NA,0,0
1009,30,2023-08-14,97,LA,081423BL01,NA,NA,NA,NA,0,NA,NA,NA,NA,NA,NA,NA,NA,NA,29.4827,-92.156,0,0,NA,NA,NA,0,0,NA,NA,,,NA,NA,M,GS #38 Dropped because the site was too shallow (Nothing deeper within one mile) no catch data sheet,2023-08-14,2023,NA,NA,0,0
1010,30,2023-08-14,97,LA,081423BL02,29.4106,-92.1512,0.6,3.7,0,32.7,32.7,31.7,37.6,37.6,37.5,5.8,5.8,5.1,29.4138,-92.1432,1503,1616,3.7,29.4075,-92.1617,1516,1648,4.1,60,"BL, OY, SY, TY, SE",15,100,100,,GS #42,2023-08-14,2023,NA,NA,0,0
1011,30,2023-08-14,97,LA,081423BL03,29.3899,-92.2697,1.5,6.2,0,32.7,32.1,31.5,37.6,37.6,37.4,5.9,5.4,4.8,29.3901,-92.2597,1715,1827,5.9,29.39,-92.2792,1727,1905,6.5,60,"BL, OY, SY, TY, SE",15,100,100,,GS #40,2023-08-14,2023,NA,NA,0,0
1012,30,2023-08-15,97,LA,081523BL01,29.3082,-92.2766,1.5,5.3,0,31.8,31.9,31.8,35.9,36,36,5.5,5.5,5.4,29.3122,-92.2678,721,836,5,29.3051,-92.2841,736,913,5.4,60,"BL, OX, SX, TC, SE",15,100,100,,GS #39,2023-08-15,2023,NA,NA,0,0
1013,30,2023-08-15,97,LA,081523BL02,29.4263,-92.0722,1.2,3.6,0,31.9,31.9,31.8,36.4,36.4,36.4,5.6,5.5,5.5,29.4238,-92.0627,1010,1122,3.2,29.429,-92.0812,1022,1203,3.4,60,"BL, OX, SX, TC, SE",15,100,100,,GS #37,2023-08-15,2023,NA,NA,0,0
1014,30,2023-08-15,97,LA,081523BL03,29.3682,-91.9747,0.6,3.3,0,32,32,32,36.1,36.1,36.1,5.4,5.3,5.3,29.3656,-91.9657,1232,1345,3.3,29.3707,-91.9826,1245,1432,3.5,60,"BL, OY, SY, TY, SE",15,100,100,"A, B",GS #24  Mainline was cut after hook 14/retrieved from HF2,2023-08-15,2023,NA,NA,0,0
1015,30,2023-08-15,97,LA,081523BL04,29.3351,-91.7493,0.6,3.9,0,32.7,32.7,32.6,35.6,35.6,35.6,5.7,5.7,5.6,29.3352,-91.739,1523,1636,3.5,29.3347,-91.7591,1536,1727,4,60,"BL, OY, SY, TY, SE",15,100,100,,GS #33   caught a crab trap,2023-08-15,2023,NA,NA,0,0
1016,30,2023-08-15,99,LA,081523BL05,29.2871,-89.7228,0.6,5.9,0,32.4,32.1,31.5,31.5,32.5,33.2,5.5,2.1,1.8,29.2798,-89.7232,906,1033,6.9,29.295,-89.719,933,1121,4.3,60,"BL, BG, OX, SX, TC, SE",15,100,99,H,GS # 17  Moved the site 3/4 mile south due to wind/placement (too close to the beach)  Set south to north      Bottom DO not sampled due to equipment failure,2023-08-15,2023,NA,NA,0,0
1017,30,2023-08-15,99,LA,081523BL06,29.2058,-89.5342,0.6,5.5,0,33,32.9,32,29.9,30,31.9,5.1,6,3,29.1978,-89.5359,1229,1355,6.4,29.2148,-89.5351,1255,1439,4.5,60,"BL, BG, OX, SX, TC, SE",15,100,100,,GS #18  Moved south 3/4 of a mile due to proximity to the beach  set south to north,2023-08-15,2023,0,1,0,1
1018,30,2023-08-16,97,LA,081623BL01,NA,NA,NA,NA,0,NA,NA,NA,NA,NA,NA,NA,NA,NA,29.2974,-91.5339,0,0,NA,NA,NA,0,0,NA,NA,,,NA,NA,M,GS # 28 dropped - too shallow and nothing deep enough within one mile,2023-08-16,2023,NA,NA,0,0
1019,30,2023-08-16,97,LA,081623BL02,NA,NA,NA,NA,0,NA,NA,NA,NA,NA,NA,NA,NA,NA,29.2176,-91.352,0,0,NA,NA,NA,0,0,NA,NA,,,NA,NA,M,GS # 29 Dropped - too shallow and nothing deeper within a mile,2023-08-16,2023,NA,NA,0,0
1020,30,2023-08-16,97,LA,081623BL03,29.1454,-91.2439,1.2,3.9,0,30.8,32,32,23.3,33,33,5.2,4.1,4.2,29.1544,-91.2477,835,948,3.8,29.1361,-91.2409,848,1035,4,60,"BL, OY, SY, TY, SE",15,100,98,H,GS #32,2023-08-16,2023,NA,NA,0,0
1021,30,2023-08-16,97,LA,081623BL04,29.1195,-91.3063,1.2,5.1,0,31.2,32,32.1,24.1,34.1,34.1,6.2,4.4,4.2,29.1148,-91.3141,1058,1211,5.3,29.1234,-91.2988,1111,1256,4.9,60,"BL, OY, SY, TY, SE",15,100,99,H,GS #25,2023-08-16,2023,NA,NA,0,0
1022,30,2023-08-16,97,LA,081623BL05,29.1548,-91.4001,1.2,5,0,31.6,32.1,32.4,22.7,33.7,34.1,6.9,5.5,4.6,29.1578,-91.4089,1323,1436,4.9,29.1514,-91.3908,1336,1524,5.2,60,"BL, OY, SY, TY, SE",15,100,99,H,GS #23,2023-08-16,2023,0,2,0,2
1023,30,2023-08-16,97,LA,081623BL06,29.1967,-91.7279,1.8,6.1,0,32.6,32.2,32.1,35.4,35.4,35.4,5.8,5.6,5.5,29.2005,-91.7365,1640,1751,5.3,29.1935,-91.7197,1651,1824,6,60,"BL, OY, SY, TY, SE",15,100,100,,GS #34,2023-08-16,2023,NA,NA,0,0
1024,30,2023-08-17,97,LA,081723BL01,29.2554,-91.7969,1.5,6,0,31.6,31.6,31.6,35.5,35.5,35.5,5,4.9,5,29.2523,-91.8058,713,824,6,29.2583,-91.7881,724,904,5.9,60,"BL, OY, SY, TY, SE",15,100,100,,GS #27,2023-08-17,2023,NA,NA,0,0
1025,30,2023-08-28,97,LA,082823BL01,29.6551,-93.224,1.8,9.4,0,31.4,31.4,31.5,34.3,34.7,36.4,5.5,5.7,4.1,29.65,-93.2322,1744,1857,9.1,29.6596,-93.2158,1757,1932,8.9,60,"BL, BG, OX, SX, TC, SE",15,100,100,,GS #46. YSI QC conducted,2023-08-28,2023,NA,NA,0,0
1026,30,2023-08-29,97,LA,082923BL01,29.7201,-93.1769,2.1,6.8,0,30.3,30.6,31.2,34.1,34.5,35.6,5,5.5,2.8,29.7098,-93.1775,731,846,7.3,29.7299,-93.1759,746,919,6.2,60,"BL, BG, OX, SX, TC, SE",15,100,100,,GS #48,2023-08-29,2023,NA,NA,0,0
1027,30,2023-08-29,97,LA,082923BL02,29.6967,-92.9936,1.5,5.4,0,30.2,30.3,31.3,32.9,33.2,35,5.1,4.9,3.2,29.6868,-92.9932,1005,1118,5.9,29.705,-92.9935,1018,1201,4,60,"BL, BG, OX, SX, TC, SE",15,100,99,H,GS #41,2023-08-29,2023,NA,NA,0,0
1028,30,2023-08-29,97,LA,082923BL03,29.6209,-92.8941,1.8,8.3,0,30.7,30.9,31.4,33.4,33.4,35.6,6.6,5.5,2.3,29.6123,-92.8953,1239,1352,8.9,29.6289,-92.893,1252,1417,7.7,60,"BL, BG, OX, SX, TC, SE",15,100,100,,GS #44,2023-08-29,2023,NA,NA,0,0
1029,30,2023-09-13,99,LA,091323BL01,29.0666,-90.2524,1.8,7.5,0,30.5,31.1,31.2,28.8,29.3,31.3,6.4,4.2,2.4,29.0575,-90.252,909,1029,9,29.0749,-90.2544,929,1142,5.5,60,"BL, BG, OX, SX, TC, SE",15,100,86,H,GS 22 Set 1 nm northwest to get out of the safety fairway and to achieve a depth within protocol,2023-09-13,2023,NA,NA,0,0
1030,30,2023-09-13,99,LA,091323BL02,29.1398,-90.0768,1.8,9.1,0,31.7,31.1,31.1,27.4,31,33.2,6,4.9,0.9,29.1442,-90.0697,1248,1407,8.9,29.1338,-90.0847,1307,1453,9.3,60,"BL, BG, OX, SX, TC, SE",15,100,99,H,GS#19. YSI QC conducted,2023-09-13,2023,NA,NA,0,0
1031,31,2024-04-24,101,LA,042424BL01,28.9745,-89.3265,0.2,7.3,952,20.5,22.1,22.6,1.1,28.3,30.5,7.4,5.7,4.6,28.9686,-89.3327,904,1041,6.3,28.9807,-89.3197,941,1154,6.4,60,"BL, BG, OX, SX, TC, SE",15,100,96,"C, H",GS# 67  mainline got caught in the prop during deployment-had to re-attach the line,2024-04-24,2024,0,2,0,2
1032,31,2024-04-24,101,LA,042424BL02,29.0255,-89.4511,0.5,8.8,1337,23.8,22.9,22.3,20.9,29.7,31,7.1,6.9,5.5,29.0338,-89.451,1303,1428,8.8,29.0176,-89.4465,1328,1531,8.6,60,"BL, BG, OX, SX, TC, SE",15,100,100,,GS# 66,2024-04-24,2024,0,3,0,3
1033,31,2024-05-11,93,LA,051124BL01,29.0121,-90.4272,2.7,9.1,804,24.9,24.9,24.7,29.9,31,33.9,6,6.7,4.8,29.0079,-90.4318,731,859,9,29.0142,-90.4164,754,1053,9.2,65,"BL, BG, OX, SX, TC, SE",15,100,96,"H, F",GS# 68 extended soak due to rough seas  No sling weights taken due to rough seas,2024-05-11,2024,NA,NA,0,0
1034,31,2024-05-11,93,LA,051124BL02,28.9966,-90.6091,2.7,9.3,1234,26.5,26.4,25.8,26.8,26.9,27.9,6.8,7.2,4.9,28.9938,-90.6175,1202,1328,9.2,28.995,-90.6009,1222,1450,9.2,66,"BL, BG, OX, SX, TC, SE",15,100,93,"H, F",GS# 71 extended soak due to rough seas  No sling weights due to rough seas,2024-05-11,2024,0,2,0,2
1035,31,2024-05-11,93,LA,051124BL03,28.9746,-90.7637,3.4,9.2,1632,26.9,26.7,27.1,23.7,23.6,23.8,5.2,5.2,6,28.9709,-90.7681,1605,1721,9.4,28.9762,-90.7545,1621,1851,8.9,60,"BL, BG, OX, SX, TC, SE",15,100,93,"A, B, H",GS# 69 No sling weights due to rough seas  mainline cut-retrieved from 2nd high flyer,2024-05-11,2024,0,1,0,1
1036,31,2024-05-12,93,LA,051224BL01,29.0213,-90.9234,1.4,4.8,734,25.7,25.6,24.8,28.7,29,32.7,6.6,7.2,4.4,29.0246,-90.9323,704,826,4.6,29.0167,-90.9183,724,1012,4.7,62,"BL, BG, OX, SX, TC, SE",15,100,93,"H, F",GS# 70 extended soak due to rough seas,2024-05-12,2024,NA,NA,0,0
1037,31,2024-05-19,101,LA,051924BL01,29.7439,-93.4276,0.9,3.9,834,26.1,26.1,26.3,17.9,18,18.4,6.5,5.8,7.1,29.7435,-93.4178,805,922,3.8,29.7447,-93.4372,822,1006,3.9,60,"BL, BG, OX, SX, TC, SE",15,100,100,,GS #96,2024-05-19,2024,NA,NA,0,0
1038,31,2024-05-19,101,LA,051924BL02,29.7403,-93.2885,0.9,5.8,1118,27.8,26.7,26.4,22.5,22.5,22.7,8.3,7.9,7.5,29.7465,-93.2819,1051,1208,5.5,29.7337,-93.2942,1108,1244,5.8,60,"BL, BG, OX, SX, TC, SE",15,100,100,,GS #97,2024-05-19,2024,NA,NA,0,0
1039,31,2024-05-19,101,LA,051924BL03,29.6704,-93.1397,1.2,8.4,1356,29.6,26.8,26.2,22.1,26.9,27.6,9.2,7.7,4.1,29.6769,-93.1342,1325,1446,8.4,29.6635,-93.146,1346,1543,8.8,60,"BL, BG, OX, SX, TC, SE",15,100,97,H,GS #94,2024-05-19,2024,0,6,0,6
1040,31,2024-05-20,101,LA,052024BL01,29.4763,-92.3643,0.3,3.3,810,27.2,27.2,27.3,8.3,8.3,8.6,6.9,7.3,7.6,29.4809,-92.357,743,859,3.1,29.4702,-92.3717,759,939,3.5,60,"BL, BG, OX, SX, TC, SE",15,100,100,,GS #89  had to move 1nm south to find the correct depth range,2024-05-20,2024,NA,NA,0,0
1041,31,2024-05-20,101,LA,052024BL02,29.4428,-92.3041,0.5,5.9,1047,27.4,27.3,27.5,8.6,17.5,21.7,7.1,8,8.9,29.4498,-92.2977,1017,1135,5.6,29.4353,-92.3088,1035,1356,6.2,60,"BL, BG, OX, SX, TC, SE",15,100,98,H,GS #92  rough seas-weights may be off,2024-05-20,2024,NA,NA,0,0
1042,31,2024-05-20,101,LA,052024BL03,29.5162,-92.5196,0.2,5.2,1526,28.9,28.7,27.3,10.1,10.4,19.5,7.8,8.5,7.5,29.5215,-92.5116,1455,1615,3.7,29.5095,-92.5274,1515,1733,6.4,60,"BL, BG, OX, SX, TC, SE",15,100,99,H,GS #87  had to set into the wind so we couldn't stay on depth contour / very rough seas,2024-05-20,2024,NA,NA,0,0
1043,31,2024-05-21,101,LA,052124BL01,29.603,-92.7836,0.5,6.3,726,27.8,27.9,27.9,10.4,11.8,13.8,6.6,7.6,7.5,29.6087,-92.7759,656,812,5.9,29.5981,-92.7915,712,922,6.7,60,"BL, BG, OX, SX, TC, SE",15,100,97,H,GS #90  very rough seas,2024-05-21,2024,NA,NA,0,0
1044,31,2024-05-29,101,LA,052924BL01,29.2401,-91.386,0.3,3.2,934,28.6,28.5,28.5,23.2,23.2,23.3,5.4,5.8,6.1,29.2464,-91.3801,902,1023,3.2,29.2322,-91.3912,923,1127,3.3,60,"BL, BG, OX, SX, TC, SE",15,100,98,H,GS #76,2024-05-29,2024,NA,NA,0,0
1045,31,2024-05-29,101,LA,052924BL02,29.2709,-91.5489,0.5,3.3,1243,29.6,29.3,28.7,22.4,22.7,24.1,7,7.3,6.3,29.2792,-91.5485,1213,1333,3.1,29.2624,-91.5481,1233,1527,3.3,60,"BL, BG, OX, SX, TC, SE",15,100,90,"A, B, H",GS #72  mainline cut after hook 5/retrieved from 2nd buoy @ 1351,2024-05-29,2024,NA,NA,0,0
1046,31,2024-05-30,101,LA,053024BL01,29.1386,-91.4064,1.2,6.2,1016,28.6,28.4,28.4,27.4,27.5,27.7,5.5,6.2,6.1,29.1433,-91.4144,944,1103,6.1,29.1349,-91.3978,1003,1239,6.2,60,"BL, BG, OX, SX, TC, SE",15,100,99,H,GS #84,2024-05-30,2024,0,7,0,7
1047,31,2024-05-30,101,LA,053024BL02,28.8159,-91.0207,4.9,9.4,1523,29.6,28.4,27.5,27.5,31.5,34.5,6.7,7.1,5.7,28.8219,-91.0271,1448,1612,9.2,28.8114,-91.0123,1512,1650,9.5,60,"BL, BG, OX, SX, TC, SE",15,100,100,,GS #83,2024-05-30,2024,0,2,0,2
1048,31,2024-06-24,101,LA,062424BL01,29.0078,-89.294,0.6,3.7,1139,31.5,30.4,28.5,7,10.6,23,11.1,10.1,3.3,29.0074,-89.2853,1104,1226,4.6,29.0064,-89.3042,1126,1322,3.4,60,"BL, BG, OX, SX, TC, SE",15,100,98,H,GS #67,2024-06-24,2024,NA,NA,0,0
1049,31,2024-06-24,101,LA,062424BL02,29.2417,-89.6381,0.6,6.6,1348,32.6,29.3,28.4,13.9,25,27,14.8,5.1,4.3,29.2437,-89.6283,1516,1636,5.9,29.2414,-89.6479,1536,1728,7.1,60,"BL, BG, OX, SX, TC, SE",15,100,95,H,GS #66,2024-06-24,2024,NA,NA,0,0
1050,31,2024-06-25,101,LA,062524BL01,28.916,-90.5841,9.1,9.2,758,29.2,29.3,29.2,27.9,28.9,30.3,5.2,6.1,6,28.9176,-90.5748,729,850,9.5,28.9148,-90.5935,750,929,9.1,60,"BL, BG, OX, SX, TC, SE",15,100,100,,GS #69,2024-06-25,2024,0,8,0,8
1051,31,2024-06-25,101,LA,062524BL02,28.9971,-90.6453,1.2,9.1,1045,30.8,29.4,29.1,22.4,30.8,31.1,8.7,6.1,5.1,28.992,-90.6386,1019,1141,9.4,29.0012,-90.654,1041,1234,9.2,60,"BL, BG, OX, SX, TC, SE",15,100,99,H,GS #70,2024-06-25,2024,0,1,0,1
1052,31,2024-06-25,101,LA,062524BL03,29.0797,-90.1889,2.1,8.8,1433,30.9,29.6,29.3,26.2,28.4,28.6,7.4,6.5,6.2,29.0826,-90.1817,1403,1525,9.2,29.075,-90.1989,1425,1642,9,60,"BL, BG, OX, SX, TC, SE",15,100,96,"A, B, H",GS #71  mainline got hung on pipeline-had to cut it and retrieve line from 2nd buoy @1549,2024-06-25,2024,NA,NA,0,0
1053,31,2024-07-14,101,LA,071424BL01,29.6726,-93.4394,1.1,8.5,912,31.3,30.9,30.4,22,24.5,27.9,6.2,5.2,2.8,29.673,-93.4302,843,1003,8.4,29.6727,-93.4492,903,1048,8.5,60,"BL, BG, OX, SX, TC, SE",15,100,100,,GS #95,2024-07-14,2024,NA,NA,0,0
1054,31,2024-07-14,101,LA,071424BL02,29.7459,-93.4251,0.9,3.8,1155,32.3,32.1,31.2,20.4,20.4,21.9,7.3,7.3,2.8,29.7467,-93.416,1128,1403,3.7,29.7459,-93.4349,1148,1445,3.9,135,"BL, BG, OX, SX, TC, SE",15,100,98,"H, F",GS #97  extended soak tome due to a thunderstorm w/lightening,2024-07-14,2024,NA,NA,0,0
1055,31,2024-07-21,82,LA,072124BL01,29.6789,-92.9503,0.9,5.6,1618,30.2,30.4,30.5,23.2,23.6,27.4,5.4,4.9,0.8,29.6783,-92.9445,1545,1659,5.2,29.679,-92.9611,1607,1739,5.7,52,"BL, BG, OX, SX, TC, SE",15,100,50,"A, B, H, M",vessel-Barracuda / GS #92  no weights due to rough seas/boat layout  early pick up due to several trawl boats in the area; op code-M - lost 50 hooks and 2 lead weights due to a trawl boat catching and taking our line-we could not recover it,2024-07-21,2024,NA,NA,0,0
1056,31,2024-08-06,82,LA,080624BL01,29.7187,-93.3736,1.5,4.7,913,30.9,30.6,29.6,24.7,25.5,28.4,6.5,5.2,0.8,29.7121,-93.3746,841,1004,5.6,29.7263,-93.3741,904,1117,4.8,60,"BL, BG, OX, SX, TC, SE",15,100,98,H,GS #97  no shark weights-no place to hang the scale (vessel-Barracuda),2024-08-06,2024,NA,NA,0,0
1057,31,2024-08-06,82,LA,080624BL02,29.6595,-93.2582,1.5,9.8,1241,32.1,30,29.5,23.4,27.9,29.9,6.7,3.5,0.4,29.6536,-93.256,1212,1332,9.9,29.6667,-93.2627,1232,1420,9.7,60,"BL, BG, OX, SX, TC, SE",15,100,100,,GS #94 (vessel-Barracuda),2024-08-06,2024,NA,NA,0,0
1058,31,2024-08-07,82,LA,080724BL01,29.1934,-92.3039,2.1,4.1,927,31.3,31.3,31.2,28.4,28.4,28.4,5.6,5.4,6.3,29.1879,-92.3019,848,1016,4.9,29.2022,-92.3049,916,1100,4,60,"BL, BG, OX, SX, TC, SE",15,100,100,,GS #91 white capping/3ft seas (vessel - Barracuda),2024-08-07,2024,NA,NA,0,0
1059,31,2024-08-07,82,LA,080724BL02,29.3359,-92.2964,1.5,6.6,1238,31.6,30.8,30.7,28.5,29.3,29.5,5.7,4.1,3.9,29.3297,-92.298,1159,1328,6.6,29.3437,-92.2968,1228,1450,6.8,60,"BL, BG, OX, SX, TC, SE",15,100,98,H,GS #88 (vessel-Barracuda)  no shark weights/no place to hang scale,2024-08-07,2024,NA,NA,0,0
1060,31,2024-08-08,82,LA,080824BL01,29.5537,-92.5594,1.2,4.8,840,29.7,29.7,29.7,32.1,32.4,32.6,1.9,1.1,0.6,29.5492,-92.5545,808,932,4.4,29.5591,-92.5662,831,1016,4,61,"BL, BG, OX, SX, TC, SE",15,100,100,,GS #89 (vessel-Barracuda),2024-08-08,2024,NA,NA,0,0
1061,31,2024-08-08,82,LA,080824BL02,29.5134,-92.2091,0.3,3.2,1210,31,30.6,30.7,31.4,30.9,31.1,3.4,4.3,3.8,29.512,-92.2021,1132,1259,3,29.5151,-92.2185,1159,1350,3,60,"BL, BG, OX, SX, TC, SE",15,100,100,,GS #87 (vessel-Barracuda),2024-08-08,2024,NA,NA,0,0
1062,31,2024-08-21,82,LA,082124BL01,29.1097,-90.1542,1.5,7.6,743,31.8,31.9,29.7,26.8,27.9,34.8,5.5,2.3,0.1,29.1069,-90.161,709,831,7.4,29.1139,-90.1462,731,908,7.6,60,"BL, BG, OX, SX, TC, SE",15,100,100,,GS #68 moved site 1.5nm north bc the water depth was too deep; a lot of oil and gas structures in the area  No shark weights-no place to hang scale (vessel-Barracuda),2024-08-21,2024,NA,NA,0,0
1063,31,2024-08-21,82,LA,082124BL02,29.0412,-90.3158,2.7,9.2,1042,31.9,31.7,29.7,28.1,28.3,34.7,6,5.9,0.1,29.0393,-90.3237,1011,1132,9.3,29.0437,-90.3077,1032,1223,9.3,60,"BL, BG, OX, SX, TC, SE",15,100,100,,GS #69 moved site 2nm north bc the water depth was too deep (vessel-Barracuda),2024-08-21,2024,NA,NA,0,0
1064,31,2024-08-21,82,LA,082124BL03,28.9219,-90.5884,3.7,8.5,1406,33,31.8,29.3,28.4,28.5,35.4,5.9,5.1,0.4,28.9175,-90.5946,1333,1455,8.7,28.9271,-90.5821,1355,1538,9.3,60,"BL, BG, OX, SX, TC, SE",15,100,100,,GS #70 (vessel-Barracuda),2024-08-21,2024,NA,NA,0,0
1065,31,2024-08-22,82,LA,082224BL01,28.9949,-89.2112,1.5,6.9,857,31.3,32.2,31.7,22.1,25.3,29.8,7.1,4.2,3.3,28.9973,-89.2193,828,947,7.2,28.9935,-89.2029,847,1057,6.2,60,"BL, BG, OX, SX, TC, SE",15,100,97,H,GS #67 (vessel-Barracuda),2024-08-22,2024,NA,NA,0,0
1066,31,2024-08-22,82,LA,082224BL02,29.2068,-89.6187,0.9,9.1,1346,32.5,31.5,29.8,17.5,30.8,34,11.5,0.2,0.1,29.212,-89.6238,1307,1432,8.8,29.2017,-89.6119,1332,1514,8.9,60,"BL, BG, OX, SX, TC, SE",15,100,100,,GS #66 (vessel-Barracuda),2024-08-22,2024,NA,NA,0,0
1067,31,2024-09-17,82,LA,091724BL01,29.3995,-91.9975,0.9,3.3,1025,29,28.7,28.5,28.3,28.3,28.3,6,6.4,7,29.3972,-91.9907,951,1115,3.1,29.4022,-92.0057,1015,1215,3.2,60,"BL, BG, OX, SX, TC, SE",15,100,99,H,GS #82 moved site 2 miles SW to find the correct depth  R/V Barracuda,2024-09-17,2024,NA,NA,0,0
1068,31,2024-09-17,82,LA,091724BL02,29.3359,-91.9312,0.9,5,1333,29.9,28.8,27.9,27.6,28.2,28.8,6.9,6.2,4.1,29.3315,-91.9249,1303,1430,5.2,29.3407,-91.9376,1328,1513,4.9,62,"BL, BG, OX, SX, TC, SE",15,100,99,H,GS #75 R/V Barracuda,2024-09-17,2024,NA,NA,0,0
1069,31,2024-09-17,82,LA,091724BL03,29.2621,-91.8638,1.4,6.7,1623,29.9,28.6,28.1,27.8,28.1,30.4,6.7,3.3,3.6,29.2567,-91.8694,1555,1717,6.8,29.2681,-91.859,1616,1755,6.9,61,"BL, BG, OX, SX, TC, SE",15,100,100,,GS #72 R/V Barracuda,2024-09-17,2024,NA,NA,0,0
1070,31,2024-09-18,82,LA,091824BL01,29.1472,-91.9441,5.8,9.1,917,28.6,28.6,28.4,27,27.9,31.6,7.3,5.9,3.6,29.1432,-91.9511,848,1006,9.4,29.1524,-91.9375,906,1045,8.4,60,"BL, BG, OX, SX, TC, SE",15,100,100,,GS #84 R/V Barracuda,2024-09-18,2024,NA,NA,0,0
1071,31,2024-09-18,82,LA,091824BL02,29.1728,92.0789,4.3,9.5,1206,28.8,28,28.6,27.1,27.8,31.9,6.5,6.5,3.7,29.1681,92.0852,1137,1256,9.8,29.1783,92.0729,1156,1336,9.1,60,"BL, BG, OX, SX, TC, SE",15,100,100,,GS #90 R/V Barracuda,2024-09-18,2024,NA,NA,0,0
1072,31,2024-09-18,82,LA,091824BL03,29.2092,92.1472,3,7.5,1459,29.6,28.4,28.5,26.8,26.9,31.6,7.5,7.8,3.4,29.2049,92.1538,1430,1547,7.7,29.2142,92.1409,1447,1626,7.7,60,"BL, BG, OX, SX, TC, SE",15,100,100,,GS #86 R/V Barracuda,2024-09-18,2024,NA,NA,0,0
1073,31,2024-09-19,82,LA,091924BL01,29.1137,91.4095,1.2,6.6,940,29,28.7,28.3,19.6,23.5,31.3,6.5,6.7,2.9,29.1109,91.4169,909,1030,6.7,29.1193,91.4035,930,1113,6.6,60,"BL, BG, OX, SX, TC, SE",15,100,100,,GS #77 R/V Barracuda,2024-09-19,2024,NA,NA,0,0
1074,31,2024-09-19,82,LA,091924BL02,29.214,91.3929,0.8,3.1,1229,29.2,28,27.7,11.6,25.7,28.1,6.6,2.9,2.1,29.2152,91.4005,1158,1319,3.2,29.214,91.3839,1219,1411,3.1,60,"BL, BG, OX, SX, TC, SE",15,100,96,H,GS #74 R/V Barracuda,2024-09-19,2024,NA,NA,0,0
1075,31,2024-09-19,82,LA,091924BL03,29.2421,-91.5548,0.8,3.7,1531,31.4,28.2,27.9,16.3,26.9,27.5,7.8,4.3,3.4,29.2444,-91.5472,1503,1622,3.6,29.2381,-91.5622,1522,1728,3.8,60,"BL, BG, OX, SX, TC, SE",15,100,99,H,GS #73 R/V Barracuda,2024-09-19,2024,NA,NA,0,0
1076,31,2024-09-20,82,LA,092024BL01,29.2814,-91.6272,1.1,3.5,856,28.6,28.6,28.6,26.1,26.2,26.2,6.2,5.1,5.1,29.2815,-91.6353,818,939,3.6,29.2809,-91.619,839,1028,3.6,60,"BL, BG, OX, SX, TC, SE",15,100,99,H,GS #78 R/V Barracuda,2024-09-20,2024,NA,NA,0,0
1077,31,2024-09-20,82,LA,092024BL02,29.3287,-91.8341,0.9,4.7,1206,29.8,28.9,28.1,26.5,28.3,30,5.4,4.1,2.3,29.3317,-91.8414,1134,1254,4.6,29.3273,-91.8257,1154,1338,4.7,60,"BL, BG, OX, SX, TC, SE",15,100,100,,GS #79 R/V Barracuda,2024-09-20,2024,NA,NA,0,0
1078,31,2024-09-20,82,LA,092024BL03,29.3434,-91.744,1.5,3.9,1452,30.8,30.3,28.6,24.1,25,28.1,6.2,6.3,4.4,29.3433,-91.7357,1421,1541,3.8,29.3434,-91.7529,1441,1620,4,60,"BL, BG, OX, SX, TC, SE",15,100,100,,GS #81 R/V Barracuda,2024-09-20,2024,NA,NA,0,0
1079,32,2007-09-26,,MS,740707-01,30.2483,-88.9597,NA,6.8,915,27.1,27.2,27.3,30.5,31.5,31.8,5.8,5.2,5,30.2526,-88.9498,919,1053,6.7,30.2434,-88.9668,953,1127,6.5,NA,"BL, OY, SY, TY, SE",15/0,100,100,,,2007-09-26,2007,0,6,0,6
1080,32,2007-09-26,,MS,740707-02,30.3165,-88.8439,NA,5,1215,28.1,27.2,27.2,30.7,31.3,31.2,6.6,5.3,5.4,30.3148,-88.8267,1215,1340,4.9,30.3173,-88.857,1240,1435,5.6,NA,"BL, OY, SY, TY, SE",15/0,100,100,,,2007-09-26,2007,0,10,0,10
1081,32,2007-09-26,,MS,740707-03,30.2974,-88.7333,NA,5,1504,29,28.1,28.3,30.6,31.5,31.3,6.6,6.2,6.4,30.2971,-88.7065,1505,1625,4.9,30.2987,-88.7269,1525,1650,4.6,NA,"BL, OY, SY, TY, SE",15/0,100,100,,,2007-09-26,2007,0,7,0,7
1082,32,2007-09-27,,MS,740707-04,30.1726,-89.1471,NA,6.5,1430,28.9,28,27.8,28,28.3,28.5,6.8,6.2,5.9,30.1717,-89.1388,1432,1545,6.1,30.1736,-89.157,1445,1628,6.5,NA,"BL, OY, SY, TY, SE",15/0,100,100,,,2007-09-27,2007,0,10,0,10
1083,32,2007-09-27,,MS,740707-05,30.1421,-89.0819,NA,6.8,1700,28.9,27.9,27.9,28.9,28.8,28.9,7.5,6.2,5.4,30.1404,-89.0723,1650,1805,7,30.1431,-89.0894,1705,1852,6.8,NA,"BL, OY, SY, TY, SE",15/0,100,100,,,2007-09-27,2007,0,47,0,47
1084,32,2007-09-27,,MS,740707-06,30.1483,-89.0075,NA,9.9,1200,28.4,27.7,27.4,28.8,30,30.4,6.9,6.2,4.3,30.1493,-87.0007,1200,1317,9.8,30.146,-88.9838,1217,1355,9.6,NA,"BL, OY, SY, TY, SE",15/0,100,100,,,2007-09-27,2007,0,33,0,33
1085,32,2007-09-27,,MS,740707-07,30.1878,-89.0045,NA,9.3,930,27.6,27.7,27.5,29.9,31.1,31.3,6,5.4,4.6,30.1882,-88.9941,937,1055,9.1,30.188,-89.0137,955,0,9.3,NA,"BL, OY, SY, TY, SE",15/0,100,100,,No time of last hook recorded,2007-09-27,2007,0,5,0,5
1086,32,2007-10-31,,MS,740708-01,30.26,-88.89,1.4,6.5,1358,20.5,NA,19.9,28.8,NA,29.7,7.4,NA,6,30.2644,-88.879,1355,1510,6.4,30.2644,-88.8954,1410,1555,6.5,NA,"BL, OY, SY, TY, SE",15/0,100,100,,No station Lat/Long recorded. Lat/long from station list,2007-10-31,2007,NA,NA,0,0
1087,32,2007-10-31,,MS,740708-02,30.29,-88.71,1.5,4.3,1130,20.1,NA,19.8,30.7,NA,31.3,6.8,NA,6.4,30.2972,-88.6894,1130,1245,4.3,30.2972,-88.7086,1145,1310,4.3,NA,"BL, OY, SY, TY, SE",15/0,100,100,,No station Lat/Long recorded. Lat/long from station list,2007-10-31,2007,NA,NA,0,0
1088,32,2007-10-31,,MS,740708-03,30.2676,-88.5475,1,5.5,850,19.5,NA,19.6,31.6,NA,32.1,6.9,NA,6.3,30.2678,-88.5484,855,1010,5.4,30.2654,-88.5672,910,1050,5.5,NA,"BL, OY, SY, TY, SE",15/0,100,100,,,2007-10-31,2007,0,1,0,1
1089,33,2008-03-12,74,MS,740801-01,30.1462,-89.0772,NA,NA,945,15.4,15.1,15.2,25.2,26.1,26.2,7.8,7.3,7.4,30.1507,-89.0641,917,0,7.8,30.1451,-89.085,936,1100,7.1,NA,"BL, OY, SY, TY, SE",15/0,100,100,,,2008-03-12,2008,NA,NA,0,0
1090,33,2008-03-12,74,MS,740801-02,NA,NA,NA,NA,0,16.5,16.3,16.4,29.3,31.7,31.7,7.4,6.8,6.5,30.1893,-88.8017,1213,0,12.7,30.1928,-88.7853,1234,1403,13,NA,"BL, OY, SY, TY, SE",15/0,100,100,,No station Lat/Long recorded,2008-03-12,2008,0,4,0,4
1091,33,2008-03-12,74,MS,740801-03,30.2186,-88.7404,NA,NA,1500,17.6,16,16.4,27.5,30,31.1,7.7,6.8,6.7,30.2184,-88.7294,1429,0,11.2,30.2196,-88.7491,1448,1608,10.8,NA,"BL, OY, SY, TY, SE",15/0,100,100,,,2008-03-12,2008,0,2,0,2
1092,33,2008-03-12,74,MS,740801-04,NA,NA,NA,NA,1720,16.4,16.2,16.2,23.8,29.6,29.4,8.2,7.2,7.3,30.2696,-88.8459,1649,0,7.1,30.2692,-88.865,1710,1850,7.1,NA,"BL, OY, SY, TY, SE",15/0,100,100,,No station Lat/Long recorded,2008-03-12,2008,NA,NA,0,0
1093,33,2008-03-13,74,MS,740801-05,30.1849,-88.498,3.2,NA,1000,16.2,16.7,16.7,29,32.6,32.7,7.4,5.8,5.7,30.1875,-88.506,929,0,12.4,30.1808,-88.486,950,1133,13.3,NA,"BL, OY, SY, TY, SE",15/0,100,100,,,2008-03-13,2008,0,7,0,7
1094,33,2008-03-13,74,MS,740801-06,30.2395,-88.4847,1.8,NA,1240,16.9,16.9,16.9,16.4,30.8,30.6,8.2,6.9,7,30.2389,-88.4731,1210,0,7.1,30.2401,-88.4956,1230,1405,6.2,NA,"BL, OY, SY, TY, SE",15/0,100,100,,,2008-03-13,2008,NA,NA,0,0
1095,33,2008-03-13,74,MS,740801-07,30.2714,-88.672,2.1,NA,1523,17.7,15.8,15.8,18.8,25.2,26.5,8.4,6.6,5.2,30.2716,-88.6817,1455,0,5.9,30.2704,-88.6623,1515,1649,5.9,NA,"BL, OY, SY, TY, SE",15/0,100,100,,,2008-03-13,2008,NA,NA,0,0
1096,33,2008-03-26,74,MS,740801-08,30.0162,-89.0524,NA,NA,1035,17.1,17.1,17,26.7,26.7,26.6,7.2,6.9,6.9,30.0224,-89.0566,1000,0,4.6,30.0077,-89.0457,1023,1205,5.3,NA,"BL, OY, SY, TY, SE",15/0,100,100,,,2008-03-26,2008,0,11,0,11
1097,33,2008-03-26,74,MS,740801-09,29.9533,-88.8592,2.6,NA,1330,17.8,16.9,16.9,27.1,28,28,7.5,7.3,7.4,29.9645,-88.8607,1259,0,4.6,29.9445,-88.8569,1320,1500,4.6,NA,"BL, OY, SY, TY, SE",15/0,100,100,,,2008-03-26,2008,NA,NA,0,0
1098,33,2008-03-26,74,MS,740801-10,30.0432,-88.912,3.2,NA,1600,18.2,17.7,17.7,29.1,31.3,31.5,7.2,6.5,6.2,30.0466,-88.9201,1530,0,9.9,30.039,-88.9044,1550,1725,8.4,NA,"BL, OY, SY, TY, SE",15/0,100,100,,,2008-03-26,2008,0,18,0,18
1099,33,2008-04-07,74,MS,740802-01,30.1804,-88.8882,2.6,NA,1015,22.1,20.3,20.2,21.9,28.9,28.8,7.7,5.4,5.4,30.1851,-88.9011,941,0,9.9,30.1773,-88.8756,1002,1157,11.2,NA,"BL, OY, SY, TY, SE",15/0,100,100,,,2008-04-07,2008,0,16,0,16
1100,33,2008-04-07,74,MS,740802-02,30.178,-88.6392,5,NA,1315,22.6,20.5,20.2,25.5,29.8,31.3,7.2,6.4,5.4,30.1763,-88.6532,1252,0,14.9,30.18,-88.629,1314,1453,14.9,NA,"BL, OY, SY, TY, SE",15/0,100,100,,,2008-04-07,2008,NA,NA,0,0
1101,33,2008-04-07,74,MS,740802-03,30.1775,-88.4515,4.2,NA,1600,22.9,19.7,19.8,28.3,28.9,31.9,7.3,5.2,5.1,30.1778,-88.4607,1535,0,13.6,30.1771,-88.4402,1555,1751,13.6,NA,"BL, OY, SY, TY, SE",15/0,100,100,,,2008-04-07,2008,0,5,0,5
1102,33,2008-04-16,74,MS,740802-04,30.27,-88.62,1.5,NA,920,17.6,17.7,19.2,19,19.3,27.4,8.1,7.2,5.1,30.2742,-88.6895,845,0,6.2,30.2692,-88.6645,905,0,5.3,NA,"BL, OY, SY, TY, SE",15/0,100,100,,No station Lat/Long recorded. Lat/long from station list.,2008-04-16,2008,0,2,0,2
1103,33,2008-04-16,74,MS,740802-05,30.27,-88.91,1.9,NA,1200,18.5,19.1,19.6,18.3,22.9,27.1,8.1,7.4,5.2,30.2729,-88.9164,1201,0,6.2,30.2747,-88.8958,1220,0,6.5,NA,"BL, OY, SY, TY, SE",15/0,100,100,,No station Lat/Long recorded. Lat/long from station list.,2008-04-16,2008,0,5,0,5
1104,33,2008-04-16,74,MS,740802-06,30.28,-89.11,1.2,NA,0,19,18.4,18.9,9.3,11.8,18.5,8.6,8.2,5.8,30.2526,-89.1351,1500,0,4.6,30.254,-89.1126,1524,0,5.3,NA,"BL, OY, SY, TY, SE",15/0,100,100,,No station Lat/Long recorded. Lat/long from station list.,2008-04-16,2008,NA,NA,0,0
1105,33,2008-04-30,74,MS,740803-01,30.1785,-88.9216,3.3,NA,953,22.9,20.9,20.9,17.1,32.3,32.4,7.6,2.8,2.7,30.1811,-88.9095,924,0,9.9,30.1762,-88.9353,944,0,9.3,NA,"BL, OY, SY, TY, SE",15/0,100,100,,,2008-04-30,2008,0,24,0,24
1106,33,2008-04-30,74,MS,740803-02,30.1512,-89.0477,1.7,NA,0,23.5,22.9,20.9,14.5,15.7,29.9,8.6,8.4,0.4,30.1522,-89.0376,1200,0,8.4,30.1511,-89.0582,1216,1356,7.4,NA,"BL, OY, SY, TY, SE",15/0,100,100,,,2008-04-30,2008,NA,NA,0,0
1107,33,2008-04-30,74,MS,740803-03,30.2404,-88.9703,1.5,NA,1448,24.6,22.5,21.6,12.2,17.4,27.8,8.4,7.2,1.3,30.2382,-88.9822,1423,0,7.4,30.2428,-88.959,1441,1616,6.8,NA,"BL, OY, SY, TY, SE",15/0,100,100,,,2008-04-30,2008,0,4,0,4
1108,33,2008-04-30,74,MS,740803-04,30.2589,-88.8921,2.1,NA,1658,23.8,22.1,21.7,15.7,23.9,29.3,9,6,4.3,30.2533,-88.903,1636,0,6.8,30.2634,-88.8828,1651,1833,6.8,NA,"BL, OY, SY, TY, SE",15/0,100,100,,,2008-04-30,2008,0,13,0,13
1109,33,2008-05-09,74,MS,740803-05,30.2316,-88.4482,3,NA,1136,25.2,24.6,24.2,21.1,23.1,23.6,6.8,6.2,6,30.2318,-88.4412,1111,0,7.4,30.2315,-88.4602,1128,1329,5.6,NA,"BL, OY, SY, TY, SE",15/0,100,100,,,2008-05-09,2008,0,21,0,21
1110,33,2008-05-09,74,MS,740803-06,30.2717,-88.6848,1.3,NA,1447,25.4,24.8,24.6,13.8,15.8,21.1,7.8,7.1,4.9,30.2722,-88.6735,1425,0,6.2,30.2715,-88.6933,1442,1652,6.5,NA,"BL, OY, SY, TY, SE",15/0,100,100,,HF1 lat/long updated JH 12/8/23,2008-05-09,2008,0,1,0,1
1111,33,2008-05-12,74,MS,740803-07,30.0002,-88.8924,1.8,NA,1036,24.4,24.1,21.7,15.5,17.5,32,7.3,6.6,0.5,29.9885,-88.8971,1012,0,7.1,30.0051,-88.8882,1028,1215,7.4,NA,"BL, OY, SY, TY, SE",15/0,100,99,H,,2008-05-12,2008,0,8,0,8
1112,33,2008-05-12,74,MS,740803-08,29.9221,-89.0829,0.8,NA,1326,24.4,24.2,23.7,17.9,18,18.4,8.2,8.1,7,29.9108,-89.0956,1303,0,4,29.9277,-89.0769,1319,1510,4.3,NA,"BL, OY, SY, TY, SE",15/0,100,100,,,2008-05-12,2008,0,2,0,2
1113,33,2008-05-12,74,MS,740803-09,30.0388,-88.92,1.4,NA,0,25.8,22.1,21.5,16.3,30.5,34.1,9,4.4,3,30.0471,-88.9164,1600,0,9.9,30.0311,-88.9238,1617,1750,9.3,NA,"BL, OY, SY, TY, SE",15/0,100,100,,,2008-05-12,2008,0,7,0,7
1114,33,2008-06-12,74,MS,740804-01,NA,NA,2.5,NA,0,29,29.4,27.5,17.8,20.9,27.2,7.4,6.1,2.6,30.2618,-88.9697,1029,0,6.2,30.2435,-88.961,1046,0,6.8,NA,"BL, OY, SY, TY, SE",15/0,100,100,,No station Lat/Long recorded,2008-06-12,2008,0,20,0,20
1115,33,2008-06-12,74,MS,740804-02,NA,NA,1.1,NA,0,31.2,29.3,27.2,21.4,21.7,29,8.2,8.4,2.4,30.1927,-89.0688,1325,0,7.8,30.1786,-89.0496,1343,0,8.4,NA,"BL, OY, SY, TY, SE",15/0,100,100,,No station Lat/Long recorded,2008-06-12,2008,0,19,0,19
1116,33,2008-06-12,74,MS,740804-03,30.2169,-88.855,1.8,NA,1647,30,29.3,28.4,19.1,20.5,27,7.4,7.7,4.4,30.215,-88.8607,1616,0,9.6,30.215,-88.8419,1635,0,10.2,NA,"BL, OY, SY, TY, SE",15/0,100,98,H,*1st high flier lat for start and end are the same,2008-06-12,2008,0,35,0,35
1117,33,2008-06-13,74,MS,740804-04,30.1656,-88.4658,3,NA,1055,30.1,27.6,24.2,22.3,30.4,35.7,7.9,4.3,3.3,30.1717,-88.4794,1032,0,14,30.1612,-88.4543,1051,1245,14.6,NA,"BL, OY, SY, TY, SE",15/0,100,100,,,2008-06-13,2008,NA,NA,0,0
1118,33,2008-06-13,74,MS,740804-05,30.2638,-88.4565,1.8,NA,1357,31,30.4,29.7,18.6,19.9,23.8,7.2,7.5,3.2,30.2633,-88.4701,1331,0,6.2,30.2643,-88.4498,1350,1545,5.6,NA,"BL, OY, SY, TY, SE",15/0,100,100,,HF2 lat/long updated JH 12/8/23,2008-06-13,2008,0,2,0,2
1119,33,2008-06-13,74,MS,740804-06,30.3035,-88.7116,1.2,NA,1708,30.4,30.1,29.8,15,14.9,16.9,8.5,6.7,5.1,30.3034,-88.7206,1647,0,4,30.3043,-88.7014,1703,1851,4.3,NA,"BL, OY, SY, TY, SE",15/0,100,100,,,2008-06-13,2008,NA,NA,0,0
1120,33,2008-06-14,74,MS,740804-07,29.9308,-89.0278,1.8,NA,1032,30.5,29.9,29.3,16.5,17.3,23.6,7.8,7.2,1,29.9258,-89.0405,1009,0,5.3,29.9328,-89.0178,1026,1200,5.9,NA,"BL, OY, SY, TY, SE",15/0,100,100,,,2008-06-14,2008,NA,NA,0,0
1121,33,2008-06-14,74,MS,740804-08,29.8976,-88.8567,2.2,NA,0,30.5,30.2,27.4,13.1,16.4,30.2,8.2,6.5,0.2,29.8889,-88.8584,1244,0,6.5,29.9072,-88.8551,1258,1500,6.2,NA,"BL, OY, SY, TY, SE",15/0,100,100,,,2008-06-14,2008,NA,NA,0,0
1122,33,2008-06-14,74,MS,740804-09,30.0592,-88.9318,2.1,NA,1554,31.2,30.2,24.9,18.9,20.7,32.8,10.7,10.2,0.2,30.0458,-88.9335,1514,0,10.5,30.0641,-88.9427,1529,1700,10.8,NA,"BL, OY, SY, TY, SE",15/0,100,100,,,2008-06-14,2008,NA,NA,0,0
1123,33,2008-07-10,74,MS,740805-01,30.155,-88.8837,3.2,NA,945,29.9,29.2,24.2,24.4,24.6,35.7,7.2,7.6,1.4,30.1636,-88.8882,912,0,11.5,30.1464,-88.8854,930,0,12.4,NA,"BL, OY, SY, TY, SE",15/0,98,98,,98 hooks fished,2008-07-10,2008,NA,NA,0,0
1124,33,2008-07-10,74,MS,740805-02,30.2096,-88.6821,2.4,NA,1245,31.1,26.7,23.7,24.8,33.9,36.2,6.5,3.3,0.8,30.2167,-88.689,1215,0,10.8,30.201,-88.68,1233,0,12.7,NA,"BL, OY, SY, TY, SE",15/0,100,100,,,2008-07-10,2008,NA,NA,0,0
1125,33,2008-07-10,74,MS,740805-03,30.2666,-88.8152,1.1,NA,1535,31.5,30.9,26.9,25.4,25.9,32.9,7.4,7.3,0.6,30.2685,-88.8064,1502,0,6.8,30.2654,-88.825,1522,0,6.2,NA,"BL, OY, SY, TY, SE",15/0,100,98,H,,2008-07-10,2008,0,1,0,1
1126,33,2008-07-11,74,MS,740805-04,NA,NA,2.6,NA,1025,29.6,24,21.8,26.4,35.9,36.5,7,3.7,1.7,30.1578,-88.4714,954,0,14,30.1514,-88.4957,1009,0,14.9,NA,"BL, OY, SY, TY, SE",15/0,100,100,,No station lat/long recorded,2008-07-11,2008,NA,NA,0,0
1127,33,2008-07-11,74,MS,740805-05,30.2364,-88.4654,2.7,NA,1315,30.2,30.2,28,27.3,27.3,31.3,5.9,6,3.2,30.2352,-88.4517,1238,0,6.8,30.2376,-88.4791,1259,1507,6.8,NA,"BL, OY, SY, TY, SE",15/0,100,100,,,2008-07-11,2008,0,1,0,1
1128,33,2008-07-11,74,MS,740805-06,30.2704,-88.6516,2.4,NA,1620,30.7,30.6,30.6,25.9,26,26,6.5,6.7,6.6,30.2704,-88.641,1549,0,4.6,30.2706,-88.6606,1605,1845,5.3,NA,"BL, OY, SY, TY, SE",15/0,100,100,,HF2 lat/long updated JH 12/8/23,2008-07-11,2008,0,34,0,34
1129,33,2008-07-21,74,MS,740805-07,29.9952,-89.0402,1.4,NA,1020,31.7,28.7,28.8,23.6,28.7,28.7,7.4,2.4,2.1,29.9862,-89.0422,956,0,5.3,30.0051,-89.0395,1013,1200,5.6,NA,"BL, OY, SY, TY, SE",15/0,100,100,,,2008-07-21,2008,0,1,0,1
1130,33,2008-07-21,74,MS,740805-08,30.0274,-89.0937,1.1,NA,1243,32,31.9,29.8,23.3,23.4,26.6,6.7,6.7,1.8,30.0175,-89.0987,1212,0,4.6,30.0345,-89.0884,1227,0,5,NA,"BL, OY, SY, TY, SE",15/0,100,99,H,,2008-07-21,2008,0,2,0,2
1131,33,2008-07-21,74,MS,740805-09,30.0782,-89.0684,1.4,NA,0,32.4,30.8,29.2,24.8,25.1,27.8,8.3,7.1,1.8,30.0777,-89.0777,1443,0,5,30.0734,-89.0578,1500,1730,5.9,NA,"BL, OY, SY, TY, SE",15/0,100,100,,,2008-07-21,2008,NA,NA,0,0
1132,33,2008-08-05,74,MS,740806-01,30.3158,-89.1019,1.3,NA,930,28.7,28.7,28.7,28.2,28.2,28.2,5.8,5.5,5.2,30.3145,-89.1144,910,0,4.3,30.3166,-89.0931,925,1052,4.3,NA,"BL, OY, SY, TY, SE",15/0,100,100,,,2008-08-05,2008,0,13,0,13
1133,33,2008-08-05,74,MS,740806-02,30.3087,-88.8316,1.3,NA,1215,29.3,28.6,28.8,29.2,29.2,29.2,6.2,4.7,5.1,30.3073,-88.8427,1149,0,5.3,30.3088,-88.8234,1203,1338,4.6,NA,"BL, OY, SY, TY, SE",15/0,100,100,,,2008-08-05,2008,0,23,0,23
1134,33,2008-08-05,74,MS,740806-03,30.1883,-88.8324,3.8,NA,1451,29.3,27.9,27.2,28.7,29.6,31.9,7.5,6.6,5.4,30.1897,-88.8437,1428,0,11.8,30.1864,-88.8221,1445,1632,12.7,NA,"BL, OY, SY, TY, SE",15/0,100,100,,,2008-08-05,2008,0,1,0,1
1135,33,2008-08-19,74,MS,740806-04,29.9151,-89.0598,1.6,NA,1035,28.8,28.3,27.9,24.1,24.5,26.6,11,11.6,7.7,29.916,-89.07,1014,0,5,29.9134,-89.0507,1028,1200,5.6,NA,"BL, OY, SY, TY, SE",15/0,100,100,,,2008-08-19,2008,NA,NA,0,0
1136,33,2008-08-19,74,MS,740806-05,29.9979,-88.9619,2.7,NA,1308,29.6,28.8,24.2,24.7,26,35.5,8.9,9,0.2,29.9978,-88.9722,1235,0,7.4,29.9976,-88.9521,1251,1428,7.8,NA,"BL, OY, SY, TY, SE",15/0,100,100,,,2008-08-19,2008,NA,NA,0,0
1137,33,2008-08-19,74,MS,740806-06,30.0155,-88.8946,3,NA,1513,29.4,24.2,23.4,24.3,34.2,35.9,8.4,1.7,0.1,30.0156,-88.9068,1447,0,7.8,30.0145,-88.8831,1505,1645,7.8,NA,"BL, OY, SY, TY, SE",15/0,100,100,,,2008-08-19,2008,NA,NA,0,0
1138,33,2008-08-20,74,MS,740806-07,30.2237,-88.7216,4.2,NA,951,28.8,28.1,26,28.9,30.9,33.6,6.5,6.2,2.8,30.224,-88.7314,929,0,9.6,30.2248,-88.7109,944,1145,9.3,NA,"BL, OY, SY, TY, SE",15/0,100,100,,,2008-08-20,2008,NA,NA,0,0
1139,33,2008-08-20,74,MS,740806-08,30.1806,-88.6006,4.4,NA,1242,29.4,28.3,23.7,30.7,31,36.2,8.2,8.1,0.4,30.1805,-88.613,1216,0,14.3,30.1794,-88.5889,1236,1430,13.3,NA,"BL, OY, SY, TY, SE",15/0,100,100,,,2008-08-20,2008,NA,NA,0,0
1140,33,2008-08-20,74,MS,740806-09,30.2732,-88.398,3.2,NA,1545,30.3,29.1,28.8,30.1,31,31.3,6.8,6.8,7,30.2712,-88.4129,1519,0,5.3,30.2733,-88.3852,1539,1802,6.5,NA,"BL, OY, SY, TY, SE",15/0,100,100,,,2008-08-20,2008,0,45,0,45
1141,33,2008-09-16,74,MS,740807-01,30.1995,-88.6989,2.6,NA,942,26.9,27.2,27.2,31.6,32.6,33.3,5.6,5.7,5,30.2013,-88.7079,907,0,13,30.1997,-88.6863,924,1120,13.3,NA,"BL, OY, SY, TY, SE",15/0,100,100,,,2008-09-16,2008,0,5,0,5
1142,33,2008-09-16,74,MS,740807-02,30.1872,-88.9039,1.2,NA,1235,27.6,27.2,27.5,23,30.1,30.2,6.5,5.2,5.9,30.1861,-88.9138,1209,0,9.6,30.1894,-88.8952,1226,1429,9.9,NA,"BL, OY, SY, TY, SE",15/0,100,95,H,,2008-09-16,2008,0,14,0,14
1143,33,2008-09-16,74,MS,740807-03,30.1613,-89.063,1.6,NA,1535,27.5,27.3,27.1,27.1,27.5,28.2,8,7.9,6.3,30.1621,-89.0727,1510,0,7.1,30.1623,-89.0513,1526,1737,8.4,NA,"BL, OY, SY, TY, SE",15/0,100,95,H,,2008-09-16,2008,0,4,0,4
1144,33,2008-09-17,74,MS,740807-04,30.2774,-88.6081,1.5,NA,922,25.6,26,26.1,22.4,22.3,23.9,5.4,5.3,5,30.2653,-88.607,857,0,4.3,30.2864,-88.6089,915,1052,4.3,NA,"BL, OY, SY, TY, SE",15/0,100,100,,,2008-09-17,2008,NA,NA,0,0
1145,33,2008-09-17,74,MS,740807-05,30.266,-88.7541,1.4,NA,1200,26.4,26.7,27.6,23.8,24.3,32.8,6.4,5.8,2.8,30.2651,-88.7666,1134,0,6.5,30.2679,-88.7432,1153,1355,6.8,NA,"BL, OY, SY, TY, SE",15/0,100,98,H,,2008-09-17,2008,0,1,0,1
1146,33,2008-09-17,74,MS,740807-06,30.3016,-88.8654,1.1,NA,1453,26.7,26.3,27.5,21.7,27.6,31,9,7,1.4,30.3003,-88.8784,1426,0,6.2,30.3043,-88.8523,1445,1645,5.9,NA,"BL, OY, SY, TY, SE",15/0,100,100,,,2008-09-17,2008,NA,NA,0,0
1147,33,2008-09-18,74,MS,740807-07,30.066,-89.0887,1.1,NA,1030,26.4,26.4,26.4,25.1,25,25,6.9,6.8,6.7,30.0625,-89.0995,953,0,4.3,30.0711,-89.0796,1012,1213,4.6,NA,"BL, OY, SY, TY, SE",15/0,100,100,,,2008-09-18,2008,NA,NA,0,0
1148,33,2008-09-18,74,MS,740807-08,30.0697,-88.9486,2,NA,1310,27.2,27.6,27.7,30.7,32.6,33.6,6.7,4.6,5.3,30.0649,-88.9583,1246,0,9.9,30.0748,-88.939,1303,1457,11.2,NA,"BL, OY, SY, TY, SE",15/0,100,100,,,2008-09-18,2008,0,7,0,7
1149,33,2008-10-09,74,MS,740808-01,30.1985,-88.8276,1.5,NA,921,24.9,25,24.9,33.5,33.5,33.4,5.8,5.6,5.6,30.1978,-88.8143,844,0,12.4,30.1999,-88.839,902,1046,11.8,NA,"BL, OY, SY, TY, SE",15/0,100,100,,,2008-10-09,2008,0,1,0,1
1150,33,2008-10-09,74,MS,740808-02,30.1904,-88.6032,2.5,NA,1158,25.1,25.2,25.4,33.7,33.6,33.7,6.3,6,5.2,30.1908,-88.6148,1135,0,14,30.194,-88.5919,1151,1348,13,NA,"BL, OY, SY, TY, SE",15/0,100,100,,,2008-10-09,2008,0,12,0,12
1151,33,2008-10-09,74,MS,740808-03,30.1678,-88.4619,2.1,NA,1441,25.6,25.5,26,33.4,33.3,34.2,6.4,6.1,5.2,30.1687,-88.4536,1422,0,14.9,30.1678,-88.471,1436,1618,14,NA,"BL, OY, SY, TY, SE",15/0,100,99,H,,2008-10-09,2008,0,12,0,12
1152,33,2008-10-10,74,MS,740808-04,29.9307,-89.0305,1.3,NA,1015,24.5,24.3,24.4,28.7,28.8,28.7,6.4,6.2,6.1,29.9252,-89.0341,945,0,5.3,29.9424,-89.0238,1002,1145,5.6,NA,"BL, OY, SY, TY, SE",15/0,100,100,,,2008-10-10,2008,0,9,0,9
1153,33,2008-10-10,74,MS,740808-05,29.9704,-88.963,2.7,NA,1235,25,25,24.8,30,29.9,30,6.3,6.3,6,29.965,-88.9745,1207,0,6.5,29.9807,-88.9557,1226,1430,7.1,NA,"BL, OY, SY, TY, SE",15/0,100,99,H,,2008-10-10,2008,0,15,0,15
1154,33,2008-10-16,74,MS,740808-06,30.2649,-89.0926,0.9,NA,950,24.9,24.9,24.9,25.2,25.6,25.6,7.1,6.6,6.7,30.2634,-89.104,926,0,5.6,30.264,-89.0856,940,1110,5.9,NA,"BL, OY, SY, TY, SE",15/0,100,100,,,2008-10-16,2008,NA,NA,0,0
1155,33,2008-10-16,74,MS,740808-07,30.2622,-88.9217,1.1,NA,1205,25.3,25.3,25.4,30.5,30.5,31.8,7.2,6.8,5.8,30.2622,-88.9317,1153,0,6.2,30.261,-88.9116,1158,1327,6.5,NA,"BL, OY, SY, TY, SE",15/0,100,100,,,2008-10-16,2008,0,1,0,1
1156,33,2008-10-16,74,MS,740808-08,30.2688,-88.7326,1.9,NA,1425,25.7,25.4,25.5,32,32.1,32.3,6.6,6.6,5.8,30.2676,-88.7424,1404,0,6.8,30.269,-88.7242,1418,1554,6.2,NA,"BL, OY, SY, TY, SE",15/0,100,100,,,2008-10-16,2008,NA,NA,0,0
1157,34,2009-03-12,74,MS,740901-01,30.1967,-89.035,1.8,NA,945,19.2,19.1,18,27.8,28.7,29.5,6.2,6.7,6.3,30.1917,-89.035,913,0,7.8,30.2033,-89.025,932,1105,7.1,NA,"BL, OY, SY, TY, SE",15/0,100,100,,,2009-03-12,2009,0,12,0,12
1158,34,2009-03-12,74,MS,740901-02,30.1925,-88.97,2.9,NA,1200,19.4,19,17.9,29.4,29.6,30.2,6.4,6.6,7,30.1928,-88.9793,1130,0,7.1,30.1928,-88.9608,1148,1330,7.4,NA,"BL, OY, SY, TY, SE",15/0,100,100,,,2009-03-12,2009,0,14,0,14
1159,34,2009-03-12,74,MS,740901-03,30.2112,-88.8352,3.2,NA,1430,20.1,19.4,18.7,29.1,29.6,30.6,7.2,6.4,6.1,30.2103,-88.8412,1356,0,10.2,30.2088,-88.8203,1415,1603,10.8,NA,"BL, OY, SY, TY, SE",15/0,100,100,,,2009-03-12,2009,0,12,0,12
1160,34,2009-03-13,74,MS,740901-04,30.214,-88.6215,3.2,NA,955,19.5,19.5,17.8,27.4,30.8,33.3,6.6,6.4,5.1,30.216,-88.6332,917,0,10.2,30.2137,-88.6123,937,1115,9.6,NA,"BL, OY, SY, TY, SE",15/0,100,100,,,2009-03-13,2009,0,7,0,7
1161,34,2009-03-13,74,MS,740901-05,30.2951,-88.6251,2.1,NA,1250,20.4,20.1,19.6,20.6,21.1,25,6.9,6.8,5.5,30.2975,-88.6367,1224,0,5,30.2932,-88.6153,1242,1420,4.3,NA,"BL, OY, SY, TY, SE",15/0,100,100,,,2009-03-13,2009,0,7,0,7
1162,34,2009-03-13,74,MS,740901-06,30.2652,-88.8132,2.3,NA,1545,20.4,20.1,19.6,20.1,28,29.8,6.5,6.6,5.9,30.2667,-88.825,1515,0,6.2,30.2633,-88.805,1532,1655,5.9,NA,"BL, OY, SY, TY, SE",15/0,100,100,,,2009-03-13,2009,0,24,0,24
1163,34,2009-03-16,74,MS,740901-07,30.0078,-89.06,2,NA,1004,20.3,20.3,20.4,24.7,25.1,25.3,6.3,6,5.7,29.9985,-89.0693,941,0,4.3,30.0132,-89.0545,958,1130,4.6,NA,"BL, OY, SY, TY, SE",15/0,98,98,,98 HOOKS SET,2009-03-16,2009,0,5,0,5
1164,34,2009-03-16,74,MS,740901-08,30.0603,-89.003,2.3,NA,1225,20.2,20,19.4,26.4,26.8,28.4,6.4,5.6,3.6,30.0533,-89.008,1202,0,5.9,30.0653,-88.9952,1217,1355,7.1,NA,"BL, OY, SY, TY, SE",15/0,100,100,,,2009-03-16,2009,0,18,0,18
1165,34,2009-04-14,74,MS,740902-01,30.2962,-88.669,1.4,NA,904,19.9,20.2,20.5,12.5,17.6,22.8,6.4,6.2,4.9,30.2922,-88.6588,841,0,5,30.2991,-88.6771,857,1025,4.6,NA,"BL, OY, SY, TY, SE",15/0,100,100,,,2009-04-14,2009,0,5,0,5
1166,34,2009-04-14,74,MS,740902-02,30.27,-88.5565,1.4,NA,1132,20.5,20.5,20.4,14.8,21.6,23.3,7,5,4.5,30.2707,-88.545,1103,0,5.3,30.2717,-88.5654,1120,1250,4.6,NA,"BL, OY, SY, TY, SE",15/0,100,100,,,2009-04-14,2009,NA,NA,0,0
1167,34,2009-04-14,74,MS,740902-03,30.2053,-88.6105,1.2,NA,1408,20.7,20.3,20.3,27.9,30,30.7,6.1,5.2,5.2,30.2047,-88.6019,1334,0,5,30.2096,-88.6235,1353,1532,5,NA,"BL, OY, SY, TY, SE",15/0,100,100,,,2009-04-14,2009,0,24,0,24
1168,34,2009-04-15,74,MS,740902-04,30.2185,-88.8333,1.5,NA,905,19.9,20.1,20.2,23.5,28.5,31,6,4.8,4.1,30.2214,-88.8257,836,0,10.2,30.2136,-88.8459,852,1030,9,NA,"BL, OY, SY, TY, SE",15/0,100,100,,,2009-04-15,2009,0,14,0,14
1169,34,2009-04-15,74,MS,740902-05,30.2026,-88.9089,1.7,NA,1135,20.5,20.3,20.6,23.2,23.7,28.9,6.7,6.1,3.7,30.1974,-88.9191,1100,0,7.8,30.2079,-88.9003,1121,1255,8.1,NA,"BL, OY, SY, TY, SE",15/0,100,100,,HF1 lat/long updated JH 12/8/23,2009-04-15,2009,0,12,0,12
1170,34,2009-04-15,74,MS,740902-06,30.2269,-88.9467,1.7,NA,1410,21.1,20.5,20.3,19.9,20.4,23.9,6.9,6.7,5.4,30.2273,-88.9578,1331,0,7.1,30.1831,-88.9351,1347,1525,6.5,NA,"BL, OY, SY, TY, SE",15/0,100,100,,,2009-04-15,2009,0,12,0,12
1171,34,2009-04-22,74,MS,740902-07,29.9184,-88.8808,1.4,NA,1015,21.5,21.7,21.8,10.3,24.7,27.6,6.5,5.6,5.3,29.9178,-88.87,948,0,4.6,29.9194,-88.8908,1006,1152,5,NA,"BL, OY, SY, TY, SE",15/0,100,100,,HF2 lat/long updated JH 12/8/23,2009-04-22,2009,0,3,0,3
1172,34,2009-04-22,74,MS,740902-08,30.031,-89.0566,1.6,NA,1300,22.5,21.6,21.4,19.8,20.7,21,6,5.9,5.7,30.034300000000002,-89.0466,1237,0,4.3,30.0276,-89.0655,1252,1440,4,NA,"BL, OY, SY, TY, SE",15/0,100,100,,,2009-04-22,2009,0,18,0,18
1173,34,2009-04-22,74,MS,740902-09,30.022,-88.9744,1.1,NA,1535,22.5,21.8,21.1,21.8,22.7,30.9,6.5,6.2,4.1,30.0308,-88.9722,1510,0,7.1,30.0149,-88.9778,1527,1705,6.8,NA,"BL, OY, SY, TY, SE",15/0,100,100,,,2009-04-22,2009,0,20,0,20
1174,34,2009-05-07,74,MS,740903-01,30.2151,-88.439,1.4,NA,947,25.5,25.4,24.6,17.2,17.4,23.4,5.7,5.6,2,30.2175,-88.43,922,0,6.2,30.212,-88.4494,940,1125,6.2,NA,"BL, OY, SY, TY, SE",15/0,100,99,H,,2009-05-07,2009,0,4,0,4
1175,34,2009-05-07,74,MS,740903-02,30.2622,-88.713,1.2,NA,1306,26.3,26,25.6,16.7,16.9,17,6.5,6.3,5.4,30.2657,-88.703,1245,0,4.6,30.2601,-88.7211,1301,1454,5.6,NA,"BL, OY, SY, TY, SE",15/0,100,100,,,2009-05-07,2009,NA,NA,0,0
1176,34,2009-05-07,74,MS,740903-03,30.2373,-88.9504,1,NA,1620,26.5,26.5,26.3,19.8,19.8,19.8,7,6.7,6.6,30.2377,-88.9386,1554,0,5.6,30.2351,-88.9599,1611,1753,5.9,NA,"BL, OY, SY, TY, SE",15/0,100,100,,,2009-05-07,2009,0,6,0,6
1177,34,2009-05-12,74,MS,740903-04,30.1783,-88.6191,2.8,NA,935,27.4,22.4,21.6,18.9,32.3,33.6,9,4.6,2.9,30.178,-88.6315,909,0,14.6,30.1773,-88.6103,927,1107,14,NA,"BL, OY, SY, TY, SE",15/0,100,100,,,2009-05-12,2009,0,13,0,13
1178,34,2009-05-12,74,MS,740903-05,30.2082,-88.6902,1.8,NA,1155,27.8,24.9,22.1,19.4,28.5,33.3,9.8,6.5,1.8,30.2072,-88.7026,1132,0,12.1,30.2056,-88.6808,1148,1340,12.4,NA,"BL, OY, SY, TY, SE",15/0,100,100,,,2009-05-12,2009,0,8,0,8
1179,34,2009-05-12,74,MS,740903-06,30.1858,-89.021,2,NA,1535,28.2,27.6,23.5,21.2,21.4,30.2,9.1,8,1.3,30.1859,-89.035,1500,0,8.4,30.1831,-89.0116,1519,1712,8.7,NA,"BL, OY, SY, TY, SE",15/0,100,99,H,,2009-05-12,2009,0,26,0,26
1180,34,2009-05-27,74,MS,740903-07,29.909,-88.9995,1.7,NA,1020,26,25.9,26.1,24.1,24.9,27.1,7.2,7,6.1,29.9173,-88.9956,956,0,5.9,29.9017,-89.0031,1013,1210,5.9,NA,"BL, OY, SY, TY, SE",15/0,100,100,,,2009-05-27,2009,0,14,0,14
1181,34,2009-05-27,74,MS,740903-08,29.9589,-88.8572,3.3,NA,1315,26.8,26.8,26.5,23.8,23.9,24.9,8.8,8.4,8.4,29.9678,-88.8586,1246,0,3.7,29.9484,-88.8574,1304,1450,4,NA,"BL, OY, SY, TY, SE",15/0,100,100,,,2009-05-27,2009,0,18,0,18
1182,34,2009-05-27,74,MS,740903-09,30.0239,-88.9009,3.9,NA,1540,27.3,26,26.4,23,25.8,26.5,7.5,7.6,7.1,30.0313,-88.8928,1515,0,8.1,30.0169,-88.9054,1532,1726,7.4,NA,"BL, OY, SY, TY, SE",15/0,100,100,,,2009-05-27,2009,0,22,0,22
1183,34,2009-06-01,74,MS,740904-01,30.271,-88.3784,2.7,NA,1012,27.3,26.8,25,18.7,20.8,30,7.1,5.9,2.1,30.271,-88.3908,941,0,5.9,30.272,-88.3689,958,1144,5.9,NA,"BL, OY, SY, TY, SE",15/0,100,99,H,,2009-06-01,2009,0,12,0,12
1184,34,2009-06-01,74,MS,740904-02,30.2198,-88.4304,1.9,NA,1227,28.1,27,26.4,14.9,18.5,26.4,7.4,6.4,4.7,30.2215,-88.4201,1207,0,4.6,30.2176,-88.4398,1222,1407,5.9,NA,"BL, OY, SY, TY, SE",15/0,100,100,,,2009-06-01,2009,0,10,0,10
1185,34,2009-06-01,74,MS,740904-03,30.3032,-88.7018,1.2,NA,1535,28.6,27.2,25.3,13.4,20.7,28.5,7.8,4.3,1,30.3026,-88.7138,1511,0,3.7,30.303,-88.6907,1526,1703,4,NA,"BL, OY, SY, TY, SE",15/0,100,100,B,Haul back from second highflier to first,2009-06-01,2009,0,1,0,1
1186,34,2009-06-12,74,MS,740904-04,30.1537,-89.1074,1.5,NA,955,27.8,26.8,24.8,23.6,27.1,33.3,6.2,3.7,0.5,30.1556,-89.0971,932,0,6.2,30.1492,-89.1171,947,1138,5.3,NA,"BL, OY, SY, TY, SE",15/0,100,99,H,One straightened hook,2009-06-12,2009,0,9,0,9
1187,34,2009-06-12,74,MS,740904-05,30.2547,-89.1293,1.1,NA,1250,29.2,28.9,28.5,17.1,18.3,20.1,7,6.6,5.9,30.2577,-89.1191,1230,0,5,30.2525,-89.1379,1245,1417,4.3,NA,"BL, OY, SY, TY, SE",15/0,100,100,,,2009-06-12,2009,0,19,0,19
1188,34,2009-06-17,74,MS,740904-06,30.1817,-88.2776,1.9,NA,1040,28.9,24.3,23.2,25,35.8,35.9,6.8,4,4.1,30.1836,-88.2675,1017,0,15.5,30.1819,-88.2846,1032,1210,15.2,NA,"BL, OY, SY, TY, SE",15/0,100,100,,,2009-06-17,2009,0,4,0,4
1189,34,2009-06-17,74,MS,740904-07,30.1749,-88.4549,4,NA,1310,28,23.6,23.5,28.5,36.6,36.8,6,3.5,3.4,30.1787,-88.4443,1249,0,12.7,30.173,-88.4629,1306,1454,13.6,NA,"BL, OY, SY, TY, SE",15/0,100,100,,,2009-06-17,2009,0,2,0,2
1190,34,2009-06-17,74,MS,740904-08,30.1869,-88.674,1.6,NA,1605,29,24.8,23.6,28.4,36.6,36.3,6.7,4.6,3.8,30.1853,-88.6649,1542,0,13.6,30.188,-88.6838,1600,1810,13,NA,"BL, OY, SY, TY, SE",15/0,100,100,,,2009-06-17,2009,NA,NA,0,0
1191,34,2009-06-18,74,MS,740904-09,29.9537,-89.0392,1.2,NA,1015,28.4,27.9,25.2,25.9,26.2,35,6.6,4.2,0.4,29.9517,-89.0273,950,0,5,29.9542,-89.0482,1006,1120,4.6,NA,"BL, OY, SY, TY, SE",15/0,100,100,,,2009-06-18,2009,0,12,0,12
1192,34,2009-06-18,74,MS,740904-10,29.9134,-88.9648,1.1,NA,1230,30,29,25,17.7,18.4,35.1,10.5,7.7,0.4,29.9071,-88.9564,1208,0,6.2,29.9173,-88.9724,1223,1340,6.2,NA,"BL, OY, SY, TY, SE",15/0,100,100,,,2009-06-18,2009,NA,NA,0,0
1193,34,2009-06-18,74,MS,740904-11,29.9485,-88.8553,0.9,NA,1445,32.2,31.1,30.8,18.8,19.1,19.7,8.9,9,8.4,29.9586,-88.8548,1425,0,3.4,29.9389,-88.8544,1440,1647,3.7,NA,"BL, OY, SY, TY, SE",15/0,100,100,,,2009-06-18,2009,NA,NA,0,0
1194,34,2009-07-03,74,MS,740905-01,30.1967,-88.2629,5,NA,1100,28.9,23.9,23.6,33.7,37,36.9,5.8,5.1,2.7,30.1972,-88.256,1037,0,14.3,30.196,-88.2734,1050,1214,13.3,NA,"BL, OY, SY, TY, SE",15/0,100,100,,,2009-07-03,2009,0,1,0,1
1195,34,2009-07-03,74,MS,740905-02,30.1792,-88.5982,6.3,NA,1350,29.4,24.3,23.5,34.6,37.9,37.2,6.2,5,3.6,30.1774,-88.5885,1326,0,12.4,30.1801,-88.6074,1343,1515,14,NA,"BL, OY, SY, TY, SE",15/0,100,100,,,2009-07-03,2009,0,1,0,1
1196,34,2009-07-03,74,MS,740905-03,30.2232,-88.7122,4.8,NA,1625,29.8,26.4,24,34.3,35.4,36.8,6.3,5.8,4.1,30.2239,-88.703,1556,0,9,30.224,-88.7205,1610,1743,8.7,NA,"BL, OY, SY, TY, SE",15/0,100,99,H,,2009-07-03,2009,NA,NA,0,0
1197,34,2009-07-08,74,MS,740905-04,30.0139,-89.049,1,NA,1023,28.5,28.5,27.5,30.6,30.8,31.9,5.8,5.1,3.6,30.011,-89.0381,952,0,5,30.0166,-89.0569,1006,1207,4.6,NA,"BL, OY, SY, TY, SE",15/0,100,100,,,2009-07-08,2009,0,1,0,1
1198,34,2009-07-08,74,MS,740905-05,30.0465,-89.0897,1.1,NA,1310,28.4,28.3,27.9,29.4,29.3,29.7,6.2,5.3,4.4,30.0528,-89.0816,1227,0,4.3,30.0406,-89.0915,1243,1439,4.3,NA,"BL, OY, SY, TY, SE",15/0,100,100,,,2009-07-08,2009,0,6,0,6
1199,34,2009-07-08,74,MS,740905-06,30.053,-88.9296,1.5,NA,1535,27.9,23,22.9,31.2,36.5,36.4,8.4,3.6,3.4,30.0602,-88.9367,1512,0,10.5,30.0437,-88.9266,1528,1736,9.6,NA,"BL, OY, SY, TY, SE",15/0,100,100,,,2009-07-08,2009,NA,NA,0,0
1200,34,2009-07-09,74,MS,740905-07,30.2573,-89.1154,1.3,NA,1010,28.2,27.9,27.5,30.6,30.9,31.8,5.9,5.5,4.6,30.2593,-89.1046,950,0,5,30.2554,-89.1232,1003,1136,4.6,NA,"BL, OY, SY, TY, SE",15/0,100,100,,,2009-07-09,2009,0,27,0,27
1201,34,2009-07-09,74,MS,740905-08,30.1584,-88.9178,2.4,NA,1304,28.7,25.4,23.1,31.7,34.4,36.4,8.5,5.3,4.1,30.1576,-88.9066,1239,0,10.8,30.1581,-88.9273,1255,1437,10.2,NA,"BL, OY, SY, TY, SE",15/0,100,100,,,2009-07-09,2009,NA,NA,0,0
1202,34,2009-07-09,74,MS,740905-09,30.268,-88.82,3.4,NA,1555,27.9,24.9,24.2,34.3,35.7,36.2,7.1,6.5,6.4,30.2714,-88.8113,1530,0,6.2,30.2649,-88.8288,1545,1733,5.9,NA,"BL, OY, SY, TY, SE",15/0,100,100,,,2009-07-09,2009,NA,NA,0,0
1203,34,2009-07-10,74,MS,740905-10,30.2333,-88.3718,3.4,NA,1005,27.2,26.2,25.7,34.7,35.6,35.6,6.5,6,6.3,30.232,-88.3827,938,0,6.5,30.2325,-88.3631,951,1134,6.2,NA,"BL, OY, SY, TY, SE",15/0,100,100,,,2009-07-10,2009,NA,NA,0,0
1204,34,2009-07-10,74,MS,740905-11,30.2375,-88.553,2.3,NA,1240,28.6,25.9,25.1,34.6,35.6,36.1,6.6,6.1,5.9,30.2402,-88.5655,1217,0,5.3,30.2363,-88.5431,1234,1410,5,NA,"BL, OY, SY, TY, SE",15/0,100,100,,,2009-07-10,2009,NA,NA,0,0
1205,34,2009-08-03,74,MS,740906-01,30.1686,-89.0298,1.3,NA,945,28.5,28,25,30.8,31.3,35.9,8.2,6.6,1.7,30.173,-89.0201,918,0,8.7,30.164,-89.0371,934,1107,8.4,NA,"BL, OY, SY, TY, SE",15/0,100,100,,,2009-08-03,2009,NA,NA,0,0
1206,34,2009-08-03,74,MS,740906-02,30.2319,-89.0503,1.4,NA,1200,27.6,27,25,34.6,34.8,35.7,4.7,4,2,30.2348,-89.0402,1133,0,4.6,30.2296,-89.0593,1148,1319,3.7,NA,"BL, OY, SY, TY, SE",15/0,100,100,,,2009-08-03,2009,0,1,0,1
1207,34,2009-08-03,74,MS,740906-03,30.2994,-88.8034,1.1,NA,1455,30.9,30.6,28,30.8,30.8,32.9,7.8,7.2,3.7,30.2988,-88.7922,1430,0,4.3,30.3,-88.8148,1446,1620,4.3,NA,"BL, OY, SY, TY, SE",15/0,100,100,,,2009-08-03,2009,NA,NA,0,0
1208,34,2009-08-04,74,MS,740906-04,29.915,-89.0807,1.2,NA,1030,29.1,29.1,28.8,30.5,30.4,31.1,9.5,8.7,4.8,29.9092,-89.0715,1009,0,4.6,29.9204,-89.0875,1023,1157,4.3,NA,"BL, OY, SY, TY, SE",15/0,100,98,H,,2009-08-04,2009,0,3,0,3
1209,34,2009-08-04,74,MS,740906-05,29.9646,-88.9177,4.3,NA,1308,30.6,29.4,28.1,28.8,29.6,32.3,7.8,7.5,4.3,29.957,-88.9082,1236,0,6.5,29.9707,-88.9272,1254,1449,6.5,NA,"BL, OY, SY, TY, SE",15/0,100,100,,,2009-08-04,2009,NA,NA,0,0
1210,34,2009-08-04,74,MS,740906-06,30.0081,-88.9449,3.1,NA,1535,29.9,26.8,24.9,28.4,34.3,36.2,7.6,4.3,1.3,30.0162,-88.9368,1506,0,7.8,29.9992,-88.9513,1525,1706,6.8,NA,"BL, OY, SY, TY, SE",15/0,100,100,,,2009-08-04,2009,NA,NA,0,0
1211,34,2009-08-06,74,MS,740906-07,30.2168,-88.1452,2.4,NA,1110,29.4,27.3,24.4,30,34.6,36.6,6.6,5.9,2.5,30.2165,-88.1558,1040,0,11.8,30.2176,-88.1377,1054,1224,10.8,NA,"BL, OY, SY, TY, SE",15/0,100,100,,,2009-08-06,2009,NA,NA,0,0
1212,34,2009-08-06,74,MS,740906-08,30.1621,-88.614,5.8,NA,1425,30.4,24.9,25.5,30.3,36.6,36.4,7.3,5.2,4.2,30.1638,-88.603,1402,0,13.6,30.1626,-88.6231,1417,1552,13.3,NA,"BL, OY, SY, TY, SE",15/0,100,100,,,2009-08-06,2009,NA,NA,0,0
1213,34,2009-08-06,74,MS,740906-09,30.2348,-88.7321,2.5,NA,1644,30.4,29.6,29.1,31.5,31.9,32.2,7.4,6.8,7.1,30.2374,-88.7223,1623,0,5,30.2333,-88.7414,1638,1819,6.2,NA,"BL, OY, SY, TY, SE",15/0,100,100,,,2009-08-06,2009,NA,NA,0,0
1214,34,2009-08-07,74,MS,740906-10,30.2858,-88.2724,0.9,NA,1005,30.1,30.2,30.1,31.3,31.3,30.4,6.2,5.7,5.4,30.282,-88.2821,946,0,4.3,30.287,-88.2656,959,1128,4.3,NA,"BL, OY, SY, TY, SE",15/0,100,100,,,2009-08-07,2009,0,11,0,11
1215,34,2009-08-07,74,MS,740906-11,30.2248,-88.4717,1.5,NA,1240,29.6,29.8,29.3,31.9,31.8,32.2,6.6,6.2,6.1,30.229,-88.4807,1214,0,4.3,30.2202,-88.4604,1232,1411,4.3,NA,"BL, OY, SY, TY, SE",15/0,100,100,,,2009-08-07,2009,0,3,0,3
1216,34,2009-09-14,74,MS,740907-01,30.2341,-88.6281,1.3,NA,910,27.1,27.1,27.1,30,31,31.1,5.8,5.6,5.7,30.237,-88.6351,848,0,7.1,30.2331,-88.621,901,1040,8.4,NA,"BL, OY, SY, TY, SE",15/0,100,100,,no hook timers,2009-09-14,2009,0,7,0,7
1217,34,2009-09-14,74,MS,740907-02,30.2562,-88.7608,1.2,NA,1150,27.5,27.5,27.3,31.3,31.4,31.5,6.2,5.6,4.9,30.2618,-88.7535,1130,0,6.2,30.2531,-88.7667,1143,1319,6.2,NA,"BL, OY, SY, TY, SE",15/0,100,100,,no hook timers,2009-09-14,2009,0,2,0,2
1218,34,2009-09-14,74,MS,740907-03,30.261,-88.935,1.2,NA,1418,28.5,27.6,27.6,28.1,28.3,29,7.3,7.3,6.2,30.2644,-88.9269,1400,0,5.6,30.2592,-88.9424,1413,1549,5.6,NA,"BL, OY, SY, TY, SE",15/0,100,100,"A, B",No hook timers.  Lightning storm during haul back. Cut at midweight at 15:24. Began haulback from HF2 at 15:34,2009-09-14,2009,0,2,0,2
1219,34,2009-09-21,74,MS,740907-04,30.1922,-88.5804,5.2,NA,945,28.7,28.8,28.1,28.7,29.4,31.8,6.6,6.3,2.6,30.1936,-88.5932,920,0,12.4,30.1907,-88.5681,938,1111,10.8,NA,"BL, OY, SY, TY, SE",15/0,100,100,,,2009-09-21,2009,0,1,0,1
1220,34,2009-09-21,74,MS,740907-05,30.2225,-88.6682,3,NA,1205,29.5,28.8,28.5,28.1,30.7,31.1,6.8,5.8,3.1,30.2254,-88.6808,1140,0,9,30.2212,-88.6568,1158,1331,9,NA,"BL, OY, SY, TY, SE",15/0,100,100,,,2009-09-21,2009,0,1,0,1
1221,34,2009-09-21,74,MS,740907-06,30.1716,-89.0023,2.8,NA,1520,29.5,28.5,28.4,25.4,30,30.7,6.6,2.7,0.9,30.1722,-89.0147,1452,0,8.7,30.1702,-88.9906,1512,1654,8.1,NA,"BL, OY, SY, TY, SE",15/0,100,100,,,2009-09-21,2009,NA,NA,0,0
1222,34,2009-09-22,74,MS,740907-07,29.9457,-88.9523,3.4,NA,1010,29.5,29.4,29.3,22.7,22.9,22.9,8.4,7.5,7.7,29.9533,-88.9608,944,0,6.2,29.9389,-88.9436,1003,1201,5.9,NA,"BL, OY, SY, TY, SE",15/0,100,100,,,2009-09-22,2009,0,7,0,7
1223,34,2009-09-22,74,MS,740907-08,29.9882,-88.8917,3.4,NA,1250,29.8,29.6,28.8,22.7,22.8,27.5,7.7,7.7,4.4,29.9939,-88.9006,1223,0,6.8,29.9817,-88.8831,1241,1503,6.8,NA,"BL, OY, SY, TY, SE",15/0,100,98,H,,2009-09-22,2009,0,1,0,1
1224,34,2009-09-24,74,MS,740907-09,30.1755,-88.3516,4.4,NA,1020,28.8,29,29,30.4,30.9,32.2,6.1,5.9,5.1,30.1762,-88.3613,949,0,14.3,30.1751,-88.3402,1010,1143,14.3,NA,"BL, OY, SY, TY, SE",15/0,100,100,,,2009-09-24,2009,0,4,0,4
1225,34,2009-09-24,74,MS,740907-10,30.2526,-88.2502,1.6,NA,1345,30.1,29.9,29.5,25.8,26.3,29.1,6.5,6.4,4.2,30.2501,-88.2502,1321,0,4.3,30.2534,-88.2381,1340,1529,4.6,NA,"BL, OY, SY, TY, SE",15/0,100,100,,,2009-09-24,2009,0,21,0,21
1226,34,2009-10-06,74,MS,740908-01,30.1998,-88.3675,1.7,NA,1018,27,28,28.1,24.9,32.8,33,5.1,1.3,1.2,30.1989,-88.3783,956,0,7.1,30.1997,-88.3592,1013,1149,9,NA,"BL, OY, SY, TY, SE",15/0,100,100,,,2009-10-06,2009,0,9,0,9
1227,34,2009-10-06,74,MS,740908-02,30.1632,-88.455,2.2,NA,1245,27.7,27.8,28.1,29.5,32,32.6,6.2,3.7,4.8,30.1681,-88.4638,1222,0,14.3,30.158,-88.4493,1236,1413,14,NA,"BL, OY, SY, TY, SE",15/0,100,100,,,2009-10-06,2009,NA,NA,0,0
1228,34,2009-10-06,74,MS,740908-03,30.1864,-88.8354,2,NA,1605,27.6,27.3,27.6,26.5,28.8,31.3,7.1,4.2,2.6,30.1913,-88.842,1543,0,11.8,30.1803,-88.8293,1557,1735,12.4,NA,"BL, OY, SY, TY, SE",15/0,100,100,,,2009-10-06,2009,NA,NA,0,0
1229,34,2009-10-07,74,MS,740908-04,29.9301,-89.028,2,NA,1015,27.7,27.5,27.4,25.1,25,24.9,5.5,5.1,5,29.9387,-89.0268,951,0,4.6,29.9226,-89.0285,1005,1147,4.6,NA,"BL, OY, SY, TY, SE",15/0,100,99,H,,2009-10-07,2009,0,14,0,14
1230,34,2009-10-07,74,MS,740908-05,29.935,-88.975,1.1,NA,1230,28.4,27.9,27.4,25.7,25.8,26.5,6.5,6.2,2.1,29.9414,-88.9696,1206,0,5.6,29.9279,-88.9805,1221,1408,5.6,NA,"BL, OY, SY, TY, SE",15/0,100,100,,,2009-10-07,2009,0,5,0,5
1231,34,2009-10-07,74,MS,740908-06,29.9992,-88.9758,1.7,NA,1455,28,27.6,27.3,24.9,25,27,6.7,5.7,2.3,30.0074,-88.976,1430,0,6.8,29.9915,-88.9768,1444,1650,6.5,NA,"BL, OY, SY, TY, SE",15/0,100,99,H,,2009-10-07,2009,0,2,0,2
1232,34,2009-10-08,74,MS,740908-07,30.1492,-89.1416,0.6,NA,1000,27.5,27.5,27,22.5,22.4,22.3,5.3,5.3,5,30.1576,-89.141,934,0,4,30.1401,-89.1448,950,1228,3.4,NA,"BL, OY, SY, TY, SE",15/0,100,96,H,,2009-10-08,2009,0,14,0,14
1233,34,2009-10-08,74,MS,740908-08,30.2437,-89.1655,1.5,NA,1400,28.4,28.3,28.5,18.9,19,19.9,7.2,7.2,7.5,30.2456,-89.1758,1335,0,3.4,30.243,-89.1561,1349,1524,4.6,NA,"BL, OY, SY, TY, SE",15/0,100,100,,,2009-10-08,2009,NA,NA,0,0
1234,34,2009-10-08,74,MS,740908-09,30.2603,-88.9683,1.3,NA,1635,29,28.7,27.8,20.6,20.7,25.8,7.6,7.7,5.2,30.2642,-88.9782,1610,0,5.9,30.2564,-88.9606,1625,1800,5.6,NA,"BL, OY, SY, TY, SE",15/0,100,100,,,2009-10-08,2009,0,11,0,11
1235,34,2009-10-12,74,MS,740908-10,30.2415,-88.3088,1.3,NA,1010,27.2,27.4,27.5,16.1,24.7,26.9,6.8,5.8,3.2,30.2406,-88.3188,949,0,5,30.241,-88.3003,1004,1150,5,NA,"BL, OY, SY, TY, SE",15/0,100,100,,,2009-10-12,2009,0,12,0,12
1236,34,2009-10-12,74,MS,740908-11,30.266,-88.4358,1.3,NA,1300,27.6,27.5,27.3,17.5,17.5,21.4,7.7,7.4,6.5,30.2682,-88.4463,1234,0,4.6,30.2636,-88.4272,1250,1445,4,NA,"BL, OY, SY, TY, SE",15/0,100,100,,,2009-10-12,2009,0,3,0,3
1237,34,2009-10-12,74,MS,740908-12,30.2997,-88.8583,1.7,NA,1640,27.3,27.3,27.1,22,22,24.9,8.1,7.7,3.6,30.2992,-88.8696,1617,0,5,30.2994,-88.8486,1632,1806,5,NA,"BL, OY, SY, TY, SE",15/0,100,100,B,Haul back from second highflier to first,2009-10-12,2009,0,3,0,3
1238,35,2010-03-08,96,MS,741001-01,30.2276,-88.8132,3.4,8.1,910,14.7,15.1,15.2,30.3,32.3,31.4,8.2,7.8,7.8,30.227,-88.8228,846,0,7.1,30.2272,-88.8052,904,1042,7.8,NA,"BL, OY, SY, TY, SE",15/0,100,100,,,2010-03-08,2010,NA,NA,0,0
1239,35,2010-03-08,96,MS,741001-02,30.1656,-89.1286,2.2,5.9,1215,14.4,14.1,14.2,23.2,28.4,28.3,8.7,8.4,8.5,30.1644,-89.1383,1152,0,5.9,30.1646,-89.1202,1209,1345,6.5,NA,"BL, OY, SY, TY, SE",15/0,100,100,,,2010-03-08,2010,NA,NA,0,0
1240,35,2010-03-08,96,MS,741001-03,30.2625,-89.0904,2,5.6,1455,14.3,13.6,13.6,18.9,26.5,26.7,9.3,8.8,8.6,30.2622,-89.1024,1430,0,5.3,30.2632,-89.0813,1447,1621,6.2,NA,"BL, OY, SY, TY, SE",15/0,100,100,,,2010-03-08,2010,NA,NA,0,0
1241,35,2010-03-16,96,MS,741001-04,30.2156,-88.6184,2,9.3,950,15.8,15.9,16,25.3,31,35.2,7.8,7,5.1,30.2134,-88.6059,924,0,9.3,30.2187,-88.6278,941,1123,9,NA,"BL, OY, SY, TY, SE",15/0,100,100,,,2010-03-16,2010,0,4,0,4
1242,35,2010-03-16,96,MS,741001-05,30.237,-88.5601,2,6.2,1240,16.8,16.4,16.9,20.3,21.3,31.5,8.5,8.3,5.4,30.2365,-88.5748,1213,0,5.9,30.236,-88.5491,1232,1416,5,NA,"BL, OY, SY, TY, SE",15/0,100,100,,,2010-03-16,2010,NA,NA,0,0
1243,35,2010-03-16,96,MS,741001-06,30.3051,-88.8189,1.5,4,1533,17.9,16.4,16.3,20.3,25.7,28.2,8.3,7.3,6.8,30.3052,-88.8078,1510,0,4,30.3049,-88.8274,1525,1705,4.6,NA,"BL, OY, SY, TY, SE",15/0,100,100,,,2010-03-16,2010,NA,NA,0,0
1244,35,2010-03-19,96,MS,741001-07,29.9962,-89.0489,3.4,4.6,1010,16,16.3,16.5,26.2,28.5,28.5,7.8,7.4,7.4,30.0079,-89.0505,946,0,4.6,29.9872,-89.0458,1003,1146,4.6,NA,"BL, OY, SY, TY, SE",15/0,100,100,,,2010-03-19,2010,NA,NA,0,0
1245,35,2010-03-19,96,MS,741001-08,29.922,-89.0426,3,5,1230,15.9,16,16.3,23.3,26.3,27.9,8.1,7.8,7.7,29.9201,-89.0542,1208,0,4.6,29.9234,-89.0325,1223,1357,4.6,NA,"BL, OY, SY, TY, SE",15/0,100,100,,,2010-03-19,2010,NA,NA,0,0
1246,35,2010-03-19,96,MS,741001-09,30.064,-88.9251,4.5,11.8,1505,17.5,16.7,16.9,30.9,34.8,35.1,7.7,5.4,4.9,30.0629,-88.9136,1444,0,10.2,30.0641,-88.9358,1500,1641,11.2,NA,"BL, OY, SY, TY, SE",15/0,100,100,,,2010-03-19,2010,0,2,0,2
1247,35,2010-04-05,96,MS,741002-01,29.904,-88.9704,1.8,6.2,1025,20.1,20,18.2,19.6,23.1,33.2,10.4,10.2,2.2,29.9086,-88.9787,958,0,5.9,29.9016,-88.9628,1012,1139,6.2,NA,"BL, OY, SY, TY, SE",15/0,100,100,,,2010-04-05,2010,0,2,0,2
1248,35,2010-04-05,96,MS,741002-02,29.9182,-88.9217,1.8,5.9,1217,20.6,20.2,18.6,20.5,21.5,29.9,13.1,11.2,5.7,29.9206,-88.931,1153,0,6.2,29.916,-88.9137,1208,1336,5.3,NA,"BL, OY, SY, TY, SE",15/0,100,100,,,2010-04-05,2010,NA,NA,0,0
1249,35,2010-04-05,96,MS,741002-03,30.0123,-88.9662,1.7,7.4,1427,20.7,19.9,19.1,21.1,22.3,25.1,13.5,10.3,6.1,30.0169,-88.973,1404,0,7.4,30.0109,-88.9581,1418,1550,7.4,NA,"BL, OY, SY, TY, SE",15/0,100,100,,,2010-04-05,2010,0,1,0,1
1250,35,2010-04-19,96,MS,741002-04,30.2227,-88.7499,2,9.9,906,21.3,21.1,21.1,29.2,30.6,30,6.6,5.8,5.7,30.2244,-88.7608,844,0,8.7,30.2227,-88.7411,900,1103,9.9,NA,"BL, OY, SY, TY, SE",15/0,100,99,H,,2010-04-19,2010,0,8,0,8
1251,35,2010-04-19,96,MS,741002-05,30.2,-88.574,5.6,11.5,1204,23,22.2,21.5,26.9,30.2,30.8,7.2,7.3,6.5,30.2016,-88.5848,1142,0,11.5,30.1997,-88.5643,1157,1340,11.5,NA,"BL, OY, SY, TY, SE",15/0,100,100,,,2010-04-19,2010,0,13,0,13
1252,35,2010-04-19,96,MS,741002-06,30.2285,-88.4491,2.4,5.9,1430,23.4,22.4,22,22.3,25,29.3,7,7,6.4,30.2279,-88.4595,1410,0,5,30.2282,-88.4395,1423,1557,6.8,NA,"BL, OY, SY, TY, SE",15/0,100,100,,,2010-04-19,2010,0,4,0,4
1253,35,2010-04-20,96,MS,741002-07,30.1722,-89.0149,2.4,9,947,22,21.7,20.7,22.3,23.5,27.8,6.2,5.4,4.7,30.1637,-89.0191,925,0,9,30.1777,-89.0092,940,1118,9,NA,"BL, OY, SY, TY, SE",15/0,100,100,,,2010-04-20,2010,0,9,0,9
1254,35,2010-04-20,96,MS,741002-08,30.2443,-89.1505,1.1,5.3,1224,22.2,22.2,22.3,17.4,17.5,17.6,7.4,7.2,7.2,30.2457,-89.1601,1201,0,4.6,30.2468,-89.1413,1217,1355,5.3,NA,"BL, OY, SY, TY, SE",15/0,100,100,,,2010-04-20,2010,NA,NA,0,0
1255,35,2010-04-20,96,MS,741002-09,30.2622,-88.8549,2.4,6.8,1516,22.1,22,21.5,23.7,24,28.7,7.4,6.6,6.8,30.2641,-88.864,1456,0,6.8,30.264,-88.8459,1510,1648,6.8,NA,"BL, OY, SY, TY, SE",15/0,100,100,,,2010-04-20,2010,0,7,0,7
1256,35,2010-05-04,96,MS,741003-01,30.219,-88.8504,1.4,8.4,912,22.7,NA,NA,24.6,26.3,28.2,7.1,6.6,6,30.2197,-88.8594,850,0,8.7,30.219,-88.8431,907,1047,9.6,NA,"BL, OY, SY, TY, SE",15/0,100,100,,,2010-05-04,2010,0,17,0,17
1257,35,2010-05-04,96,MS,741003-02,30.1692,-89.0593,NA,7.4,1200,23.8,NA,NA,20.4,21.8,22,8.5,6.2,7,30.167,-89.0699,1146,0,7.1,30.1706,-89.0479,1207,1421,8.4,NA,"BL, OY, SY, TY, SE",15/0,100,100,,,2010-05-04,2010,0,9,0,9
1258,35,2010-05-04,96,MS,741003-03,30.2574,-89.1449,NA,4.6,1520,24.7,NA,NA,18.2,19.1,18.9,7.4,7.6,7.2,30.2594,-89.1323,1500,0,5,30.2552,-89.1538,1515,1654,5,NA,"BL, OY, SY, TY, SE",15/0,100,100,,,2010-05-04,2010,NA,NA,0,0
1259,35,2010-05-06,96,MS,741003-04,30.1695,-88.4108,5.8,14.3,1025,25.3,23.4,23.1,26.1,29.2,30.3,7.7,6.6,5.7,30.1663,-88.4211,1002,0,14.6,30.1705,-88.402,1017,1207,14.3,NA,"BL, OY, SY, TY, SE",15/0,100,100,,,2010-05-06,2010,0,3,0,3
1260,35,2010-05-06,96,MS,741003-05,30.2375,-88.526,2,6.2,1315,27.2,26.1,25.4,19.5,23,26.9,7.9,7.4,6.7,30.2396,-88.5457,1253,0,4.6,30.2355,-88.5184,1307,1529,5,NA,"BL, OY, SY, TY, SE",15/0,100,100,,,2010-05-06,2010,0,15,0,15
1261,35,2010-05-06,96,MS,741003-06,30.2711,-88.6986,2.4,5,1640,28.2,26.6,25.4,15.6,20.7,26.1,8.4,8,5.2,30.2697,-88.6875,1607,0,5.3,30.2714,-88.7075,1622,1824,5,NA,"BL, OY, SY, TY, SE",15/0,100,99,H,,2010-05-06,2010,0,3,0,3
1262,35,2010-05-19,96,MS,741003-07,29.9723,-89.0088,0.8,5.9,1007,26.7,26.6,26,17.9,18.5,25.6,10.1,8.6,1,29.9803,-89.0083,948,0,5.6,29.9649,-89.0089,1002,1151,5.6,NA,"BL, OY, SY, TY, SE",15/0,100,99,H,,2010-05-19,2010,0,9,0,9
1263,35,2010-05-19,96,MS,741003-08,30.0082,-89.0019,0.8,6.2,1238,28.3,26.5,26.2,17.4,21.6,25.9,13.3,5,0.5,30.0176,-89.0028,1215,0,6.2,29.9888,-89.0012,1231,1421,6.2,NA,"BL, OY, SY, TY, SE",15/0,100,100,,,2010-05-19,2010,0,12,0,12
1264,35,2010-05-19,96,MS,741003-09,30.0365,-88.9356,1.2,9.3,1504,29.4,26,24.5,17.1,24.4,28,11.8,4.6,0.3,30.0444,-88.9368,1446,0,10.2,30.0291,-88.9353,1500,1652,8.7,NA,"BL, OY, SY, TY, SE",15/0,100,100,,,2010-05-19,2010,0,20,0,20
1265,35,2010-06-03,96,MS,741004-01,30.1961,-89.1333,1.2,4.2,1033,28.3,27.9,27.6,20,21.7,23,6.8,5.1,4.3,30.1937,-89.1408,1011,0,6.2,30.1941,-89.1248,1025,1224,4,NA,"BL, OY, SY, TY, SE",15/0,100,96,H,,2010-06-03,2010,0,20,0,20
1266,35,2010-06-03,96,MS,741004-02,30.244,-89.107,1.5,5.3,1345,28.1,27.7,27.5,17.4,17.3,22.2,7.5,6.4,1.8,30.2456,-89.1165,1319,0,5.6,30.2465,-89.0976,1336,1522,4.6,NA,"BL, OY, SY, TY, SE",15/0,100,100,,,2010-06-03,2010,0,9,0,9
1267,35,2010-06-16,96,MS,741004-03,30.2678,-88.8097,1.1,6.2,920,30.6,30.1,29.1,19.8,20.9,24.3,6,5.2,2.9,30.2673,-88.8212,856,0,6.2,30.2681,-88.8007,914,1132,6.2,NA,"BL, OY, SY, TY, SE",15/0,100,98,H,,2010-06-16,2010,0,45,0,45
1268,35,2010-06-19,96,MS,741004-04,30.169,-88.6603,1.4,14.6,1024,31.2,27.4,22.9,19.7,32.9,33,7.1,5.8,1.3,30.1641,-88.6522,1005,0,14.9,30.1733,-88.6682,1019,1123,14.3,NA,"BL, OY, SY, TY, SE",15/0,100,100,,,2010-06-19,2010,0,3,0,3
1269,35,2010-06-21,96,MS,741004-05,29.94,-88.9566,1.1,6.2,1047,31.3,30.9,26.4,19.6,20.1,29.9,7.9,6.8,0.5,29.9312,-88.9551,1026,0,6.2,29.9467,-88.9582,1040,1210,6.2,NA,"BL, OY, SY, TY, SE",15/0,100,100,,,2010-06-21,2010,NA,NA,0,0
1270,35,2010-06-21,96,MS,741004-06,29.982,-88.9644,1.3,6.2,1245,32.8,30.9,27.8,30.6,33.1,32,8,6.4,0.1,29.9723,-88.9686,1224,0,6.2,29.9901,-88.962,1239,1412,6.5,NA,"BL, OY, SY, TY, SE",15/0,100,100,,,2010-06-21,2010,NA,NA,0,0
1271,35,2010-06-21,96,MS,741004-07,30.0244,-89.0936,1.1,3.4,1504,32.9,31.9,31.2,18.2,18.4,19,9.2,9.1,4.6,30.0226,-89.0827,1441,0,4,30.0252,-89.1036,1458,1629,3.7,NA,"BL, OY, SY, TY, SE",15/0,100,100,,,2010-06-21,2010,NA,NA,0,0
1272,35,2010-06-24,96,MS,741004-08,30.1851,-88.4932,1.8,12.4,1008,30.7,30.8,25.5,23,25.6,33.1,5.8,5.9,0.6,30.1888,-88.5015,944,0,11.5,30.1809,-88.4846,1001,1145,12.7,NA,"BL, OY, SY, TY, SE",15/0,100,98,H,,2010-06-24,2010,0,7,0,7
1273,35,2010-06-24,96,MS,741004-09,30.2195,-88.4184,1.2,6.5,1245,31.1,29.8,29.8,21.7,23.5,23.9,6.9,5.3,4.2,30.2306,-88.4287,1222,0,6.8,30.225,-88.4106,1237,1440,6.2,NA,"BL, OY, SY, TY, SE",15/0,100,94,H,,2010-06-24,2010,0,23,0,23
1274,35,2010-07-13,96,MS,741005-01,30.3031,-88.8748,1.3,4.6,916,29.9,29.9,29.5,17.3,17.9,24.7,6.3,6.2,1.7,30.3037,-88.8656,916,0,4.6,30.3005,-88.8832,933,1133,4.6,NA,"BL, OY, SY, TY, SE",15/0,100,100,,,2010-07-13,2010,0,17,0,17
1275,35,2010-07-13,96,MS,741005-02,30.2279,-89.0511,1.5,3.7,1246,30.2,30.2,29.7,23.8,23.7,25.8,5.7,5.7,1.1,30.2332,-89.0426,1221,0,3.7,30.2253,-89.06,1238,1437,3.1,NA,"BL, OY, SY, TY, SE",15/0,100,99,H,,2010-07-13,2010,0,2,0,2
1276,35,2010-07-13,96,MS,741005-03,30.1589,-88.9953,2.2,8.7,1536,30.6,28.2,27.5,20.8,27.7,30.6,7.3,3.1,0.7,30.1592,-88.9852,1510,0,8.1,30.1556,-89.0064,1527,1711,8.7,NA,"BL, OY, SY, TY, SE",15/0,100,96,H,,2010-07-13,2010,NA,NA,0,0
1277,35,2010-07-14,96,MS,741005-04,29.9522,-89.071,1.2,4,1023,30.2,29.9,29.8,17.4,17.5,17.6,8,7.1,6.3,29.9548,-89.061,1001,0,3.7,29.9521,-89.0805,1016,1154,4,NA,"BL, OY, SY, TY, SE",15/0,100,97,H,,2010-07-14,2010,0,1,0,1
1278,35,2010-07-14,96,MS,741005-05,30.004,-88.9999,1,6.2,1241,30.6,30.2,29.8,18.6,18.7,20.3,9.6,7.7,4.3,30.0103,-88.9922,1218,0,6.8,30.0012,-89.0088,1234,1515,5.9,NA,"BL, OY, SY, TY, SE",15/0,100,99,H,,2010-07-14,2010,0,7,0,7
1279,35,2010-07-15,96,MS,741005-06,30.2019,-88.7144,2.7,12.4,1008,29.5,27,23.4,23.2,31.2,34.3,6.1,2.8,1.6,30.2026,-88.7056,945,0,12.4,30.2063,-88.7232,1001,1206,12.1,NA,"BL, OY, SY, TY, SE",15/0,100,100,,,2010-07-15,2010,0,17,0,17
1280,35,2010-07-15,96,MS,741005-07,30.1817,-88.597,2.6,13.3,1256,30.5,27.8,23,24.1,30,34.8,6.3,3.8,2.1,30.1809,-88.5883,1236,0,12.1,30.1807,-88.6044,1251,1434,13.6,NA,"BL, OY, SY, TY, SE",15/0,100,100,,,2010-07-15,2010,0,9,0,9
1281,35,2010-07-15,96,MS,741005-08,30.2641,-88.583,1.5,4.3,1537,31,30.8,29.6,19.6,19.8,25.6,6.8,6.3,1.7,30.2656,-88.5754,1518,0,4.3,30.2661,-88.59,1532,1706,3.7,NA,"BL, OY, SY, TY, SE",15/0,100,99,H,,2010-07-15,2010,0,5,0,5
1282,35,2010-08-24,96,MS,741006-01,30.1879,-88.6532,4.6,13.6,930,29.8,26.5,25.1,29.1,35.6,35.9,5.9,4.1,2.5,30.1779,-88.6547,913,0,14.3,30.1947,-88.6487,930,1110,13.3,NA,"BL, OY, SY, TY, SE",15/0,100,100,,,2010-08-24,2010,NA,NA,0,0
1283,35,2010-08-24,96,MS,741006-02,30.1852,-88.5714,1.4,10.8,1154,30.2,26.9,26.3,29.2,35.3,35.8,5.8,3.3,2.6,30.178,-88.5805,1132,0,13,30.1926,-88.5674,1147,1329,12.1,NA,"BL, OY, SY, TY, SE",15/0,100,100,,,2010-08-24,2010,0,1,0,1
1284,35,2010-08-24,96,MS,741006-03,30.232,-88.4087,1.7,6.8,1420,30.9,28.9,29.3,26.5,31.7,31.8,6.9,2,2.3,30.233,-88.4205,1415,0,6.2,30.2319,-88.397,1429,1624,6.8,NA,"BL, OY, SY, TY, SE",15/0,100,98,H,,2010-08-24,2010,0,8,0,8
1285,35,2010-08-25,96,MS,741006-04,29.9564,-88.9274,1.9,6.5,1025,30.1,27.9,27.6,27,33.9,34.6,6,1.4,0.7,29.9467,-88.931,1004,0,6.2,29.9631,-88.9255,1019,1159,6.5,NA,"BL, OY, SY, TY, SE",15/0,100,100,,,2010-08-25,2010,NA,NA,0,0
1286,35,2010-08-25,96,MS,741006-05,29.9973,-88.8808,1.9,7.1,1235,29.9,26.6,26.8,27.3,35.2,35.2,6,0.9,0.8,29.9818,-88.8811,1215,0,7.1,29.998,-88.8798,1229,1357,6.8,NA,"BL, OY, SY, TY, SE",15/0,100,100,,,2010-08-25,2010,NA,NA,0,0
1287,35,2010-08-25,96,MS,741006-06,30.0311,-88.9074,2.3,8.1,1431,30.1,26.2,26.3,29.2,35.5,35.5,6,1.8,1.7,30.0218,-88.9103,1410,0,7.4,30.038,-88.9039,1425,1614,7.8,NA,"BL, OY, SY, TY, SE",15/0,100,100,,,2010-08-25,2010,0,1,0,1
1288,35,2010-08-26,96,MS,741006-07,30.2169,-89.0656,1.7,4,929,29.6,29.7,29.8,27.9,27.8,26.9,6.1,6,6.1,30.2105,-89.0734,907,0,4,30.2224,-89.0617,923,1059,4,NA,"BL, OY, SY, TY, SE",15/0,100,99,H,,2010-08-26,2010,0,7,0,7
1289,35,2010-08-26,96,MS,741006-08,30.2332,-88.9464,1.3,6.5,1146,29.4,29.3,28.6,28.1,28.3,32.6,6.2,6,1.5,30.2315,-88.9567,1127,0,6.5,30.2349,-88.9395,1142,1311,6.2,NA,"BL, OY, SY, TY, SE",15/0,100,100,,,2010-08-26,2010,NA,NA,0,0
1290,35,2010-08-26,96,MS,741006-09,30.2999,-88.7519,1.1,4,1415,29.9,29.8,30.2,23.7,25,25.7,7.3,6.7,5.8,30.2994,-88.7639,1354,0,4,30.3002,-88.7453,1410,1540,4,NA,"BL, OY, SY, TY, SE",15/0,100,100,,,2010-08-26,2010,0,1,0,1
1291,35,2010-09-14,96,MS,741007-01,30.1657,-88.4734,4.8,13.6,1006,29.3,29.5,29.1,29.6,29.9,30.2,6.2,5.4,4.1,30.1581,-88.486,940,0,14,30.1709,-88.4662,1000,1131,14,NA,"BL, OY, SY, TY, SE",15/0,100,100,,,2010-09-14,2010,NA,NA,0,0
1292,35,2010-09-14,96,MS,741007-02,30.2035,-88.8794,1.6,8.7,1321,29.7,29.2,29.5,NA,28.1,28.6,6.6,6,4.3,30.201,-88.8908,1300,0,8.4,30.2037,-88.8708,1316,1451,9,NA,"BL, OY, SY, TY, SE",15/0,100,100,,,2010-09-14,2010,0,11,0,11
1293,35,2010-09-14,96,MS,741007-03,30.1872,-88.9341,1.6,8.1,1531,30,29.4,29.5,26.2,26.5,28.1,6.5,6.2,3.5,30.1857,-88.9454,1510,0,7.8,30.1871,-88.9263,1525,1712,8.4,NA,"BL, OY, SY, TY, SE",15/0,100,100,,,2010-09-14,2010,0,18,0,18
1294,35,2010-09-15,96,MS,741007-04,30.3075,-88.992,0.9,5,939,29.5,29.5,29.6,23.9,24,24,4.9,4.7,4.6,30.3041,-89.0026,916,0,5,30.3086,-88.9841,931,1112,5,NA,"BL, OY, SY, TY, SE",15/0,100,100,,,2010-09-15,2010,0,10,0,10
1295,35,2010-09-15,96,MS,741007-05,30.2661,-88.677,0.7,4.6,1242,30,30.1,29.9,27.4,27.4,27.6,5.6,5.6,4.4,30.2688,-88.6844,1217,0,4.6,30.267,-88.6688,1235,1405,4.6,NA,"BL, OY, SY, TY, SE",15/0,100,100,,,2010-09-15,2010,0,9,0,9
1296,35,2010-09-15,96,MS,741007-06,30.2958,-88.6103,0.6,4,1450,30,30.1,30.1,27.9,27.8,27.8,5.7,5.6,5.6,30.3,-88.6199,1429,0,4,30.2939,-88.6032,1446,1617,3.7,NA,"BL, OY, SY, TY, SE",15/0,100,100,,,2010-09-15,2010,0,11,0,11
1297,35,2010-09-29,96,MS,741007-07,30.042,-89.0061,2.6,6.2,1019,26.8,26.8,26.8,25,25,25,7.4,7.1,7,30.0369,-89.0172,950,0,5.6,30.0478,-89.0016,1009,1150,6.2,NA,"BL, OY, SY, TY, SE",15/0,100,100,,,2010-09-29,2010,0,15,0,15
1298,35,2010-09-29,96,MS,741007-08,29.992,-88.9232,1.5,6.5,1255,27.1,27.1,27.1,25.4,25.4,25.8,7.8,7.2,5,29.9829,-88.929,1231,0,6.5,29.9987,-88.9189,1248,1432,6.8,NA,"BL, OY, SY, TY, SE",15/0,100,100,,,2010-09-29,2010,0,7,0,7
1299,35,2010-09-29,96,MS,741007-09,29.9418,-88.8927,2.5,6.2,1513,27.3,27.2,27.1,26.1,26.1,26.3,8.9,8.6,7.6,29.9322,-88.8982,1450,0,5.9,29.9492,-88.8899,1507,1651,6.2,NA,"BL, OY, SY, TY, SE",15/0,100,100,,,2010-09-29,2010,0,3,0,3
1300,35,2010-10-07,96,MS,741008-01,30.2077,-89.0369,1.8,6.5,926,21,21.3,22.8,26.9,27.7,30,7.3,7,5.9,30.1995,-89.0364,905,0,7.1,30.213,-89.0304,920,1126,6.2,NA,"BL, OY, SY, TY, SE",15/0,100,100,,,2010-10-07,2010,0,4,0,4
1301,35,2010-10-07,96,MS,741008-02,30.1827,-88.6657,3.6,14,1307,24.6,24.1,25.2,30.8,30.7,31,6.8,6.9,6.5,30.1749,-88.6725,1241,0,14.3,30.1842,-88.6542,1258,1508,14,NA,"BL, OY, SY, TY, SE",15/0,100,100,,,2010-10-07,2010,NA,NA,0,0
1302,35,2010-10-07,96,MS,741008-03,30.1921,-88.6084,2.2,13,1541,23.7,24.1,24.9,29.9,30.5,30.8,7,7.1,6.6,30.2002,-88.6176,1517,0,11.8,30.183,-88.6076,1535,1744,13.6,NA,"BL, OY, SY, TY, SE",15/0,100,100,,,2010-10-07,2010,0,1,0,1
1303,35,2010-10-08,96,MS,741008-04,30.2602,-88.9636,2.2,5.3,917,21.6,22.1,22,28.5,29.5,29.5,7,6.5,6.2,30.2536,-88.9566,857,0,5.6,30.2668,-88.968,911,1050,5.3,NA,"BL, OY, SY, TY, SE",15/0,100,100,,,2010-10-08,2010,NA,NA,0,0
1304,35,2010-10-08,96,MS,741008-05,30.2996,-88.7035,1.6,4,1200,21.6,21.5,23.3,26.6,27.2,29.3,7.3,7.1,6.5,30.3005,-88.7135,1140,0,3.4,30.3004,-88.6959,1155,1326,4,NA,"BL, OY, SY, TY, SE",15/0,100,100,,,2010-10-08,2010,NA,NA,0,0
1305,35,2010-10-08,96,MS,741008-06,30.2397,-88.6167,2.2,3.7,1422,22.4,21.5,21.7,26.9,26.8,26.8,7.7,8.1,8.3,30.2388,-88.6062,1402,0,5,30.2393,-88.6262,1416,1610,3.7,NA,"BL, OY, SY, TY, SE",15/0,100,100,,,2010-10-08,2010,0,13,0,13
1306,35,2010-10-13,96,MS,741008-07,29.9329,-88.9922,2,5.3,1009,24,23.9,24.2,29.4,29.4,30.5,6.1,6,4.7,29.9265,-88.9925,950,0,5.6,29.9394,-88.9927,1004,1136,5.3,NA,"BL, OY, SY, TY, SE",15/0,100,100,,,2010-10-13,2010,0,13,0,13
1307,35,2010-10-13,96,MS,741008-08,29.9491,-88.911,2.2,6.2,1212,24.1,24.1,24.5,27.7,27.7,31,7.2,7.1,6.4,29.9411,-88.9111,1153,0,6.2,29.9558,-88.9113,1207,1342,6.2,NA,"BL, OY, SY, TY, SE",15/0,100,100,,,2010-10-13,2010,0,4,0,4
1308,35,2010-10-13,96,MS,741008-09,30.008,-88.9349,2.6,7.1,1416,24.8,24.3,24.6,28.6,30.2,31,6.5,6.5,6.4,29.9984,-88.9354,1356,0,6.8,30.0151,-88.9364,1410,1542,7.4,NA,"BL, OY, SY, TY, SE",15/0,100,100,,,2010-10-13,2010,0,2,0,2
1309,36,2011-03-14,74,MS,741101-01,30.1925,-88.5874,2.4,12.7,1010,17.8,18.1,17.2,27.7,29.5,33.2,8.1,8,6.2,30.2011,-88.5918,942,1101,12.1,30.183,-88.5855,1001,1133,11.2,1,"BL, OY, SY, TY, SE",15/0,100,100,,,2011-03-14,2011,0,4,0,4
1310,36,2011-03-14,74,MS,741101-02,30.23,-88.4273,2,6.8,1235,18,17.1,17.3,24.9,29.3,31,8.3,7,5.3,30.2382,-88.4357,1210,1328,7.1,30.2224,-88.4191,1228,1409,5.9,1,"BL, OY, SY, TY, SE",15/0,100,100,,,2011-03-14,2011,0,1,0,1
1311,36,2011-03-14,74,MS,741101-03,30.3038,-88.6891,0.7,4.3,1530,18.7,17.8,17.2,23.4,24.9,26.7,8.7,8.2,6.6,30.3063,-88.6965,1505,1622,4.3,30.2992,-88.6798,1522,1656,5,1,"BL, OY, SY, TY, SE",15/0,100,100,,,2011-03-14,2011,NA,NA,0,0
1312,36,2011-03-15,74,MS,741101-04,30.1979,-88.8548,1.8,10.5,930,18.2,17.5,17.1,26.5,29.6,31.9,7.6,7,5.2,30.1935,-88.8479,904,1020,11.5,30.2078,-88.8616,920,1057,9.9,1,"BL, OY, SY, TY, SE",15/0,100,100,,,2011-03-15,2011,0,2,0,2
1313,36,2011-03-15,74,MS,741101-05,30.1759,-89.1382,1.9,4.3,1215,18.5,18.3,18.3,21.3,24.1,24.4,8,7.7,7.6,30.1702,-89.1298,1157,1310,6.2,30.18,-89.1443,1210,1348,3.7,1,"BL, OY, SY, TY, SE",15/0,100,100,,,2011-03-15,2011,NA,NA,0,0
1314,36,2011-03-15,74,MS,741101-06,30.2596,-89.09,1.6,5.3,1453,18.8,18.6,17.8,16.8,16.9,22.3,7.9,7.8,7.2,30.2624,-89.0812,1431,1548,6.2,30.2585,-89.099,1448,1629,5.3,1,"BL, OY, SY, TY, SE",15/0,100,100,,,2011-03-15,2011,NA,NA,0,0
1315,36,2011-03-16,74,MS,741101-07,29.9965,-89.1011,1.2,3.7,1024,18.4,18.3,18.3,24.6,24.7,24.5,7.4,7.4,7.4,29.9906,-89.1034,1003,1121,3.7,30.004,-89.0968,1021,1158,3.7,1,"BL, OY, SY, TY, SE",15/0,100,100,,,2011-03-16,2011,0,2,0,2
1316,36,2011-03-16,74,MS,741101-08,30.0148,-89.025,1.9,5,1240,18.3,18.3,18.1,25,25,25.4,7.5,7.5,7.5,30.0111,-89.0321,1220,1334,5,30.0189,-89.0168,1234,1408,5.9,1,"BL, OY, SY, TY, SE",15/0,100,100,,,2011-03-16,2011,0,2,0,2
1317,36,2011-03-16,74,MS,741101-09,30.0621,-88.9272,1.8,11.5,1510,19.6,17.4,17.6,26.8,32.4,32.4,8.3,5.8,5.7,30.0615,-88.9369,1447,1603,10.8,30.0629,-88.9136,1503,1644,11.8,1,"BL, OY, SY, TY, SE",15/0,100,100,,,2011-03-16,2011,0,2,0,2
1318,36,2011-04-13,74,MS,741102-01,30.1999,-88.8669,2.2,10.2,915,22.6,22.1,20.4,22.2,25.9,31,6.8,6.2,3.1,30.1962,-88.8756,852,1006,9.6,30.2024,-88.8592,906,1051,10.5,1,"BL, OY, SY, TY, SE",15/0,100,100,,,2011-04-13,2011,0,13,0,13
1319,36,2011-04-13,74,MS,741102-02,30.1651,-89.096,1.9,6.5,1205,23,23.3,22.8,22.4,22.4,22.7,7,6.8,6.1,30.1664,-89.1058,1143,1259,7.1,30.1628,-89.0871,1159,1338,6.5,1,"BL, OY, SY, TY, SE",15/0,100,100,,,2011-04-13,2011,0,17,0,17
1320,36,2011-04-13,74,MS,741102-03,30.2342,-88.9534,1.5,6.2,1430,23.5,23.2,22,20.8,21,25.5,7.2,7,4.4,30.2318,-88.9645,1411,1524,6.5,30.2354,-88.9459,1424,1602,6.2,1,"BL, OY, SY, TY, SE",15/0,100,100,,,2011-04-13,2011,0,15,0,15
1321,36,2011-04-14,74,MS,741102-04,30.1666,-88.4017,2.5,15.2,951,22.8,19.7,19.5,23.3,33,33.1,7.7,3.6,1.4,30.1685,-88.4129,931,1045,13.6,30.1638,-88.3932,945,1112,15.5,1,"BL, OY, SY, TY, SE",15/0,100,100,,,2011-04-14,2011,NA,NA,0,0
1322,36,2011-04-14,74,MS,741102-05,30.2257,-88.4637,2.2,4.6,1215,23.4,23,22.7,20.1,20.5,25.9,7.5,7.3,6.3,30.2254,-88.4731,1158,1310,4.6,30.2243,-88.4561,1210,1355,5.3,1,"BL, OY, SY, TY, SE",15/0,100,100,,,2011-04-14,2011,0,16,0,16
1323,36,2011-04-14,74,MS,741102-06,30.3043,-88.8532,1.6,5.3,1538,23.6,23.5,22.6,16.6,17.6,25.3,7.9,7.1,2.7,30.3046,-88.8617,1517,1634,5.9,30.3042,-88.8408,1534,1707,5.3,1,"BL, OY, SY, TY, SE",15/0,100,100,,HF2 lat/long updated JH 12/8/23,2011-04-14,2011,0,6,0,6
1324,36,2011-05-06,74,MS,741102-07,29.9368,-89.0194,2,5.3,1007,22.8,22.9,23.8,20.2,20.3,22.4,8,7,7.5,29.9323,-89.0143,949,1100,5.3,29.9422,-89.0246,1000,1137,5.3,1,"BL, OY, SY, TY, SE",15/0,100,99,H,,2011-05-06,2011,0,4,0,4
1325,36,2011-05-06,74,MS,741102-08,29.9295,-88.9856,2.4,5.9,1210,23.3,23.4,23.4,21.4,21.4,22.4,7.7,7.2,5.5,29.922,-88.983,1151,1304,5.9,29.9352,-88.9899,1204,1326,5.9,1,"BL, OY, SY, TY, SE",15/0,100,100,,,2011-05-06,2011,0,9,0,9
1326,36,2011-05-06,74,MS,741102-09,30.0362,-89.0682,1.8,4.3,1415,23.8,23.6,23.5,19,19.1,20.7,8.5,8,7.4,30.027,-89.0619,1356,1510,4.3,30.0423,-89.0743,1410,1551,4.3,1,"BL, OY, SY, TY, SE",15/0,100,99,H,,2011-05-06,2011,0,5,0,5
1327,36,2011-05-05,74,MS,741103-01,30.2172,-88.8308,2.4,9.3,907,22.8,22.5,22.7,25.3,25.3,23.8,6.3,6.4,6.2,30.2176,-88.8358,844,1001,9.3,30.2169,-88.8225,901,1054,9.6,1,"BL, OY, SY, TY, SE",15/0,100,100,,,2011-05-05,2011,0,19,0,19
1328,36,2011-05-05,74,MS,741103-02,30.1902,-89.1314,1.1,6.2,1225,22.8,22.8,22.9,18.6,20,20.1,7.6,6.6,6.4,30.1937,-89.1408,1204,1319,6.8,30.187,-89.1236,1219,1403,5.6,1,"BL, OY, SY, TY, SE",15/0,100,100,,,2011-05-05,2011,0,1,0,1
1329,36,2011-05-05,74,MS,741103-03,30.2605,-89.1531,1.1,5,1505,23.5,23.5,22.8,16.1,16.1,16.1,7.5,7.2,6.7,30.2595,-89.1626,1446,1559,4.6,30.2598,-89.1456,1459,1641,5,1,"BL, OY, SY, TY, SE",15/0,100,100,,,2011-05-05,2011,NA,NA,0,0
1330,36,2011-05-18,74,MS,741103-04,29.9379,-89.073,0.8,4.3,1010,23.2,23,23.1,20.3,20.4,19.7,7.8,7.5,7.1,29.9318,-89.0828,951,1105,4,29.9413,-89.0657,1005,1153,4.6,1,"BL, OY, SY, TY, SE",15/0,100,100,,,2011-05-18,2011,0,14,0,14
1331,36,2011-05-18,74,MS,741103-05,30.0026,-89.0737,0.4,4.6,1235,23.5,23.1,22.8,21.5,22,22.7,8.2,8.1,7.6,30.0013,-89.0852,1215,1328,4,30.0025,-89.0657,1228,1401,4.6,1,"BL, OY, SY, TY, SE",15/0,100,100,,,2011-05-18,2011,0,13,0,13
1332,36,2011-05-18,74,MS,741103-06,29.9852,-88.8632,1.5,4,1506,24.3,23.5,23.3,21.4,22.8,23,8.6,8.7,8.7,29.9949,-88.865,1446,1600,4,29.9787,-88.8605,1500,1651,3.7,1,"BL, OY, SY, TY, SE",15/0,100,100,,,2011-05-18,2011,NA,NA,0,0
1333,36,2011-05-27,74,MS,741103-07,30.1756,-88.4185,2.4,13.3,1000,26.6,23.4,20.8,19.5,31.6,34,6.4,3.8,1.3,30.1786,-88.4279,937,1052,12.7,30.1735,-88.4092,952,1143,13.6,1,"BL, OY, SY, TY, SE",15/0,100,100,,MISSING DATA SHEET,2011-05-27,2011,0,3,0,3
1334,36,2011-05-27,74,MS,741103-08,30.2785,-88.5475,0.8,4.6,1254,27.9,27.1,27.4,11.6,11.6,21.3,7.4,6.3,2.7,30.2805,-88.557,1231,1348,4,30.2769,-88.5389,1248,1419,5,1,"BL, OY, SY, TY, SE",15/0,100,100,,,2011-05-27,2011,0,2,0,2
1335,36,2011-05-27,74,MS,741103-09,30.2515,-88.9078,0.9,5.9,1555,27.6,26.2,24.8,8.3,18.5,24.6,8.5,2,0.4,30.2558,-88.8986,1534,1649,6.2,30.2471,-88.9159,1549,1731,5.6,1,"BL, OY, SY, TY, SE",15/0,100,100,,,2011-05-27,2011,NA,NA,0,0
1336,36,2011-06-03,74,MS,741104-01,30.1896,-88.589,1.8,12.4,1016,30,22.3,22.7,18,33.8,33.3,8,0.8,0.6,30.1928,-88.6035,953,1110,12.7,30.1886,-88.5815,1010,1143,10.8,1,"BL, OY, SY, TY, SE",15/0,100,100,,,2011-06-03,2011,0,3,0,3
1337,36,2011-06-03,74,MS,741104-02,30.227,-88.4158,1,6.5,1254,30.2,28.9,28.1,20,29.5,23.4,7.5,5.6,3.3,30.2273,-88.4028,1232,1349,6.5,30.2282,-88.4247,1249,1449,6.5,1,"BL, OY, SY, TY, SE",15/0,100,100,,,2011-06-03,2011,0,26,0,26
1338,36,2011-06-06,74,MS,741104-03,30.2077,-88.6902,1.8,11.8,917,29.5,29.2,22.6,16.5,30,33.5,7,6.3,0.1,30.2091,-88.7011,859,1012,11.5,30.2076,-88.6824,912,1120,11.8,1,"BL, OY, SY, TY, SE",15/0,100,100,,,2011-06-06,2011,0,11,0,11
1339,36,2011-06-06,74,MS,741104-04,30.1767,-89.1363,0.8,5,1313,31.1,29.9,28.2,7,9.5,18,12.4,8.8,2.1,30.1723,-89.1275,1251,1403,6.5,30.1799,-89.1443,1303,1506,4.6,1,"BL, OY, SY, TY, SE",15/0,100,100,"A, B",Cut Mainline at midpoint and picked up second half from last highflier,2011-06-06,2011,NA,NA,0,0
1340,36,2011-06-07,74,MS,741104-05,29.9326,-89.0791,1,4,1023,29.8,29.8,29.3,8.7,9.2,13.4,7.4,5.1,0.3,29.9327,-89.0694,959,1116,4.3,29.9321,-89.0902,1016,1203,3.7,1,"BL, OY, SY, TY, SE",15/0,100,100,,,2011-06-07,2011,NA,NA,0,0
1341,36,2011-06-07,74,MS,741104-06,29.9938,-88.978,1.2,6.5,1255,29.6,28.4,23.2,8.3,11.8,31.1,9.1,5,0.1,29.9911,-88.9684,1235,1349,6.5,29.9958,-88.9874,1249,1426,6.5,1,"BL, OY, SY, TY, SE",15/0,100,100,,,2011-06-07,2011,NA,NA,0,0
1342,36,2011-06-07,74,MS,741104-07,30.0394,-88.9036,1.2,8.1,1506,29.8,27.3,21.9,11.2,19.4,33.4,8.6,0.6,0.2,30.0383,-88.8956,1448,1600,8.1,30.0396,-88.9121,1500,1638,8.4,1,"BL, OY, SY, TY, SE",15/0,100,100,,,2011-06-07,2011,NA,NA,0,0
1343,36,2011-06-10,74,MS,741104-08,30.3038,-88.9795,0.9,5,935,29,28.9,28.3,9,13.9,18.2,7.5,6.6,2.3,30.3,-88.9853,916,1029,5,30.31,-88.9727,929,1056,5,1,"BL, OY, SY, TY, SE",15/0,100,100,,,2011-06-10,2011,NA,NA,0,0
1344,36,2011-06-10,74,MS,741104-09,30.2772,-88.7112,0.8,5.3,1210,31.1,28.8,27.9,15.8,20.9,27,7.4,4.3,0.5,30.278,-88.7307,1151,1305,5.6,30.2772,-88.7112,1205,1340,5.6,1,"BL, OY, SY, TY, SE",15/0,100,100,,,2011-06-10,2011,0,14,0,14
1345,36,2011-07-15,74,MS,741105-01,30.1659,-89.0924,1.6,7.4,1017,27.9,24,24,29.1,35.4,35.5,4.9,0.1,0.2,30.167,-89.0811,950,1109,6.8,30.1682,-89.1014,1009,1145,7.8,1,"BL, OY, SY, TY, SE",15/0,100,100,,,2011-07-15,2011,NA,NA,0,0
1346,36,2011-07-15,74,MS,741105-02,30.2526,-89.1436,0.8,4.6,1256,29.8,29.4,29.4,23.9,23.9,24,7.2,4.4,4.3,30.2539,-89.1334,1236,1350,4.8,30.2539,-89.1334,1250,1425,4.3,1,"BL, OY, SY, TY, SE",15/0,100,100,,*Same lat and long recorded for both highfliers,2011-07-15,2011,0,4,0,4
1347,36,2011-07-15,74,MS,741105-03,30.2972,-88.814,1,5.3,1623,29.6,27.4,27,27.1,31.5,32.2,9.2,3.8,2.9,30.3036,-88.8079,1602,1714,4,30.2938,-88.8223,1614,1750,5,1,"BL, OY, SY, TY, SE",15/0,100,100,,,2011-07-15,2011,0,13,0,13
1348,36,2011-08-01,74,MS,741105-04,30.2189,-88.7408,4,10.8,925,29.3,28.7,27.3,27.8,28.9,31.8,5.6,4.2,1.1,30.2198,-88.7317,902,1017,10.8,30.2193,-88.7485,917,1103,10.8,1,"BL, OY, SY, TY, SE",15/0,100,100,,,2011-08-01,2011,NA,NA,0,0
1349,36,2011-08-01,74,MS,741105-05,30.1609,-88.4174,5.6,15.8,1237,31,28.4,26.3,27.9,31.8,35.4,6.2,3.7,1.3,30.1581,-88.4089,1215,1350,16.1,30.1628,-88.4265,1250,1414,15.8,1,"BL, OY, SY, TY, SE",15/0,100,100,,,2011-08-01,2011,NA,NA,0,0
1350,36,2011-08-02,74,MS,741105-06,30.2731,-88.5754,1.2,4,1037,30.2,29.9,30,22.4,25.7,26.1,5.6,1.9,1.5,30.275,-88.5685,1017,1128,4.3,30.2727,-88.5824,1028,1201,3.7,1,"BL, OY, SY, TY, SE",15/0,100,100,,,2011-08-02,2011,0,13,0,13
1351,36,2011-08-03,74,MS,741105-07,29.9822,-88.9415,1.9,6.8,1333,32.1,29.3,26.7,25.5,28.8,33.6,7.4,4.5,0.5,29.981,-88.9337,1315,1428,6.8,29.9833,-88.9492,1328,1516,6.8,1,"BL, OY, SY, TY, SE",15/0,100,100,B,Picked up from last highflier,2011-08-03,2011,NA,NA,0,0
1352,36,2011-08-03,74,MS,741105-08,30.0383,-88.9436,1.2,9.9,1603,32.1,30.3,25.7,26.3,26.3,35.1,7.5,7,0.2,30.0402,-88.9351,1542,1657,9.9,30.0372,-88.9518,1557,1725,9.3,1,"BL, OY, SY, TY, SE",15/0,100,100,,,2011-08-03,2011,NA,NA,0,0
1353,36,2011-08-15,74,MS,741106-01,30.2935,-88.7319,0.9,4.6,858,29.2,29.1,28.8,29.4,29.8,31.1,5.4,4.7,3.5,30.2893,-88.7396,835,952,4.6,30.298,-88.7255,852,1040,4,1,"BL, OY, SY, TY, SE",15/0,100,100,,,2011-08-15,2011,0,20,0,20
1354,36,2011-08-15,74,MS,741106-02,30.2561,-89.1365,1.2,5,1302,30.5,29.8,29.4,26.3,26.3,28.1,6,4.9,1.8,30.2512,-89.1416,1243,1356,4.3,30.2598,-89.1294,1256,1423,5,1,"BL, OY, SY, TY, SE",15/0,100,100,,,2011-08-15,2011,0,1,0,1
1355,36,2011-08-15,74,MS,741106-03,30.1847,-89.0216,1.1,8.7,1532,30.9,25.4,25.6,29.2,35.4,35.6,6.2,0.1,0.1,30.1766,-89.0181,1506,1622,8.7,30.1927,-89.0255,1522,1752,8.1,1,"BL, OY, SY, TY, SE",15/0,100,100,,,2011-08-15,2011,NA,NA,0,0
1356,36,2011-08-16,74,MS,741106-04,30.2694,-88.6095,0.1,4,935,29.6,29.7,29.6,28.1,27.8,27.7,5.8,5.6,5.5,30.2623,-88.6156,914,1028,4.6,30.2746,-88.6045,928,1101,3.7,1,"BL, OY, SY, TY, SE",15/0,100,100,,,2011-08-16,2011,0,23,0,23
1357,36,2011-08-16,74,MS,741106-05,30.2107,-88.6203,2.1,10.8,1230,28.9,28.1,24.3,31.5,32.8,35.8,8.1,7.8,0.2,30.206,-88.6283,1210,1325,11.8,30.213,-88.614,1225,1421,10.5,1,"BL, OY, SY, TY, SE",15/0,100,100,,,2011-08-16,2011,NA,NA,0,0
1358,36,2011-08-16,74,MS,741106-06,30.2254,-88.7115,2.2,9.3,1520,29.8,28.8,25.6,29.2,30.2,35.3,8.2,8.3,0.5,30.2231,-88.721,1501,1615,9.9,30.2256,-88.7041,1515,1639,9.3,1,"BL, OY, SY, TY, SE",15/0,100,100,,,2011-08-16,2011,NA,NA,0,0
1359,36,2011-09-09,74,MS,711106-07,29.9434,-88.8862,2.1,6.2,1025,26.3,26.3,26.1,29.4,29.6,29.5,8.6,8.4,8.5,29.9354,-88.8869,1005,1120,5.1,29.9535,-88.8852,1020,1151,5.8,1,"BL, OY, SY, TY, SE",15/0,100,100,,Conducted on R/V HST. HF1 lat/long updated JH 12/8/23,2011-09-09,2011,0,3,0,3
1360,36,2011-09-09,74,MS,711106-08,29.9629,-89.4991,1.4,4.4,1251,26,25.1,25.1,25.1,26.2,26.4,9.4,9.1,8.9,29.9629,-89.0491,1229,1344,4.4,29.9768,-89.0436,1244,1411,4.5,1,"BL, OY, SY, TY, SE",15/0,100,100,,Conducted on R/V HST,2011-09-09,2011,0,3,0,3
1361,36,2011-09-09,74,MS,711106-09,29.9904,-89.0831,1.1,4,1450,25.7,25.3,25.5,24.7,24.8,27.1,10,10,6.7,29.9816,-89.0838,1424,1540,4,29.9992,-89.0828,1440,1612,3.9,1,"BL, OY, SY, TY, SE",15/0,100,100,,Conducted on R/V HST,2011-09-09,2011,0,1,0,1
1362,36,2011-09-21,74,MS,741107-01,30.1889,-88.6979,3.3,12.1,930,27.7,27.6,27.4,29.6,29.5,29.6,6.6,6.6,5.7,30.1895,-88.7062,905,1025,12.3,30.1909,-88.6888,925,1101,12.2,1,"BL, OY, SY, TY, SE",15/0,100,100,,,2011-09-21,2011,NA,NA,0,0
1363,36,2011-09-21,74,MS,741107-02,30.1649,-88.5268,4.2,12.1,1205,27.9,27.8,27.8,30.2,30.4,31,6.4,6.4,5.5,30.1668,-88.5389,1145,1303,12.1,30.1667,-88.5187,1203,1354,12.1,1,"BL, OY, SY, TY, SE",15/0,100,100,,,2011-09-21,2011,0,5,0,5
1364,36,2011-09-21,74,MS,741107-03,30.2559,-88.5254,1.7,5.6,1450,28.5,28.5,28,25.9,25.9,27.8,8.4,8.3,6.5,30.2531,-88.5154,1425,1541,4.8,30.2572,-88.5357,1441,1644,4.5,1,"BL, OY, SY, TY, SE",15/0,100,100,,,2011-09-21,2011,0,36,0,36
1365,36,2011-09-22,74,MS,741107-04,30.1933,-88.9085,3.2,2.4,938,27.4,27.5,27.4,27.7,27.8,29.3,6.2,5.9,3.4,30.1963,-88.9163,920,1035,7,30.1927,-88.9012,935,1127,8.5,1,"BL, OY, SY, TY, SE",15/0,100,100,,,2011-09-22,2011,0,1,0,1
1366,36,2011-09-22,74,MS,741107-05,30.2591,-88.9806,1.9,6.2,1228,27.9,27.9,27.7,23.3,23.5,24.1,7.2,7,6.4,30.259,-88.9903,1208,1322,6.2,30.2597,-88.9715,1222,1352,5.9,1,"BL, OY, SY, TY, SE",15/0,100,100,,,2011-09-22,2011,0,2,0,2
1367,36,2011-09-22,74,MS,741107-06,30.2906,-88.8542,1.6,5.9,1445,28.2,27.9,27.7,25.4,26.4,27.2,7.2,6.3,5.8,30.293,-88.8612,1424,1537,5.9,30.2878,-88.8458,1437,1604,5.9,1,"BL, OY, SY, TY, SE",15/0,100,100,,,2011-09-22,2011,0,6,0,6
1368,36,2011-09-23,74,MS,741107-07,30.031,-88.9787,0.9,8.1,1022,27.7,27.7,27.4,25.6,25.9,26.6,6.9,6.5,3.7,30.0209,-88.9835,1003,1115,7.8,30.0386,-88.9752,1015,1146,9,1,"BL, OY, SY, TY, SE",15/0,100,100,,,2011-09-23,2011,NA,NA,0,0
1369,36,2011-09-23,74,MS,741107-08,30.0378,-89.002,2.2,6.2,1222,28.2,28.2,28.2,25.8,25.8,25.9,7.1,7,6.5,30.0305,-89.0023,1200,1315,6.2,30.0441,-89.0016,1215,1415,6.2,1,"BL, OY, SY, TY, SE",15/0,100,99,H,,2011-09-23,2011,0,16,0,16
1370,36,2011-09-23,74,MS,741107-09,30.0515,-89.0675,2.4,4.3,1513,28.7,28.7,28.6,24.7,24.7,24.7,7.4,7.1,7.2,30.0443,-89.0734,1450,1607,4,30.0577,-89.0625,1507,1730,4.3,1,"BL, OY, SY, TY, SE",15/0,100,100,,,2011-09-23,2011,0,38,0,38
1371,36,2011-10-12,74,MS,741108-01,29.9917,-89.0364,1.8,3.9,1035,23.7,23.6,23.7,26.9,27,26.5,6.6,6.2,5.8,29.9833,-89.0412,1014,1132,4.6,29.9977,-89.0319,1032,1215,4.6,1,"BL, OY, SY, TY, SE",15/0,100,100,,HF1 lat/long updated JH 12/8/23,2011-10-12,2011,0,4,0,4
1372,36,2011-10-12,74,MS,741108-02,30.014,-88.9244,2.2,6.6,1304,24.1,23.8,24,27.6,27.7,28.1,6.5,5.9,5.4,30.0133,-88.9316,1243,1401,7.8,30.0147,-88.9161,1301,1445,7.8,1,"BL, OY, SY, TY, SE",15/0,100,99,H,,2011-10-12,2011,0,1,0,1
1373,36,2011-10-12,74,MS,741108-03,30.0196,-89.0013,1.8,5.3,1528,25,24.1,23.9,27.2,27.2,27.3,7.3,6.4,5.9,30.0274,-89,1509,1625,6.5,30.0127,-89.0009,1525,1652,6.5,1,"BL, OY, SY, TY, SE",15/0,100,100,,,2011-10-12,2011,0,1,0,1
1374,36,2011-10-13,74,MS,741108-04,30.1961,-88.7827,2.4,11.2,940,24.4,24.5,24.7,30.3,30.9,30.7,6.3,5.8,5.6,30.204,-88.7735,915,1034,11.2,30.1913,-88.7904,934,1108,12.1,1,"BL, OY, SY, TY, SE",15/0,100,100,,,2011-10-13,2011,NA,NA,0,0
1375,36,2011-10-13,74,MS,741108-05,30.1773,-89.062,1.5,7.4,1247,24.2,24.2,24.3,28.6,28.7,30.6,6.9,6.9,4.8,30.1816,-89.0579,1220,1340,8.4,30.1722,-89.069,1240,1405,6.8,1,"BL, OY, SY, TY, SE",15/0,100,100,,,2011-10-13,2011,0,10,0,10
1376,36,2011-10-13,74,MS,741108-06,30.2483,-88.9419,0.8,5.9,1525,24.5,23.8,23.8,23.6,26.9,28.4,7.8,7.4,6.5,30.2485,-88.9324,1455,1618,5.9,30.247,-88.9502,1518,1654,5.9,1,"BL, OY, SY, TY, SE",15/0,100,100,,,2011-10-13,2011,0,6,0,6
1377,36,2011-10-14,74,MS,741108-07,30.153,-88.5435,2.4,14.3,1030,23.8,24.3,25.1,29.7,31.4,33.2,6.2,5.7,5.8,30.1486,-88.5406,1003,1120,14.3,30.1603,-88.5466,1020,1205,13.6,1,"BL, OY, SY, TY, SE",15/0,100,100,,,2011-10-14,2011,NA,NA,0,0
1378,36,2011-10-14,74,MS,741108-08,30.281,-88.6117,1.2,3.7,1335,24.3,24,23.9,27.5,28,28.5,7.2,6.6,6.5,30.2789,-88.6189,1312,1423,4.3,30.283,-88.6021,1323,1506,3.4,1,"BL, OY, SY, TY, SE",15/0,100,100,,,2011-10-14,2011,0,24,0,24
1379,36,2011-10-14,74,MS,741108-09,30.2997,-88.6769,1.3,4.6,1600,24.2,24,24,25.8,27.5,28.5,7.4,6.1,5.1,30.3028,-88.6788,1525,1652,4.6,30.2921,-88.6743,1552,1723,5,1,"BL, OY, SY, TY, SE",15/0,100,100,,,2011-10-14,2011,0,17,0,17
1380,37,2012-03-16,74,MS,741201-01,30.2204,-88.8245,2.3,7.8,920,20.6,19.1,19.2,18.4,30.3,30,7.6,6.4,6.4,30.2208,-88.8129,855,0,8.4,30.2209,-88.8345,912,1041,8.3,NA,"BL, OY, SY, TY, SE",15/0,100,100,,,2012-03-16,2012,0,25,0,25
1381,37,2012-03-16,74,MS,741201-02,30.1648,-89.0405,2.4,7.2,1200,21.6,19.9,19.1,21.3,27.1,28.3,7.9,7.5,4.8,30.1644,-89.0309,1132,0,8.7,30.1644,-89.0502,1149,1315,8.1,NA,"BL, OY, SY, TY, SE",15/0,100,100,,,2012-03-16,2012,0,1,0,1
1382,37,2012-03-16,74,MS,741201-03,30.2567,-88.9331,1.9,4.9,1422,23.7,20.2,19.4,15,23.4,26.8,8.5,7.3,4.5,30.2606,-88.9408,1359,0,5.9,30.2526,-88.9255,1415,1538,5.9,NA,"BL, OY, SY, TY, SE",15/0,100,100,,,2012-03-16,2012,0,1,0,1
1383,37,2012-03-26,74,MS,741201-04,30.2722,-88.6657,1.3,5.3,904,22.2,22.3,21.7,13.7,15,27.1,7.7,6.7,3.4,30.268,-88.6678,845,0,5,30.2841,-88.6616,900,1025,5.3,NA,"BL, OY, SY, TY, SE",15/0,100,100,,HF2 lat/long updated JH 12/8/23,2012-03-26,2012,0,3,0,3
1384,37,2012-03-26,74,MS,741201-05,30.1778,-88.4667,1.8,12.4,1146,22,20.8,20.2,25.3,33.4,33.6,7.3,6.3,5.7,30.1776,-88.475,1130,0,13.3,30.1775,-88.459,1144,1316,13.3,NA,"BL, OY, SY, TY, SE",15/0,100,100,,,2012-03-26,2012,0,16,0,16
1385,37,2012-03-26,74,MS,741201-06,30.2603,-88.486,1.1,5.3,1412,23.2,22.2,21.3,16.5,23,32,9,7,5.8,30.2578,-88.4944,1350,0,6.5,30.2672,-88.4796,1407,1530,6.2,NA,"BL, OY, SY, TY, SE",15/0,100,100,,,2012-03-26,2012,0,23,0,23
1386,37,2012-04-09,74,MS,741202-01,30.2049,-88.8156,3,10.2,915,23,22.6,21.5,23,23.7,26.9,6.9,6.8,5,30.2,-88.8076,855,0,11.2,30.2102,-88.8198,913,1058,10.8,NA,"BL, OY, SY, TY, SE",15/0,100,100,,,2012-04-09,2012,0,18,0,18
1387,37,2012-04-09,74,MS,741202-02,30.1712,-88.9476,2.4,9.5,1152,23.4,23.1,22.2,21.3,23.7,27.3,7.2,6.4,3.5,30.1638,-88.9478,1135,0,10.2,30.1767,-88.9466,1151,1357,9,NA,"BL, OY, SY, TY, SE",15/0,100,100,,,2012-04-09,2012,0,30,0,30
1388,37,2012-04-09,74,MS,741202-03,30.2457,-89.0381,2.4,3.4,1451,24.2,24.1,24.2,21.3,21.3,21.3,7.7,7.7,7.8,30.2519,-89.0395,1435,0,3.4,30.2392,-89.0378,1449,1636,4.6,NA,"BL, OY, SY, TY, SE",15/0,100,100,,,2012-04-09,2012,0,19,0,19
1389,37,2012-04-10,74,MS,741202-04,30.1603,-88.4499,3.4,15.8,1014,23.2,21,19.8,23.8,31.8,33.2,6.6,5.2,3.8,30.1589,-88.4625,945,0,15.2,30.1606,-88.4411,1008,1145,16.4,NA,"BL, OY, SY, TY, SE",15/0,100,100,,,2012-04-10,2012,NA,NA,0,0
1390,37,2012-04-10,74,MS,741202-05,30.2475,-88.6146,1.2,5.4,1308,24.3,23.2,22.8,15.8,20.4,21.2,7.8,6,4.2,30.2494,-88.6259,1245,0,5,30.246,-88.6055,1300,1442,5.6,NA,"BL, OY, SY, TY, SE",15/0,100,100,,,2012-04-10,2012,0,7,0,7
1391,37,2012-04-10,74,MS,741202-06,30.2742,-88.8015,1.7,6.5,1400,24.6,23.1,22.8,17.8,23,24.2,7.8,6.5,5,30.2807,-88.8,1524,0,6.2,30.266,-88.8001,1554,1725,6.5,NA,"BL, OY, SY, TY, SE",15/0,100,99,H,,2012-04-10,2012,0,7,0,7
1392,37,2012-05-07,74,MS,741203-01,30.1795,-88.8615,2,10.8,933,26.9,24.5,24.2,20.8,29.4,30.2,7.3,5,4.2,30.1834,-88.8663,910,0,10.8,30.176,-88.8541,930,1141,11.8,NA,"BL, OY, SY, TY, SE",15/0,100,98,H,,2012-05-07,2012,0,35,0,35
1393,37,2012-05-07,74,MS,741203-02,30.1541,-88.9909,2,9.6,1240,27.5,25.2,25.1,20.7,27.1,27.8,2.9,5.8,5.5,30.1594,-88.9938,1221,0,9.6,30.1483,-88.988,1237,1446,9.6,NA,"BL, OY, SY, TY, SE",15/0,100,99,H,,2012-05-07,2012,0,45,0,45
1394,37,2012-05-07,74,MS,741203-03,30.2591,-88.9786,2,6.2,1547,27.6,27.5,26.7,19.8,19.8,21.4,7.4,7.4,6.2,30.2636,-88.9825,1520,0,6.2,30.2538,-88.973,1543,1722,6.2,NA,"BL, OY, SY, TY, SE",15/0,100,100,,,2012-05-07,2012,0,33,0,33
1395,37,2012-05-08,74,MS,741203-04,30.1958,-88.5112,8.3,9,1008,26.8,26.5,26.3,28.6,30.3,31.1,7.3,7.3,7.1,30.1921,-88.5164,945,0,11.2,30.2007,-88.5058,1005,1154,8.7,NA,"BL, OY, SY, TY, SE",15/0,100,99,H,,2012-05-08,2012,NA,NA,0,0
1396,37,2012-05-08,74,MS,741203-05,30.2272,-88.4044,3.8,6.8,1253,27.3,26.8,26.7,27.6,28.8,30.1,6.4,6.2,6.5,30.2239,-88.4124,1220,0,6.5,30.2298,-88.3967,1250,1456,6.8,NA,"BL, OY, SY, TY, SE",15/0,100,98,H,,2012-05-08,2012,0,15,0,15
1397,37,2012-05-08,74,MS,741203-06,30.3031,-88.782,1.2,4.6,1655,28.7,28.5,27.3,20.2,20.4,23.4,7.1,7.1,5.3,30.3103,-88.7846,1635,0,4,30.2969,-88.7786,1653,1832,4.6,NA,"BL, OY, SY, TY, SE",15/0,100,99,H,,2012-05-08,2012,0,30,0,30
1398,37,2012-06-12,74,MS,741204-01,30.18,-89.1313,1.7,10.5,1028,26.9,26.5,26.5,23.2,24.6,28,7,6.4,4,30.1863,-89.1308,1000,0,9.3,30.1659,-89.13,1020,1236,6.2,NA,"BL, OY, SY, TY, SE",15/0,100,99,H,,2012-06-12,2012,0,25,0,25
1399,37,2012-06-12,74,MS,741204-02,30.2744,-88.9997,1.5,5.3,1413,28.2,27.4,26.9,25.8,25.9,27.6,7,7,4.1,30.274,-88.9895,1341,0,5.3,30.2741,-89.0068,1404,1618,5.3,NA,"BL, OY, SY, TY, SE",15/0,100,100,,,2012-06-12,2012,0,25,0,25
1400,37,2012-06-12,74,MS,741204-03,30.3048,-88.7923,0.9,4,1734,28,27.3,27.1,22.7,26.2,27.8,8.6,7.4,5.9,30.3,-88.7982,1712,0,4.6,30.3122,-88.7859,1730,1907,3.7,NA,"BL, OY, SY, TY, SE",15/0,100,100,,,2012-06-12,2012,0,1,0,1
1401,37,2012-06-13,74,MS,741204-04,30.2354,-88.4493,1.8,6.5,1003,26.7,27,26.7,21.8,25.4,29.9,7.3,6.8,5.3,30.2365,-88.4387,938,0,7.4,30.2329,-88.458,957,1207,4.6,NA,"BL, OY, SY, TY, SE",15/0,100,100,,,2012-06-13,2012,0,31,0,31
1402,37,2012-06-13,74,MS,741204-05,30.1624,-88.6458,5.8,14.9,1335,27.2,26.5,24.4,29.2,32.5,35.6,6.1,5.3,4,30.1655,-88.6397,1311,0,13.6,30.1584,-88.6537,1328,1540,15.5,NA,"BL, OY, SY, TY, SE",15/0,100,100,,,2012-06-13,2012,0,2,0,2
1403,37,2012-06-13,74,MS,741204-06,30.1588,-88.9049,3.8,10.5,1710,27.5,27,26,27,27.9,30.9,7,6.8,3.5,30.1569,-88.8964,1647,0,11.2,30.163,-88.9113,1701,1942,10.5,NA,"BL, OY, SY, TY, SE",15/0,100,98,H,,2012-06-13,2012,0,28,0,28
1404,37,2012-07-06,74,MS,741205-01,30.282,-88.716,1.8,5.6,944,29.7,29.8,29.9,29.4,29.4,29.6,8.6,8.2,8.3,30.2798,-88.7073,920,0,5.6,30.284300000000002,-88.7229,935,1150,5.6,NA,"BL, OY, SY, TY, SE",15/0,100,99,H,,2012-07-06,2012,0,29,0,29
1405,37,2012-07-06,74,MS,741205-02,30.2475,-88.4689,0.9,6.5,1326,29.7,29.5,29.3,28.8,29.8,31.4,9.3,7.7,6.8,30.252,-88.4793,1300,0,6.2,30.2442,-88.4612,1318,1502,6.8,NA,"BL, OY, SY, TY, SE",15/0,100,100,,,2012-07-06,2012,0,20,0,20
1406,37,2012-07-09,74,MS,741205-03,30.2829,-89.1309,1.3,4.6,954,30.1,29.9,29.8,24.1,26.2,27.8,9.7,7.2,4.6,30.2849,-89.1404,930,0,5,30.2833,-89.1212,947,1139,5,NA,"BL, OY, SY, TY, SE",15/0,100,100,,,2012-07-09,2012,0,8,0,8
1407,37,2012-07-09,74,MS,741205-04,30.1912,-89.0704,2,5.9,1311,29.7,29.4,28.6,27.4,29.2,33.5,9.4,9.1,4.8,30.1844,-89.0804,1245,0,6.8,30.1965,-89.0636,1305,1502,7.1,NA,"BL, OY, SY, TY, SE",15/0,100,97,"B, H","Set hauled backward, HF #2 picked up 1st.  Last hook in at 15:02, last shark off line 15:18",2012-07-09,2012,0,6,0,6
1408,37,2012-07-23,74,MS,741205-05,30.1583,-88.5729,3.2,14.3,1059,29.3,27.7,27.5,30.8,35,35.3,6.5,4.1,3.4,30.165,-88.5726,1030,0,14,30.1491,-88.5705,1048,1237,14.9,NA,"BL, OY, SY, TY, SE",15/0,100,100,,,2012-07-23,2012,0,1,0,1
1409,37,2012-07-23,74,MS,741205-06,30.1778,-88.6429,2.4,14,1342,29.7,28.7,27.5,30.1,33.4,35,7.3,4.8,3.8,30.1828,-88.6493,1300,0,14,30.1717,-88.6349,1322,1505,14.6,NA,"BL, OY, SY, TY, SE",15/0,100,100,,,2012-07-23,2012,0,1,0,1
1410,37,2012-08-08,74,MS,741206-01,30.1942,-88.8812,8.5,9.6,946,30.3,30.3,27.6,29.6,30.6,35.4,6.4,6.1,2.6,30.1896,-88.8922,917,0,9.6,30.1896,-88.8733,939,1113,10.2,NA,"BL, OY, SY, TY, SE",15/0,100,100,,,2012-08-08,2012,0,7,0,7
1411,37,2012-08-08,74,MS,741206-02,30.1672,-88.6028,4.4,14.3,1245,30.3,29.2,27.8,30.1,33.5,35.5,6,5.3,3.2,30.1663,-88.5938,1225,0,14,30.1695,-88.6123,1242,1436,12.1,NA,"BL, OY, SY, TY, SE",15/0,100,100,,,2012-08-08,2012,0,1,0,1
1412,37,2012-08-08,74,MS,741206-03,30.2362,-88.4412,2,6.2,1550,30.7,30.2,29.2,26.8,29.3,32.4,7.2,5.9,0.6,30.2412,-88.4414,1520,0,6.2,30.2289,-88.4427,1544,1725,6.2,NA,"BL, OY, SY, TY, SE",15/0,100,100,,,2012-08-08,2012,0,2,0,2
1413,37,2012-08-09,74,MS,741206-04,30.268,-89.1214,1.6,5,1022,30.2,30,29.8,24.9,25.3,28.7,6.4,6.4,5.4,30.2674,-89.1138,958,0,5,30.2684,-89.1279,1017,1149,5,NA,"BL, OY, SY, TY, SE",15/0,100,100,,,2012-08-09,2012,0,1,0,1
1414,37,2012-08-13,74,MS,741206-05,30.1655,-88.9349,1.8,9.6,953,29.2,29.1,27.3,28.7,28.9,35.9,6.6,6.3,2.3,30.1753,-88.9352,921,0,9.3,30.1552,-88.9363,944,1135,10.2,NA,"BL, OY, SY, TY, SE",15/0,100,100,,,2012-08-13,2012,NA,NA,0,0
1415,37,2012-08-13,74,MS,741206-06,30.2524,-88.8263,1.4,3.1,1245,30.1,29.9,29.6,28.4,28.8,29.7,6.5,6.2,5.9,30.2536,-88.8194,1217,0,3.7,30.253,-88.8358,1238,1510,7.8,NA,"BL, OY, SY, TY, SE",15/0,100,100,"A, B","Cut line half way due to being hung up, hauled from other highflier to finish set",2012-08-13,2012,0,18,0,18
1416,37,2012-09-20,74,MS,741207-01,30.1526,-88.4132,1.9,16.4,1041,26.5,26.7,26.9,28.3,29.8,29.7,6.5,6.3,6.2,30.1495,-88.4161,1005,0,16.4,30.1564,-88.4104,1031,1204,15.5,NA,"BL, OY, SY, TY, SE",15/0,100,100,,FEDERAL.  Bottom water quality taken at 8.2m due to cut nisken bottle line.,2012-09-20,2012,0,10,0,10
1417,37,2012-09-20,74,MS,741207-02,30.2732,-88.6347,1.1,4.3,1338,26.5,25.6,26.7,20.1,21,24.8,8.6,7.6,4,30.2736,-88.6224,1315,0,4,30.2734,-88.6426,1329,1458,4,NA,"BL, OY, SY, TY, SE",15/0,100,100,,,2012-09-20,2012,0,2,0,2
1418,37,2012-09-20,74,MS,741207-03,30.2541,-88.6411,1.8,4,1543,26.5,26.4,26,22.3,22.2,22.5,8.3,8.2,7.8,30.2509,-88.6499,1520,0,2.6,30.2548,-88.6348,1538,1710,3.4,NA,"BL, OY, SY, TY, SE",15/0,100,100,,,2012-09-20,2012,0,1,0,1
1419,37,2012-09-21,74,MS,741207-04,30.1794,-88.8166,2.4,12.4,918,25.7,26.4,27.3,23.5,26.3,30.3,6.6,6.3,5,30.1829,-88.8232,856,0,12.4,30.178,-88.8118,913,1034,12.7,NA,"BL, OY, SY, TY, SE",15/0,100,100,,,2012-09-21,2012,0,8,0,8
1420,37,2012-09-21,74,MS,741207-05,30.1801,-88.9335,1.9,8.7,1132,26.4,26.4,27.2,23.1,25.9,29.3,6.8,6.3,3.8,30.1788,-88.944,1107,0,8.4,30.1797,-88.929,1127,1300,8.7,NA,"BL, OY, SY, TY, SE",15/0,100,100,,,2012-09-21,2012,0,2,0,2
1421,37,2012-09-21,74,MS,741207-06,30.2579,-89.1437,1,4.3,1436,27,26.9,26.7,9.6,9.6,15.2,8.6,8.3,5.7,30.2568,-89.1557,1412,0,4.3,30.2585,-89.1366,1430,1558,4.3,NA,"BL, OY, SY, TY, SE",15/0,100,99,H,,2012-09-21,2012,NA,NA,0,0
1422,37,2012-10-10,74,MS,741208-01,30.2243,-88.4425,2.3,6.2,1035,23.8,23.5,24.5,25.2,25.4,26.7,7,6.8,6.1,30.2196,-88.4511,1006,0,4.6,30.2264,-88.4343,1028,1208,7.1,NA,"BL, OY, SY, TY, SE",15/0,100,100,,,2012-10-10,2012,0,26,0,26
1423,37,2012-10-10,74,MS,741208-02,30.1723,-88.5627,2,13,1309,24.4,25.6,27.2,25.6,30,33.2,7.4,5.9,2.7,30.1722,-88.5538,1246,0,13,30.1739,-88.5691,1302,1425,13.3,NA,"BL, OY, SY, TY, SE",15/0,100,100,,,2012-10-10,2012,0,3,0,3
1424,37,2012-10-11,74,MS,741208-03,30.2766,-89.0038,2,5.6,954,23.9,24,24.4,21.3,22.5,26,8.2,7.5,6,30.2718,-89.011,926,0,5.9,30.2794,-88.9977,946,1113,5.6,NA,"BL, OY, SY, TY, SE",15/0,100,100,,,2012-10-11,2012,0,1,0,1
1425,37,2012-10-11,74,MS,741208-04,30.1893,-88.9237,2.8,8.4,1220,24.6,25.3,25.5,26,29.4,30,7.2,5.5,4.8,30.1889,-88.9339,1155,0,8.4,30.1908,-88.9172,1214,1349,8.7,NA,"BL, OY, SY, TY, SE",15/0,100,100,,,2012-10-11,2012,0,2,0,2
1426,37,2012-10-17,74,MS,741208-05,30.2613,-88.8548,1.9,6.2,936,24.1,24.1,25.1,23.3,23.5,26.7,6.2,5.3,3.8,30.2655,-88.8637,912,0,6.2,30.2585,-88.8486,931,1140,6.2,NA,"BL, OY, SY, TY, SE",15/0,100,100,,Haul started @ 10:48 due to mainline in prop,2012-10-17,2012,0,14,0,14
1427,37,2012-10-17,74,MS,741208-06,30.2225,-88.7843,2.8,4.3,1246,25.3,25.3,25.2,29.7,29.7,29.7,6.6,6.6,6.6,30.2291,-88.7869,1209,0,4,30.2169,-88.783,1238,1410,8.4,NA,"BL, OY, SY, TY, SE",15/0,100,99,H,,2012-10-17,2012,0,10,0,10
1428,39,2014-03-10,74,MS,741401-01,30.2036,-88.6986,3.4,12.4,1225,15.6,14.9,15.4,28.8,29.5,31.3,8.5,8.2,5.9,30.2117,-88.7041,1200,0,11.5,30.1982,-88.6936,1214,1342,12.7,NA,"BL, OY, SY, TY, SE",15/0,100,100,,,2014-03-10,2014,0,1,0,1
1429,39,2014-03-10,74,MS,741401-02,30.1755,-88.5695,3.5,13.3,1434,17.7,15.6,16.3,28,31,32.2,8.4,6.9,5.9,30.1858,-88.5715,1414,0,11.5,30.1693,-88.5677,1429,1556,13.6,NA,"BL, OY, SY, TY, SE",15/0,100,100,,,2014-03-10,2014,NA,NA,0,0
1430,39,2014-03-10,74,MS,741401-03,30.2634,-88.6326,1.9,4,1720,18.2,16.7,15.7,14.3,18.3,26.2,9.5,9.2,6.7,30.2749,-88.633,1700,0,4.3,30.2562,-88.6328,1714,1840,3.7,NA,"BL, OY, SY, TY, SE",15/0,100,100,,HF2 lat/long updated JH 12/8/23,2014-03-10,2014,NA,NA,0,0
1431,39,2014-03-14,74,MS,741401-04,30.1878,-89.0326,1.7,8.1,800,14.5,15,14.6,18,26.5,28.8,8.7,7.8,6.7,30.1965,-89.0396,735,0,7.1,30.1818,-89.0282,755,920,8.4,NA,"BL, OY, SY, TY, SE",15/0,100,100,,,2014-03-14,2014,NA,NA,0,0
1432,39,2014-03-14,74,MS,741401-05,30.2402,-88.9468,2.4,5.9,1008,14.8,15,15.1,22.6,22.7,27.2,8.3,8.1,7.3,30.2421,-88.9572,947,0,5.9,30.2375,-88.9388,1003,1130,5.6,NA,"BL, OY, SY, TY, SE",15/0,100,100,,,2014-03-14,2014,NA,NA,0,0
1433,39,2014-03-14,74,MS,741401-06,30.243,-88.9129,2.6,5.6,1211,15.5,15.1,15.1,22.6,23,28.1,8,8,7.1,30.249,-88.92,1150,0,5.6,30.2364,-88.9066,1206,1332,5.9,NA,"BL, OY, SY, TY, SE",15/0,100,100,,,2014-03-14,2014,NA,NA,0,0
1434,39,2014-04-10,74,MS,741402-01,30.1544,-88.4539,2.4,15.2,1225,18.5,17.4,17,27.4,33.8,33.8,7.6,6,4.8,30.1637,-88.4532,1205,0,14.9,30.1463,-88.4551,1220,1348,14.9,NA,"BL, OY, SY, TY, SE",15/0,100,100,,,2014-04-10,2014,0,1,0,1
1435,39,2014-04-10,74,MS,741402-02,30.2358,-88.4486,1.3,6.5,1449,19.3,17.8,17.4,17.1,25.6,32.9,8.5,6.6,5.1,30.2416,-88.4558,1430,0,6.5,30.231,-88.4447,1445,1611,6.2,NA,"BL, OY, SY, TY, SE",15/0,100,100,,,2014-04-10,2014,NA,NA,0,0
1436,39,2014-04-10,74,MS,741402-03,30.3013,-88.7225,1.4,3.4,1744,20,20,19.2,17.6,17.6,20.5,8.7,8.4,7.4,30.3097,-88.7245,1722,0,2.8,30.2946,-88.722,1739,1904,3.7,NA,"BL, OY, SY, TY, SE",15/0,100,100,,,2014-04-10,2014,NA,NA,0,0
1437,39,2014-04-11,74,MS,741402-04,30.2102,-88.7822,1.7,10.5,851,18.5,18.1,17.3,NA,30.6,34.2,8.2,5.8,4.9,30.2188,-88.7874,824,0,4.3,30.2058,-88.7786,840,1022,11.2,NA,"BL, OY, SY, TY, SE",15/0,100,100,,,2014-04-11,2014,0,7,0,7
1438,39,2014-04-11,74,MS,741402-05,30.1525,-89.1342,1.6,4.3,1210,19.6,19.1,19.2,14.2,24.9,27.6,8.1,7,6.8,30.1599,-89.135,1150,0,5.3,30.1456,-89.1332,1205,1354,3.7,NA,"BL, OY, SY, TY, SE",15/0,100,100,,,2014-04-11,2014,0,24,0,24
1439,39,2014-04-11,74,MS,741402-06,30.2545,-89.148,1.4,4.6,1525,20.2,20,18.9,7.4,8.6,25.6,9,8.8,6.5,30.2593,-89.1574,1504,0,4.6,30.2516,-89.1415,1521,1649,4,NA,"BL, OY, SY, TY, SE",15/0,100,100,,,2014-04-11,2014,NA,NA,0,0
1440,39,2014-05-12,74,MS,741403-01,30.245,-88.9035,1.4,6.5,904,25.3,25.3,25.2,17.3,17.4,17.4,6.4,6.3,6.3,30.249,-88.9122,841,0,6.2,30.2414,-88.8966,858,1033,6.5,NA,"BL, OY, SY, TY, SE",15/0,100,100,,Seashore,2014-05-12,2014,NA,NA,0,0
1441,39,2014-05-12,74,MS,741403-02,30.26,-88.9793,0.7,6.2,1121,25.7,25.5,25.5,12.4,14.8,15.2,7.1,6.4,6.3,30.266,-88.988,1059,0,6.2,30.2565,-88.973,1116,1246,6.2,NA,"BL, OY, SY, TY, SE",15/0,100,100,,,2014-05-12,2014,NA,NA,0,0
1442,39,2014-05-19,74,MS,741403-03,30.2477,-88.5267,1.3,5.6,835,23.8,24,23.9,14.9,19.1,18.4,7.4,6.4,6.4,30.251,-88.5364,813,0,5.3,30.2452,-88.5196,827,1056,6.2,NA,"BL, OY, SY, TY, SE",15/0,100,100,,,2014-05-19,2014,0,18,0,18
1443,39,2014-05-19,74,MS,741403-04,30.1985,-88.5341,4.4,9.3,1150,24.8,23.4,20.5,21.5,27.2,34.3,7,5.5,3.2,30.2018,-88.5453,1128,0,9.6,30.1969,-88.5268,1142,1332,11.5,NA,"BL, OY, SY, TY, SE",15/0,100,100,,,2014-05-19,2014,0,12,0,12
1444,39,2014-05-19,74,MS,741403-05,30.1969,-88.7261,4.4,13,1445,25.3,23.6,19.8,20.9,27.4,35,7.2,4.8,3.1,30.1997,-88.7351,1424,0,12.7,30.1941,-88.7202,1441,1609,13.3,NA,"BL, OY, SY, TY, SE",15/0,100,100,,,2014-05-19,2014,0,5,0,5
1445,39,2014-05-19,74,MS,741403-06,30.1898,-88.9092,3.8,9,1716,25.4,25,22.4,17.3,17.9,30,7.8,7.5,3.3,30.1953,-88.9167,1656,0,8.4,30.186,-88.9026,1711,1922,9.3,NA,"BL, OY, SY, TY, SE",15/0,100,100,,,2014-05-19,2014,0,33,0,33
1446,39,2014-06-06,74,MS,741404-01,30.1568,-88.5634,3.7,14.9,1112,29,26.2,24.5,17.9,26.4,30.5,7,5.8,2.4,30.1642,-88.5579,1049,0,13.6,30.1506,-88.5716,1106,1302,14.6,NA,"BL, OY, SY, TY, SE",15/0,100,100,,,2014-06-06,2014,0,28,0,28
1447,39,2014-06-09,74,MS,741404-02,30.2578,-88.9772,1.8,5.9,930,28.2,28,27.1,16.4,17.2,20.5,6.7,6.4,3.6,30.2642,-88.9718,856,0,5.9,30.2526,-88.9819,915,1057,6.2,NA,"BL, OY, SY, TY, SE",15/0,100,99,H,,2014-06-09,2014,0,14,0,14
1448,39,2014-06-09,74,MS,741404-03,30.1654,-89.0931,0.8,6.5,1204,28.1,26.4,26.5,20.3,25.5,25.6,6.5,3.6,3.7,30.1722,-89.0861,1143,0,6.2,30.1613,-89.0996,1159,1401,6.2,NA,"BL, OY, SY, TY, SE",15/0,100,97,H,,2014-06-09,2014,0,41,0,41
1449,39,2014-06-09,74,MS,741404-04,30.2735,-88.7711,1.2,5.3,1600,29.4,28.4,26.9,10.3,14.3,22.5,6.9,5.4,1.7,30.2831,-88.7714,1538,0,4.6,30.2652,-88.7712,1554,1740,5.6,NA,"BL, OY, SY, TY, SE",15/0,100,100,,,2014-06-09,2014,0,4,0,4
1450,39,2014-06-25,74,MS,741404-06,30.189,-88.8553,1.3,11.2,1022,28.7,25.1,22.8,19.3,33.3,35.1,5.5,4.1,1.8,30.1948,-88.8612,1001,0,9.9,30.1823,-88.8492,1015,1154,11.5,NA,"BL, OY, SY, TY, SE",15/0,100,100,,,2014-06-25,2014,0,6,0,6
1451,39,2014-07-07,74,MS,741405-01,30.1754,-88.9547,3.7,8.7,936,27.7,23.5,22.3,28.8,34.7,33.3,6.5,4.2,1.1,30.1778,-88.944,915,0,8.7,30.1755,-88.963,931,1113,8.7,NA,"BL, OY, SY, TY, SE",15/0,100,99,H,,2014-07-07,2014,0,1,0,1
1452,39,2014-07-07,74,MS,741405-02,30.2967,-89.0626,2,4,1230,30.1,29,28.6,22.9,22.9,27,6.4,6.3,6.4,30.2996,-89.052,1204,0,4,30.2974,-89.0707,1220,1405,4.3,NA,"BL, OY, SY, TY, SE",15/0,100,100,,,2014-07-07,2014,0,6,0,6
1453,39,2014-07-07,74,MS,741405-03,30.2691,-88.8972,2.4,5.6,1520,29.4,28.7,26.6,25.4,26.1,31.9,6.8,6.8,3.8,30.2775,-88.8923,1452,0,5.6,30.2621,-88.8983,1510,1625,5.9,NA,"BL, OY, SY, TY, SE",15/0,100,100,,,2014-07-07,2014,0,9,0,9
1454,39,2014-07-08,74,MS,741405-04,30.163,-88.878,3.9,11.5,937,28.4,21.3,21.7,27.5,36.3,36.2,6.8,2.9,1.7,30.1709,-88.8705,904,0,11.2,30.1582,-88.8838,919,1054,11.5,NA,"BL, OY, SY, TY, SE",15/0,100,100,,,2014-07-08,2014,0,1,0,1
1455,39,2014-07-08,74,MS,741405-05,30.1526,-88.4818,5.5,14,1245,29.1,22.6,20.8,29.5,36.5,36.3,6.7,4.7,3.8,30.1595,-88.4921,1224,0,14,30.1484,-88.4752,1240,1421,14,NA,"BL, OY, SY, TY, SE",15/0,100,100,,,2014-07-08,2014,NA,NA,0,0
1456,39,2014-07-08,74,MS,741405-06,30.2447,-88.6248,2.5,3.7,1545,29.1,29,29,26,26.2,26.2,7.3,7,7,30.2534,-88.622,1522,0,3.7,30.2403,-88.6279,1536,1710,3.7,NA,"BL, OY, SY, TY, SE",15/0,100,100,,Seashore,2014-07-08,2014,0,10,0,10
1457,39,2014-08-07,74,MS,741406-01,30.2003,-88.8198,6.7,11.7,917,29.1,27.5,25.8,32,34.1,35.9,6.4,6.1,5.3,30.2016,-88.8111,855,0,11.8,30.201,-88.8281,910,1059,11.5,NA,"BL, OY, SY, TY, SE",15/0,100,100,,,2014-08-07,2014,NA,NA,0,0
1458,39,2014-08-07,74,MS,741406-02,30.1817,-89.1324,3.4,10.8,1239,30,29,28,31,31.4,32.4,6.3,5.9,3.6,30.177,-89.1247,1221,0,9.9,30.187,-89.1402,1234,1423,11.8,NA,"BL, OY, SY, TY, SE",15/0,100,100,,,2014-08-07,2014,0,20,0,20
1459,39,2014-08-07,74,MS,741406-03,30.2554,-89.1205,3.4,4.3,1545,30.9,30.1,29.8,28.7,29.3,29.7,6.2,6.5,6.9,30.2565,-89.1135,1527,0,4,30.2531,-89.136,1541,1724,4,NA,"BL, OY, SY, TY, SE",15/0,100,100,,HF2 lat/long updated JH 12/8/23,2014-08-07,2014,0,16,0,16
1460,39,2014-08-08,74,MS,741406-04,30.1827,-88.4632,5.4,12.4,1023,28.7,27.3,26.4,32.5,35.7,36.2,6.2,5.9,4.3,30.1841,-88.457,1002,0,12.1,30.1835,-88.4731,1017,1158,12.4,NA,"BL, OY, SY, TY, SE",15/0,100,100,,Seashore,2014-08-08,2014,0,6,0,6
1461,39,2014-08-08,74,MS,741406-05,30.2491,-88.4313,3.1,5.9,1316,29.6,29.3,28.8,31.3,32.2,33.1,6.2,6,5.7,30.2626,-88.4317,1246,0,3.7,30.2435,-88.4286,1307,1451,6.2,NA,"BL, OY, SY, TY, SE",15/0,100,100,,Set across channel. Had to haul back some hooks early.,2014-08-08,2014,NA,NA,0,0
1462,39,2014-08-08,74,MS,741406-06,30.2956,-88.6706,2.8,4.6,1622,30.9,31,29.9,30.7,30.6,30.8,6.7,6.7,6,30.2977,-88.6588,1600,0,4.3,30.2947,-88.6781,1617,1803,4.6,NA,"BL, OY, SY, TY, SE",15/0,100,100,,HF1 lat/long updated JH 12/8/23,2014-08-08,2014,0,9,0,9
1463,39,2014-09-25,74,MS,171707-01,30.2847,88.688,0.8,4.7,827,26.3,26.3,26.1,29.3,29.3,28.7,5.9,5.8,5.7,30.2831,-88.6986,803,0,5,30.2869,-88.6772,826,1007,4.6,NA,"BL, OY, SY, TY, SE",15/0,100,100,,,2014-09-25,2014,0,6,0,6
1464,39,2014-09-25,74,MS,171407-02,30.2673,88.4891,1.1,5.4,1154,26.4,26.6,26.6,30.2,30.2,30.6,6.2,6,5.8,30.2672,-88.4984,1130,0,5.6,30.2701,-88.4809,1149,1401,5.3,NA,"BL, OY, SY, TY, SE",15/0,100,100,,,2014-09-25,2014,0,5,0,5
1465,39,2014-09-25,74,MS,171407-03,30.1598,-88.4971,2.8,13.3,1522,28.2,28.3,28.3,34.4,34.2,34.2,5.6,5.4,5.3,30.1608,-88.5057,1454,0,13,30.1608,-88.4881,1516,1712,12.7,NA,"BL, OY, SY, TY, SE",15/0,100,100,,,2014-09-25,2014,0,5,0,5
1466,39,2014-09-25,74,MS,171407-04,30.2174,-88.6743,1.9,9,1847,27.2,27.4,27.4,32.2,33,33.7,6.1,5.7,5.4,30.2298,-88.682,1822,0,9.3,30.2182,-88.6658,1840,2025,9.3,NA,"BL, OY, SY, TY, SE",15/0,100,100,,,2014-09-25,2014,0,3,0,3
1467,39,2014-09-26,74,MS,171407-05,30.1527,-88.921,1,9.6,738,27,27,27,33.1,32.9,33,5.8,5.6,5.6,30.1514,-88.9332,700,0,9.3,30.1576,-88.9135,723,937,9.6,NA,"BL, OY, SY, TY, SE",15/0,100,95,H,,2014-09-26,2014,0,2,0,2
1468,39,2014-09-26,74,MS,171407-06,30.2725,89.1426,1.3,4.4,1210,26.2,26.4,25.9,28,28,28.3,6.8,6.3,6.1,30.2731,-89.1503,1141,0,4.4,30.2729,-89.1332,1203,1335,4.5,NA,"BL, OY, SY, TY, SE",15/0,100,100,,,2014-09-26,2014,0,2,0,2
1469,39,2014-10-23,74,MS,741408-01,30.3113,-88.7603,0.9,3.1,832,21.5,21.6,21.5,26.3,26.4,26.2,6.4,6,6.2,30.3085,-88.7709,811,0,3.7,30.3138,-88.7531,827,956,3.1,NA,"BL, OY, SY, TY, SE",15/0,100,100,,,2014-10-23,2014,NA,NA,0,0
1470,39,2014-10-23,74,MS,741408-02,30.193,-88.6353,3.8,13,1115,24.3,24.4,24.4,33.5,33.6,33.8,6.2,6,5.9,30.1938,-88.6476,1056,0,13,30.193,-88.6297,1111,1248,13.3,NA,"BL, OY, SY, TY, SE",15/0,100,100,,,2014-10-23,2014,0,20,0,20
1471,39,2014-10-23,74,MS,741408-03,30.2548,-88.6276,1.7,3.7,1427,23.1,23.2,23.4,30.7,30.9,31.2,6.9,7,6.8,30.2508,-88.6388,1404,0,4,30.2567,-88.6215,1424,1602,4,NA,"BL, OY, SY, TY, SE",15/0,100,100,,,2014-10-23,2014,0,19,0,19
1472,39,2014-10-24,74,MS,741408-04,30.2071,-88.8978,2,7.8,914,22.6,22.8,23.3,32.3,32.6,33.4,6.4,6.2,6,30.2108,-88.888,850,0,8.7,30.206,-88.9067,908,1040,7.4,NA,"BL, OY, SY, TY, SE",15/0,100,100,,,2014-10-24,2014,0,6,0,6
1473,39,2014-10-24,74,MS,741408-05,30.1699,-89.0665,1.1,7,1149,22.3,22.3,22.3,30.5,30.7,30.6,6.1,5.8,5.8,30.1705,-89.0743,1125,0,6.7,30.1686,-89.0586,1147,1328,7.6,NA,"BL, OY, SY, TY, SE",15/0,100,100,,,2014-10-24,2014,0,5,0,5
1474,39,2014-10-24,74,MS,741408-06,30.2529,-88.9386,1.5,5.9,1435,22.7,22.3,22.6,29.9,29.9,30.3,6.8,6.8,6.7,30.246,-88.94,1414,0,6,30.2609,-88.9382,1430,1601,5.8,NA,"BL, OY, SY, TY, SE",15/0,100,100,,,2014-10-24,2014,0,5,0,5
1475,40,2015-04-09,74,MS,040915BL-01,30.1838,-89.0794,2.6,6,933,23.4,23.6,23.7,19.7,19.7,19.7,7.3,7,7.2,30.1919,-89.0811,916,0,4.6,30.1756,-89.0787,933,1121,5.2,NA,"BL, OY, SY, TY, SE",15/0,100,100,,,2015-04-09,2015,0,11,0,11
1476,40,2015-05-08,74,MS,050815BL-01,29.4097,-89.0737,1.1,6.7,652,23.2,25,24.8,4.4,24.4,25.5,8.1,7.6,6.9,29.4231,-89.0789,623,0,6.1,29.4026,-89.0704,647,1022,7.6,NA,"BL, OY, SY, TY, SE",15/0,100,96,H,,2015-05-08,2015,0,21,0,21
1477,40,2015-05-08,74,MS,050815BL-02,29.6178,-89.0295,1.3,5,1159,25.3,25.5,25.5,16,22.4,22.9,9.7,8.5,8.4,29.6206,-89.0374,1138,0,5.8,29.6206,-89.0374,1155,1500,4,NA,"BL, OY, SY, TY, SE",15/0,100,92,"A, B",mainline cut in half 13:44; ran to 2nd high flyer,2015-05-08,2015,0,22,0,22
1478,40,2015-05-08,74,MS,050815BL-03,29.6844,-88.8151,2.9,12.7,1645,26.1,24.4,23.5,23.4,24.5,29.3,8.6,7.7,5.1,29.6881,-88.8227,1623,0,11.6,29.6807,-88.8053,1639,1827,13.4,NA,"BL, OY, SY, TY, SE",15/0,100,100,,,2015-05-08,2015,0,18,0,18
1479,40,2015-05-18,74,MS,051815BL-01,30.2776,-88.4639,1.2,5.6,926,27.3,27.1,27.1,16.6,18.3,18.3,6.9,6.7,6.2,30.2838,-88.4721,904,0,5.2,30.2744,-88.4561,921,1131,5.2,NA,"BL, OY, SY, TY, SE",15/0,100,100,,,2015-05-18,2015,0,3,0,3
1480,40,2015-05-18,74,MS,051815BL-02,30.1978,-88.6672,2,13.2,1258,27.8,27.2,24,18,20,32,7.9,5.8,3.3,30.2049,-88.6736,1234,0,11.9,30.2049,-88.6736,1252,1438,13.1,NA,"BL, OY, SY, TY, SE",15/0,100,100,,,2015-05-18,2015,0,41,0,41
1481,40,2015-05-19,74,MS,051915BL-01,30.3151,-89.1431,0.8,4.6,930,27.1,27.3,27.2,8.3,9.3,9,6.9,6.4,6.6,30.3148,-89.1524,907,0,4.6,30.3161,-89.1341,925,1053,4.3,NA,"BL, OY, SY, TY, SE",15/0,100,100,,,2015-05-19,2015,NA,NA,0,0
1482,40,2015-05-19,74,MS,051915BL-02,30.2701,-88.9834,1.5,6.2,1149,27.9,27.4,27.4,13.6,14.4,14.8,8,6.9,6.3,30.2736,-88.9962,1130,0,5.8,30.2663,-88.9761,1146,1319,6.1,NA,"BL, OY, SY, TY, SE",15/0,100,100,,,2015-05-19,2015,NA,NA,0,0
1483,40,2015-05-19,74,MS,051915BL-03,30.2476,-88.913,1.3,6,1420,28,27.3,27.4,15.9,16.4,16.1,7.5,6,6.4,30.2544,-88.9209,1357,0,6.1,30.2422,-88.9089,1414,1542,6.1,NA,"BL, OY, SY, TY, SE",15/0,100,100,,,2015-05-19,2015,NA,NA,0,0
1484,40,2015-05-19,74,MS,051915BL-04,30.1388,-89.0419,1.3,7.4,1651,28.3,27.4,27.4,13.6,15.3,15.3,8.2,5.1,5.1,30.1477,-89.0422,1627,0,7.6,30.1302,-89.0428,1645,1839,7,NA,"BL, OY, SY, TY, SE",15/0,100,100,,,2015-05-19,2015,NA,NA,0,0
1485,40,2015-05-28,74,MS,052815BL-01,29.9771,-88.8998,2,6.8,1044,27.9,27.3,26.8,17.5,17.8,20.6,8.1,7,2.8,29.9874,-88.9031,1011,0,6.7,29.9693,-88.8977,1029,1222,6.7,NA,"BL, OY, SY, TY, SE",15/0,100,100,,,2015-05-28,2015,0,2,0,2
1486,40,2015-05-28,74,MS,052815BL-02,30.03,-88.8821,2,6.5,1319,27.9,27.9,27,17.6,17.4,18.3,8.1,8,5.6,30.0398,-88.8842,1258,0,7.6,30.0244,-88.8796,1314,1535,5.8,NA,"BL, OY, SY, TY, SE",15/0,100,100,,,2015-05-28,2015,0,5,0,5
1487,40,2015-06-22,74,MS,062215BL-01,29.8914,-89.0506,1.5,4.6,945,30.5,30.4,29.3,18.6,18.6,19.3,7.4,7,2.8,29.8874,-89.0425,919,0,4.9,29.8874,-89.0425,938,1114,4.6,NA,"BL, OY, SY, TY, SE",15/0,100,100,,,2015-06-22,2015,NA,NA,0,0
1488,40,2015-06-22,74,MS,062215BL-02,29.906,-89.0418,1.1,5,1158,30,30,29.6,15,18,18.8,6.8,6.2,3.9,29.8982,-89.038,1132,0,4.9,29.8982,-89.038,1150,1319,4.6,NA,"BL, OY, SY, TY, SE",15/0,100,100,,,2015-06-22,2015,NA,NA,0,0
1489,40,2015-06-22,74,MS,062215BL-03,30.0744,-88.8688,1.5,9.3,1456,31.8,29.9,27.9,18.8,24.3,30.1,7.7,4.8,2.8,30.0808,-88.8596,1431,0,11.9,30.0695,-88.8749,1449,1707,5.2,NA,"BL, OY, SY, TY, SE",15/0,100,98,H,,2015-06-22,2015,NA,NA,0,0
1490,40,2015-07-21,74,MS,072115BL-01,29.4295,-89.1562,1.1,6.3,636,30.2,25.7,25.5,11.6,35.6,35.8,8.1,2.2,2.2,29.4261,-89.144,613,0,5.2,29.4304,-89.1642,630,911,6.4,NA,"BL, OY, SY, TY, SE",15/0,100,94,H,,2015-07-21,2015,NA,NA,0,0
1491,40,2015-07-21,74,MS,072115BL-02,29.5874,-89.1414,1.1,5.7,1036,30.1,30.4,28,11.5,16.9,31.6,8.5,7.2,1.8,29.5808,-89.1318,1013,0,5.8,29.59,89.149,1030,1254,5.5,NA,"BL, OY, SY, TY, SE",15/0,100,95,H,,2015-07-21,2015,0,7,0,7
1492,40,2015-07-21,74,MS,072115BL-03,29.5107,-89.0586,1.2,4.6,1419,32.8,32.1,28,15.2,19.8,33.6,12.5,8.9,2.5,29.5177,-89.0532,1352,0,4.6,29.5034,-89.0658,1410,1611,4.6,NA,"BL, OY, SY, TY, SE",15/0,100,96,H,,2015-07-21,2015,0,1,0,1
1493,40,2015-07-21,74,MS,072115BL-04,29.626,-88.8458,1.1,12.9,1745,32.1,25.8,25.7,21,36.8,36.8,11.2,4.7,3.9,29.633,-88.842,1717,0,12.5,29.6181,-88.852,1734,0,12.5,NA,"BL, OY, SY, TY, SE",15/0,100,100,,End time recorded as 15:06,2015-07-21,2015,NA,NA,0,0
1494,40,2015-07-22,74,MS,072215BL-01,29.8472,-88.759,3.1,12.4,648,30.7,29.6,25.8,27.7,34.6,36.8,6,5.8,2.8,29.8522,-88.7494,629,0,13.1,29.8458,-88.7657,646,823,11.3,NA,"BL, OY, SY, TY, SE",15/0,100,100,,,2015-07-22,2015,0,2,0,2
1495,40,2015-07-22,74,MS,072215BL-02,30.0535,-88.8029,1.9,10.8,946,30.7,30.5,26.1,25,22.2,36.7,6.2,5.5,2.9,30.0512,-88.7951,924,0,11.6,30.0575,-88.8091,940,1210,10.7,NA,"BL, OY, SY, TY, SE",15/0,100,100,,,2015-07-22,2015,0,5,0,5
1496,40,2015-07-31,74,MS,073115BL-01,30.1665,-88.9433,2.7,9.6,1000,30.1,25.5,25.5,30,36.4,36.4,6.1,1.3,1.2,30.1604,-88.9438,924,0,9.1,30.1742,-88.9409,938,1124,9.1,NA,"BL, OY, SY, TY, SE",15/0,100,99,H,,2015-07-31,2015,NA,NA,0,0
1497,40,2015-07-31,74,MS,073115BL-02,30.2608,-89.0169,2.2,6.2,1230,29.5,27.9,27.3,31.7,33.1,33.9,5.9,4.4,3.3,30.2565,-89.0104,1205,0,6.1,30.2657,-89.0246,1220,1407,6.1,NA,"BL, OY, SY, TY, SE",15/0,100,100,,,2015-07-31,2015,0,3,0,3
1498,40,2015-07-31,74,MS,073115BL-03,30.3244,-88.866,1,4.3,1524,30.1,28.9,28.9,31.8,32.5,32.9,6.6,4.8,4.1,30.3282,-88.8732,1459,0,4.3,30.3216,-88.8586,1513,1705,4.3,NA,"BL, OY, SY, TY, SE",15/0,100,100,"A, B",Line caught in prop had to part mainline and haul from second high flyer (second high flyer picked up @ 16:36),2015-07-31,2015,0,5,0,5
1499,40,2015-08-18,74,MS,081815BL-01,30.3295,-89.0126,0.5,4,907,28.9,28.9,28.7,28.6,28.6,28.5,5.6,5.6,5.2,30.335,-89.0068,841,0,4,30.3244,-89.0196,855,1016,4.3,NA,"BL, OY, SY, TY, SE",15/0,100,100,,,2015-08-18,2015,NA,NA,0,0
1500,40,2015-08-18,74,MS,081815BL-02,30.2872,-89.1378,0.8,4.3,1108,29.1,29,28.8,28.5,28.5,28.5,6.3,6.1,5.8,30.2929,-89.1282,1049,0,4.3,30.2846,89.1438,1104,1231,4.6,NA,"BL, OY, SY, TY, SE",15/0,100,100,,,2015-08-18,2015,0,8,0,8
1501,40,2015-08-24,74,MS,082415BL-01,30.1972,-88.5046,3.7,9.9,1000,30,29.3,29.4,32.6,33.6,33.5,4.8,4,4,30.1897,-88.5015,940,0,10.7,30.2034,-88.5072,957,1129,6.7,NA,"BL, OY, SY, TY, SE",15/0,100,100,,,2015-08-24,2015,NA,NA,0,0
1502,40,2015-08-24,74,MS,082415BL-02,30.2657,-88.5961,1.1,3.2,1230,31.8,30.9,30.7,29.1,29.4,29.6,6.1,5.7,5.4,30.2633,-88.5872,1208,0,4,30.2681,-88.6037,1223,1353,3,NA,"BL, OY, SY, TY, SE",15/0,100,100,,,2015-08-24,2015,0,5,0,5
1503,40,2015-09-21,74,MS,092115BL-01,29.8482,-88.794,4.8,10.5,715,28.4,28.4,28.2,33.5,33.5,34,6.6,6,5.6,29.8528,-88.8022,640,0,10.7,29.8435,-88.7853,658,822,10.1,NA,"BL, OY, SY, TY, SE",15/0,100,100,,HF2 lat/long updated JH 12/8/23,2015-09-21,2015,0,1,0,1
1504,40,2015-09-21,74,MS,092115BL-02,29.8257,-88.7483,7.2,15.1,904,28.5,28.4,28.2,34,34,34.3,6.2,6,5.6,29.8183,-88.7503,846,0,14.9,29.8316,-88.7467,900,1021,14.6,NA,"BL, OY, SY, TY, SE",15/0,100,100,,,2015-09-21,2015,NA,NA,0,0
1505,40,2015-09-26,74,MS,092615BL-01,30.0522,-89.1099,1.2,4.2,702,27.3,27.2,27.1,30.8,30.8,30.8,5.2,4.9,4.9,30.0432,-89.1108,637,0,3.7,30.0603,-89.1085,656,824,3.7,NA,"BL, OY, SY, TY, SE",15/0,100,100,,,2015-09-26,2015,0,2,0,2
1506,40,2015-09-26,74,MS,092615BL-02,29.8365,-89.0341,1.7,5.8,1007,27.4,27.4,27.6,32.6,32.5,32.5,6.4,6.4,6.4,29.831,-89.0394,947,0,5.5,29.8425,-89.0298,1001,1118,5.8,NA,"BL, OY, SY, TY, SE",15/0,100,100,,,2015-09-26,2015,0,3,0,3
1507,40,2015-09-26,74,MS,092615BL-03,29.6507,-89.0268,4,5.9,1247,27.5,27.4,27.6,33.5,33.5,33.4,6.6,6.5,6.5,29.6423,-89.0295,1225,0,5.8,29.6552,-89.024,1243,1410,5.8,NA,"BL, OY, SY, TY, SE",15/0,100,100,,,2015-09-26,2015,NA,NA,0,0
1508,40,2015-09-26,74,MS,092615BL-04,29.4091,-89.1137,1.2,6.8,1600,27.4,27.4,27.6,22.4,31.6,32.1,7.4,5.4,5.4,29.4083,-89.1204,1525,0,7,29.4102,-89.1079,1555,1727,5.5,NA,"BL, OY, SY, TY, SE",15/0,100,99,H,,2015-09-26,2015,NA,NA,0,0
1509,40,2015-09-30,74,MS,093015BL-01,29.4724,-89.013,2.4,10.8,708,27.5,27.5,27.4,34.1,34.1,34.1,6,6.1,5.8,29.4631,-89.0076,649,0,11.3,29.4786,-89.0154,704,826,10.4,NA,"BL, OY, SY, TY, SE",15/0,100,100,,,2015-09-30,2015,0,2,0,2
1510,41,2016-05-11,96,MS,051116BL-01,30.0218,-89.0105,2,5.6,734,24.2,23.9,23.3,15.5,17.9,21.2,7.5,7,4.9,30.034,-89.0127,705,0,5.8,30.0129,-89.0132,720,851,5.5,NA,"BL, OY, SY, TY, SE",15/0,100,100,,,2016-05-11,2016,NA,NA,0,0
1511,41,2016-05-11,96,MS,051116BL-02,29.9527,-88.9844,2.2,6.2,935,24.7,24.1,23,15.3,17.6,26.1,9.6,8.7,4,29.9613,-88.9879,916,0,6.1,29.9424,-88.9799,930,1056,3,NA,"BL, OY, SY, TY, SE",15/0,100,100,,,2016-05-11,2016,NA,NA,0,0
1512,41,2016-05-11,96,MS,051116BL-03,29.8911,-88.9477,2.7,4.6,1128,25,24.7,23.4,15.1,18.2,26.2,9.7,8.1,3.7,29.8998,-88.9536,1110,0,6.1,29.8821,-88.9449,1123,1305,4.6,NA,"BL, OY, SY, TY, SE",15/0,100,100,,,2016-05-11,2016,NA,NA,0,0
1513,41,2016-05-11,96,MS,051116BL-04,29.8508,-89.082,2.2,3,1352,25.8,25.2,24,13.7,14.1,16.4,9.5,8.7,6.1,29.8596,-89.1042,1335,0,4,29.846800000000002,-89.0989,1349,1520,4.6,NA,"BL, OY, SY, TY, SE",15/0,100,100,,,2016-05-11,2016,NA,NA,0,0
1514,41,2016-05-11,96,MS,051116BL-05,29.4483,-89.1064,1,6.2,1710,27,25.6,24.1,14.4,19.9,28,9.9,9.7,8.6,29.4454,-89.1164,1648,0,6.4,29.445,-89.0979,1700,1820,6.1,NA,"BL, OY, SY, TY, SE",15/0,100,100,,,2016-05-11,2016,NA,NA,0,0
1515,41,2016-05-12,96,MS,051216BL-01,29.5114,-89.0192,2.8,9.2,649,25.2,24.2,22.8,25.4,27,32.1,8.6,7.8,4.9,29.524,-89.0293,631,0,6.1,29.5053,-89.0142,646,829,10.1,NA,"BL, OY, SY, TY, SE",15/0,100,100,,,2016-05-12,2016,NA,NA,0,0
1516,41,2016-05-12,96,MS,051216BL-02,29.4883,-88.9725,3.4,12.4,915,25.3,23.7,22.7,25.6,31.8,33.2,10.7,7.7,5.8,29.4909,-88.9827,851,0,10.7,29.4794,-88.964,906,1045,12.5,NA,"BL, OY, SY, TY, SE",15/0,100,100,,,2016-05-12,2016,NA,NA,0,0
1517,41,2016-05-12,96,MS,051216BL-03,30.0266,-88.7996,2.2,10.9,1304,25.9,24,22.8,17.7,22.1,28.7,8.6,7.1,4.3,30.0379,-88.8005,1239,0,10.7,30.0173,-88.7995,1253,1423,11,NA,"BL, OY, SY, TY, SE",15/0,100,99,H,HF1 lat/long updated JH 12/8/23,2016-05-12,2016,NA,NA,0,0
1518,41,2016-05-23,96,MS,052316BL-01,30.1887,-88.9443,4.4,8.3,915,25.7,25.6,24.3,8,19.9,28.7,7.9,7.7,2.2,30.1866,-88.9582,842,0,7.9,30.1878,-88.9332,908,1107,8.5,NA,"BL, OY, SY, TY, SE",15/0,100,100,,,2016-05-23,2016,NA,NA,0,0
1519,41,2016-05-23,96,MS,052316BL-02,30.1769,-89.1229,2.7,10.3,1206,26.3,25.7,25.6,18.3,19.5,20.1,7.2,7.2,6.7,30.1782,-89.1344,1139,0,4.3,30.176,-89.112,1156,1341,7.9,NA,"BL, OY, SY, TY, SE",15/0,100,100,,,2016-05-23,2016,NA,NA,0,0
1520,41,2016-05-23,96,MS,052316BL-03,30.0328,-88.8957,1.9,4.5,1451,26.6,25.9,25.5,17.1,17.1,17,7.8,8,7.2,30.332,-88.919,1430,0,4.6,30.3278,-88.8957,1444,1611,4.6,NA,"BL, OY, SY, TY, SE",15/0,100,100,,,2016-05-23,2016,NA,NA,0,0
1521,41,2016-06-03,96,MS,060316BL-01,30.2569,-88.8758,2.2,7,937,28.5,28.3,25.8,12.8,14.2,27.2,7.6,7.3,0.6,30.2566,-88.8891,907,0,6.7,30.2587,-88.8666,920,1037,6.5,NA,"BL, OY, SY, TY, SE",15/0,100,100,,,2016-06-03,2016,NA,NA,0,0
1522,41,2016-06-07,96,MS,060716BL-01,30.1912,-88.9212,1.5,8.7,932,28.5,28.3,27.1,13.6,13.6,23.8,7.4,7.2,2.8,30.1822,-88.9236,912,0,9.1,30.1981,-88.9172,925,1046,7.9,NA,"BL, OY, SY, TY, SE",15/0,100,100,,,2016-06-07,2016,NA,NA,0,0
1523,41,2016-06-07,96,MS,060716BL-02,30.2714,-89.0374,0.8,6.2,1135,29,28.4,28.3,12.3,12.3,12.7,6.9,6.5,5.8,30.2628,-89.0399,1118,0,5.8,30.2768,-89.0319,1131,1301,6.1,NA,"BL, OY, SY, TY, SE",15/0,100,100,,,2016-06-07,2016,NA,NA,0,0
1524,41,2016-06-07,96,MS,060716BL-03,30.2954,-89.1212,1.1,5,1349,29.1,28.6,28.3,10.6,10.6,11,7.7,7.6,6.5,30.3034,-89.1274,1325,0,4.6,30.2871,-89.1146,1339,1508,5.2,NA,"BL, OY, SY, TY, SE",15/0,100,100,,,2016-06-07,2016,NA,NA,0,0
1525,41,2016-06-10,96,MS,061016BL-01,29.9459,-88.7904,1.7,10.2,1111,28.9,28.7,28.9,15.9,20.3,20.7,9.9,7.9,7.5,29.9425,-88.7856,1031,0,10.7,29.9567,-88.7943,1047,1341,9.1,NA,"BL, OY, SY, TY, SE",15/0,100,100,,,2016-06-10,2016,NA,NA,0,0
1526,41,2016-07-01,96,MS,070116BL-01,29.7016,-88.8525,2,10.2,656,29.7,26.3,24.1,21.8,31.5,35.7,7.3,3.4,1.6,29.7082,-88.8601,634,0,10.1,29.6942,-88.8485,646,816,10.7,NA,"BL, OY, SY, TY, SE",15/0,100,100,,,2016-07-01,2016,NA,NA,0,0
1527,41,2016-07-01,96,MS,070116BL-02,29.6006,-88.9018,2.1,11.2,911,29.6,27.2,24.2,21.9,30.4,33.3,7.7,5.9,2.2,29.609,-88.8999,840,0,10.7,29.592,-88.9067,853,1019,11,NA,"BL, OY, SY, TY, SE",15/0,100,100,,,2016-07-01,2016,NA,NA,0,0
1528,41,2016-07-01,96,MS,070116BL-03,29.5894,-88.9339,1.6,11.2,1049,29.9,29.3,25.5,20.6,26,33.3,8.6,6.8,3.3,29.5867,-88.9293,1031,0,10.7,29.596800000000002,-88.9409,1042,1206,10.4,NA,"BL, OY, SY, TY, SE",15/0,100,100,,,2016-07-01,2016,NA,NA,0,0
1529,41,2016-07-01,96,MS,070116BL-04,29.5362,-88.0101,1.8,7,1305,30.3,29,26.4,15.7,21.3,31.4,10.6,7.2,3.9,29.5316,-89.0089,1240,0,8.7,29.531,-89.0089,1257,1606,6.1,NA,"BL, OY, SY, TY, SE",15/0,100,100,"A, B","Mainline parteed. Cut mainline and hauled remaining line from second high flyer. Picked up at 29.51178, -89.00323",2016-07-01,2016,NA,NA,0,0
1530,41,2016-07-01,96,MS,070116BL-05,29.4364,-89.0071,1.1,11.9,1656,30.3,28.5,24.5,21.2,26.7,34.2,9,5.7,1.4,29.4422,-89.0258,1634,0,10.5,29.4363,-89.0082,1647,1819,11.7,NA,"BL, OY, SY, TY, SE",15/0,100,100,,,2016-07-01,2016,NA,NA,0,0
1531,41,2016-07-02,96,MS,070216BL-01,29.5973,-89.2662,1.1,4.9,657,30.2,30,29.4,19.4,20.2,22.6,8.1,6.2,1.9,29.596800000000002,-89.2556,639,0,4.9,29.5992,-89.2748,652,820,4.6,NA,"BL, OY, SY, TY, SE",15/0,100,100,,,2016-07-02,2016,NA,NA,0,0
1532,41,2016-07-02,96,MS,070216BL-02,29.9218,-89.0658,1.4,2.8,944,30.6,30.6,30.5,21.3,21.3,21.2,7.1,7.2,7,29.9174,-89.1012,924,0,3.7,29.9222,-89.1202,935,1105,3,NA,"BL, OY, SY, TY, SE",15/0,100,100,,,2016-07-02,2016,NA,NA,0,0
1533,41,2016-07-02,96,MS,070216BL-03,30.0648,-89.1554,1.3,5.3,1145,30.7,30.2,27.3,21.7,21.7,29.5,7,6.8,1.9,29.9124,-89.0004,1126,0,5.5,29.9168,-89.0193,1138,1305,5.2,NA,"BL, OY, SY, TY, SE",15/0,100,100,,,2016-07-02,2016,NA,NA,0,0
1534,41,2016-09-02,96,MS,090216BL-01,30.2944,-88.9946,1,5.6,722,29.5,29.8,29.8,25,26.9,26.9,5.7,3.1,3.1,30.2862,-88.9956,704,0,5.8,30.3028,-88.9963,717,843,5.2,NA,"BL, OY, SY, TY, SE",15/0,100,100,,,2016-09-02,2016,NA,NA,0,0
1535,41,2016-09-02,96,MS,090216BL-02,30.1891,-89.0335,1.7,8.6,929,29.6,29.6,29.6,25.3,29.2,29.3,6.9,0.2,0.2,30.1814,-89.0343,910,0,8.8,30.1984,89.0353,924,1057,7.6,NA,"BL, OY, SY, TY, SE",15/0,100,100,,,2016-09-02,2016,NA,NA,0,0
1536,41,2016-09-02,96,MS,090216BL-03,30.1946,-88.952,2.3,8.1,1146,30.3,30.2,30.1,30,30.5,31,6.4,5.9,2.4,30.1866,-88.9473,1122,0,8.2,30.2041,-88.9531,1135,1308,7,NA,"BL, OY, SY, TY, SE",15/0,100,100,,,2016-09-02,2016,NA,NA,0,0
1537,41,2016-09-02,96,MS,090216BL-04,30.2237,-88.7238,2.5,9.7,1423,30.7,30.3,30.1,30.8,31.5,31.7,6.6,5.4,4,30.2224,-88.7149,1404,0,9.8,30.2227,-88.7344,1416,1542,9.7,NA,"BL, OY, SY, TY, SE",15/0,100,100,,,2016-09-02,2016,NA,NA,0,0
1538,41,2016-09-16,96,MS,091616BL-01,30.013,-88.9434,3.1,8.1,955,29,29,27.9,24.2,24.4,25,6.7,6.4,6.7,30.0207,-88.947,932,0,8.5,30.0045,-88.9425,946,1108,7.3,NA,"BL, OY, SY, TY, SE",15/0,100,100,,,2016-09-16,2016,NA,NA,0,0
1539,41,2016-09-16,96,MS,091616BL-02,29.9209,-88.9109,2.4,5.7,1155,29.4,28.9,29.5,24.8,25.6,27.1,6.2,6,1.6,29.9284,-88.9131,1128,0,6.4,29.9131,-88.9112,1142,1304,5.5,NA,"BL, OY, SY, TY, SE",15/0,100,100,,,2016-09-16,2016,NA,NA,0,0
1540,41,2016-09-16,96,MS,091616BL-03,29.8463,-89.1102,2.1,4.2,1405,29.4,29.4,28.9,21.2,21.2,21.9,8,8,6.8,29.8535,-89.1144,1341,0,4.1,29.8362,-89.1103,1355,1520,4.1,NA,"BL, OY, SY, TY, SE",15/0,100,100,,,2016-09-16,2016,NA,NA,0,0
1541,41,2016-09-22,96,MS,092216BL-01,29.6163,-88.9519,2.8,9.3,743,29.3,29.8,29.4,24.5,26.7,31.1,6.5,6,3,29.6144,-88.9619,724,0,8.2,29.6158,-88.942,739,907,9.4,NA,"BL, OY, SY, TY, SE",15/0,100,100,,,2016-09-22,2016,NA,NA,0,0
1542,41,2016-09-22,96,MS,092216BL-02,29.588,-89.0113,1.9,4.2,941,29.6,29.6,29.4,23,23.1,23,6.6,6.5,6.7,29.59,-89.0213,924,0,2.7,29.0213,-89.0035,938,1122,5.2,NA,"BL, OY, SY, TY, SE",15/0,100,98,H,,2016-09-22,2016,NA,NA,0,0
1543,41,2016-09-22,96,MS,092216BL-03,29.5732,-89.1925,0.6,5.3,1219,31,30.1,29.2,9.9,16.5,26.6,13,8.1,0.4,29.5737,-89.2026,1156,0,5.2,29.5705,-89.1838,1210,1337,5.2,NA,"BL, OY, SY, TY, SE",15/0,100,99,H,,2016-09-22,2016,NA,NA,0,0
1544,41,2016-09-22,96,MS,092216BL-04,29.4812,-89.0385,1.5,8,1439,30.5,29.9,29.5,20,23.8,27.5,8.1,7.3,4.4,29.4828,-89.0473,1418,0,6.9,29.4804,-89.0298,1434,1610,9.2,NA,"BL, OY, SY, TY, SE",15/0,100,100,,,2016-09-22,2016,NA,NA,0,0
1545,41,2016-09-22,96,MS,092216BL-05,29.5318,-89.0218,1.7,6.4,1644,31.2,29.9,29.9,23.2,24.4,27,7.9,7.3,5.4,29.5344,-89.0298,1626,0,6.4,29.5262,-89.013,1639,1815,7.9,NA,"BL, OY, SY, TY, SE",15/0,100,99,H,,2016-09-22,2016,NA,NA,0,0
1546,42,2017-04-04,96,MS,040417BL-01,30.2151,-88.7248,1,10.7,830,23.5,23.4,23.1,25.7,25.8,27.3,6.9,6.8,5.8,30.2099,-88.7267,805,922,10.7,30.2242,-88.7206,822,1032,9.8,NA,"BL, OY, SY, TY, SE",15/0,100,100,,,2017-04-04,2017,0,22,0,22
1547,42,2017-04-04,96,MS,040417BL-02,30.1054,-88.9992,1.3,8.4,1151,23.7,23.5,23.4,23.2,23.6,24.3,7.3,6.4,5.2,30.1089,-88.9888,1129,1243,9.1,30.1037,-89.0074,1143,1314,7.9,NA,"BL, OY, SY, TY, SE",15/0,100,100,B,Reverse haul,2017-04-04,2017,0,4,0,4
1548,42,2017-04-04,96,MS,040417BL-03,30.1383,-89.0569,0.8,6.9,1358,24.1,23.5,23.4,23.4,23.7,24,7.2,6.5,5.9,30.1374,-89.0653,1335,1452,6.4,30.1373,-89.0476,1352,1519,7.2,NA,"BL, OY, SY, TY, SE",15/0,100,100,,,2017-04-04,2017,0,3,0,3
1549,42,2017-04-04,96,MS,040417BL-04,30.2984,-88.9893,0.8,5.2,1620,24.2,23.9,23.6,22.7,22.8,23.1,7.1,6.6,5.6,30.3044,-88.9943,1558,1712,5,30.2899,-88.9859,1612,1738,5.3,NA,"BL, OY, SY, TY, SE",15/0,100,100,,,2017-04-04,2017,0,3,0,3
1550,42,2017-05-02,96,MS,050217BL-01,29.4328,-89.1041,0.7,5.9,715,23.5,23.9,24.1,19.8,26.4,29.4,7.5,6.3,5.4,29.4313,-89.1128,649,805,5.8,29.4322,-89.0922,705,853,6.1,NA,"BL, OY, SY, TY, SE",15/0,100,100,,,2017-05-02,2017,0,15,0,15
1551,42,2017-05-02,96,MS,050217BL-02,29.6489,-89.2298,0.8,4.4,1001,24,24.2,24.2,13.5,18.8,19,9.1,5.8,5.5,29.642,-89.2259,944,1100,4.4,29.6557,-89.229,1000,1132,4.3,NA,"BL, OY, SY, TY, SE",15/0,100,100,,,2017-05-02,2017,NA,NA,0,0
1552,42,2017-05-02,96,MS,050217BL-03,29.8831,-89.0951,1.1,4,1250,25.2,24.8,24.9,16.6,17.8,18.2,9.7,8.2,7.8,29.8768,-89.0868,1228,1341,4,29.888,-89.0997,1241,1426,3.8,NA,"BL, OY, SY, TY, SE",15/0,100,100,"C, B",HF1 Caught in prop. Reverse haul at 14:02.,2017-05-02,2017,NA,NA,0,0
1553,42,2017-05-02,96,MS,050217BL-04,29.9476,-88.9724,0.7,6.1,1515,25.3,25.1,24.6,18.4,18.4,21.2,10.8,10.6,7.2,29.9523,-88.9778,1454,1611,6,29.9418,-88.9664,1511,1629,6,NA,"BL, OY, SY, TY, SE",15/0,100,100,,,2017-05-02,2017,NA,NA,0,0
1554,42,2017-05-02,96,MS,050217BL-05,30.0573,-89.0452,1,5.5,1719,25.8,25.7,24.5,18.8,18.8,19.7,10.6,10.9,4.5,30.0603,-89.053,1659,1814,5,30.0546,-89.0365,1714,1839,5.5,NA,"BL, OY, SY, TY, SE",15/0,100,100,,,2017-05-02,2017,NA,NA,0,0
1555,42,2017-05-11,96,MS,051117BL-01,29.6463,-88.8541,2.6,11.4,729,24.9,24.6,22.5,21,22.2,35,10.1,10.4,4.5,29.6535,-88.8538,706,822,10.4,29.6367,-88.8596,722,922,10.7,NA,"BL, OY, SY, TY, SE",15/0,100,100,,,2017-05-11,2017,NA,NA,0,0
1556,42,2017-05-11,96,MS,051117BL-02,29.7003,-88.8345,1.7,10.7,1023,24.4,23,22.7,22.1,30.2,34.7,12.5,9.8,4.3,29.7074,-88.8422,958,1114,10.4,29.6917,-88.8396,1014,1206,10.7,NA,"BL, OY, SY, TY, SE",15/0,100,100,,,2017-05-11,2017,NA,NA,0,0
1557,42,2017-06-01,96,MS,060117BL-01,30.3114,-88.8393,1,4.4,912,25.5,26.2,26.1,16.4,21.5,21,5.9,4.3,5.2,30.3069,-88.8447,846,1004,4.7,30.3137,-88.8292,904,1130,3.8,NA,"BL, OY, SY, TY, SE",15/0,100,100,,,2017-06-01,2017,0,13,0,13
1558,42,2017-06-01,96,MS,060117BL-02,30.2639,-88.949,0.9,5.5,1232,26.2,26,26,20.4,20.4,20.6,6.2,6.1,6,30.2634,-88.9548,1205,1323,5.5,30.2685,-88.938,1223,1356,5.5,NA,"BL, OY, SY, TY, SE",15/0,100,100,,,2017-06-01,2017,0,3,0,3
1559,42,2017-06-08,96,MS,060817BL-01,30.1733,-89.1222,1.3,9.7,1013,26.2,26,25.8,15.5,16.3,16.6,6.2,6,5.6,30.165,-89.1224,946,1105,6.7,30.1796,-89.1178,1005,1144,6.7,NA,"BL, OY, SY, TY, SE",15/0,100,100,,,2017-06-08,2017,NA,NA,0,0
1560,42,2017-06-08,96,MS,060817BL-02,30.0787,-89.0913,1.2,4.3,1256,26.9,26.3,26.5,18.8,15.8,15.9,7.7,6.5,6.6,30.074,-89.0975,1217,1335,4.3,30.0823,-89.0829,1235,1359,4.3,NA,"BL, OY, SY, TY, SE",15/0,100,100,,,2017-06-08,2017,0,2,0,2
1561,42,2017-07-10,96,MS,071017BL-01,30.0715,-89.0017,1.1,6.6,755,30.1,28.5,26.5,14.4,23.1,32.2,7.4,2.5,0.6,30.0769,-88.9958,727,842,7.5,30.0689,-89.0123,742,910,6.2,NA,"BL, OY, SY, TY, SE",15/0,100,100,,,2017-07-10,2017,NA,NA,0,0
1562,42,2017-07-10,96,MS,071017BL-02,29.9645,-88.9677,0.6,6.1,956,30.2,29.9,26.9,15.4,15.6,31.1,7.6,7.2,0.2,29.9736,-88.9659,932,1048,6.2,29.9576,-88.9752,948,1128,6,NA,"BL, OY, SY, TY, SE",15/0,100,100,,,2017-07-10,2017,NA,NA,0,0
1563,42,2017-07-10,96,MS,071017BL-03,29.9156,-88.9093,0.8,5.2,1225,30.7,30.4,30,13.7,13.7,14.6,9.1,7.9,4.9,29.9241,-88.91,1200,1315,5.8,29.908,-88.9136,1215,1347,4.9,NA,"BL, OY, SY, TY, SE",15/0,100,100,,,2017-07-10,2017,NA,NA,0,0
1564,42,2017-07-20,96,MS,072017BL-01,29.7436,-89.0877,1.1,5,0,29.5,29.5,29.6,12.9,13.2,14.5,7.5,6.8,4.2,29.739,-89.0772,0,754,5.2,29.7503,-89.0952,654,828,4.6,NA,"BL, OY, SY, TY, SE",15/0,100,100,,,2017-07-20,2017,NA,NA,0,0
1565,42,2017-07-20,96,MS,072017BL-02,29.6046,-89.1921,1,4.9,927,29.6,29.9,29.7,11.6,13.3,20.6,9.4,9.4,2.5,29.6016,-89.1822,904,1020,4.9,29.6094,-89.1983,920,1053,4.6,NA,"BL, OY, SY, TY, SE",15/0,100,100,,,2017-07-20,2017,NA,NA,0,0
1566,42,2017-07-20,96,MS,072017BL-03,29.532,-89.1491,0.6,6.8,1134,30.4,29.4,28.8,11.5,20.3,26.9,11.7,5.8,1.1,29.5252,-89.144,1114,1231,7.6,29.5396,-89.1506,1131,1324,6.4,NA,"BL, OY, SY, TY, SE",15/0,100,100,,,2017-07-20,2017,0,5,0,5
1567,42,2017-07-20,96,MS,072017BL-04,29.5499,-88.9592,1.4,9.8,1447,33.4,28.7,28.1,16,29.3,31.6,9.5,3.1,1.3,29.5442,-88.9662,1422,1537,9.8,29.5532,-88.9518,1437,1633,10.1,NA,"BL, OY, SY, TY, SE",15/0,100,100,,,2017-07-20,2017,0,19,0,19
1568,42,2017-07-20,96,MS,072017BL-05,29.6135,-88.9317,0.6,9.8,1720,32.3,29.2,27.9,15.8,24.8,31.7,10.4,4,1.3,29.6085,-88.9377,1658,1815,9.8,29.6162,-88.9204,1715,1911,9.8,NA,"BL, OY, SY, TY, SE",15/0,100,100,,,2017-07-20,2017,0,3,0,3
1569,42,2017-08-07,96,MS,080717BL-01,29.6417,-89.0684,1.2,5.8,725,29,28.5,28.5,20.2,25.3,25.5,7.4,5.4,5,29.6492,-89.0681,650,808,5.6,29.6343,-89.0724,708,925,5.8,NA,"BL, OY, SY, TY, SE",15/0,100,100,,,2017-08-07,2017,0,43,0,43
1570,42,2017-08-07,96,MS,080717BL-02,29.5006,-89.1498,0.8,7.9,1026,29.6,28.4,28.4,19,29.1,29.8,10.1,3.1,3.1,29.5069,-89.1522,1002,1120,7,29.4917,-89.1513,1020,1230,9.1,NA,"BL, OY, SY, TY, SE",15/0,100,100,,,2017-08-07,2017,0,26,0,26
1571,42,2017-08-07,96,MS,080717BL-03,29.5034,-89.0199,1,9.4,0,30.4,28.9,NA,19.9,27.6,NA,11.4,6,NA,29.5096,-89.0238,0,1450,7.9,29.4969,-89.017,1350,1534,9.8,NA,"BL, OY, SY, TY, SE",15/0,100,100,,Niskin caught in prop,2017-08-07,2017,NA,NA,0,0
1572,42,2017-08-07,96,MS,080717BL-04,29.5699,-89,0.6,6.7,0,29.5,29.5,29.4,22.3,22.4,24.1,9.2,9.3,8.1,29.5769,-89.0044,0,1810,5.8,29.5619,-88.9963,1710,1913,7.6,NA,"BL, OY, SY, TY, SE",15/0,100,100,,No Niskin; bottom environmentals taken at 15ft,2017-08-07,2017,0,12,0,12
1573,42,2017-08-08,96,MS,080817BL-01,29.8152,-89.0853,1,4,0,29,29,28.2,16,16,19.1,7.6,7.6,4.3,29.8224,-89.0877,0,818,4.4,29.8045,-89.0873,718,901,4.3,NA,"BL, OY, SY, TY, SE",15/0,100,100,,No Niskin; bottom environmentals taken at 15ft,2017-08-08,2017,0,2,0,2
1574,42,2017-08-08,96,MS,080817BL-02,29.8943,-88.997,1,6,0,29.5,29.4,28.7,16.2,16.2,20.3,9.1,9.2,4.3,29.9042,-88.9956,927,1037,5.8,29.8865,-89.0024,937,1115,5.9,NA,"BL, OY, SY, TY, SE",15/0,100,100,,No Niskin; bottom environmentals taken at 15ft,2017-08-08,2017,0,1,0,1
1575,42,2017-08-08,96,MS,080817BL-03,29.9657,-88.8777,1.5,6.7,0,30.2,29.8,29.2,18.1,18.1,18.6,8,8.1,7.1,29.9689,-88.8693,1142,1258,5.6,29.961,-88.887,1158,1326,6.7,NA,"BL, OY, SY, TY, SE",15/0,100,100,,No Niskin; bottom environmentals taken at 15ft,2017-08-08,2017,NA,NA,0,0
1576,42,2017-08-08,96,MS,080817BL-04,30.0548,-88.9566,1.3,9.2,0,30,29,NA,18.6,21,NA,8.4,6.3,NA,30.0562,-88.953,0,1521,9.7,30.0487,-88.9668,1421,1548,8.7,NA,"BL, OY, SY, TY, SE",15/0,100,100,,No Niskin; Mid depth at YSI max,2017-08-08,2017,NA,NA,0,0
1577,42,2017-09-05,96,MS,090517BL-01,30.251,-89.131,1.8,4.6,841,28.3,28.3,28.2,14.6,14.6,16.5,7.3,7.1,5.7,30.2444,-89.1244,811,930,5.2,30.2578,-89.1358,830,1007,4.6,NA,"BL, OY, SY, TY, SE",15/0,100,100,,,2017-09-05,2017,NA,NA,0,0
1578,42,2017-09-05,96,MS,090517BL-02,30.1731,-89.0293,3.2,8.5,1120,29.3,29.3,28.3,21.3,21.3,24.9,8.4,8.3,2.4,30.1658,-89.0228,1052,1208,8.8,30.1821,-89.0303,1108,1334,8.5,NA,"BL, OY, SY, TY, SE",15/0,100,100,,,2017-09-05,2017,0,11,0,11
1579,42,2017-09-05,96,MS,090517BL-03,30.2684,-88.8847,1.6,5.8,1509,29.9,28.8,28.1,16.2,20.6,22.9,8.7,7.3,1.4,30.2753,-88.8888,1441,1559,5.9,30.2603,-88.8861,1459,1615,6.1,NA,"BL, OY, SY, TY, SE",15/0,100,100,,,2017-09-05,2017,NA,NA,0,0
1580,43,2018-04-02,96,MS,040218BL-01,29.771,-88.8274,2.6,9.4,1036,21.1,20.7,20.1,24.7,29.1,31,8.1,7.7,5.9,29.7796,-88.8354,1012,0,9.8,29.7662,-88.8197,1030,1222,9.8,NA,"BL, OY, SY, TY, SE",15/0,100,100,,,2018-04-02,2018,0,5,0,5
1581,43,2018-04-02,96,MS,040218BL-02,29.878,-88.7865,1.4,10.7,1313,21.5,20.6,20.2,24.6,28.4,31.4,8.4,7.9,6.1,29.8616,-88.7961,1244,0,9.8,29.854,-88.7761,1305,1453,11,NA,"BL, OY, SY, TY, SE",15/0,100,100,,,2018-04-02,2018,0,1,0,1
1582,43,2018-04-02,96,MS,040218BL-03,30.0404,-88.8067,2.2,10.1,1602,22.9,21.1,20.5,19.4,23.1,27.1,8.5,8.6,7.3,30.0455,-88.8153,1535,0,9.8,30.0349,-88.7976,1554,1735,11.1,NA,"BL, OY, SY, TY, SE",15/0,100,99,H,,2018-04-02,2018,0,2,0,2
1583,43,2018-05-11,96,MS,051118BL-01,29.5845,-89.077,1.4,5.5,710,25.9,26.1,24.1,11.3,14.4,25,9.9,9.1,4.2,29.5916,-89.0833,653,0,5.5,29.5769,-89.0742,705,930,5.2,NA,"BL, OY, SY, TY, SE",15/0,100,98,H,,2018-05-11,2018,0,11,0,11
1584,43,2018-05-11,96,MS,051118BL-02,29.8036,-89.0056,1,5.2,1041,25.1,25.2,25.2,7.9,10.4,12.8,10.9,9,6.4,29.8153,-89.0052,1025,0,5.2,29.7967,-89.0072,1037,1208,5.2,NA,"BL, OY, SY, TY, SE",15/0,100,100,,,2018-05-11,2018,NA,NA,0,0
1585,43,2018-05-11,96,MS,051118BL-03,29.8878,-89.0786,0.9,4.1,1301,26.2,25.1,24.7,8.6,10.9,18.2,12.4,7.5,1.4,29.8954,-89.083,1238,0,4,29.8814,-89.0727,1251,1418,3.8,NA,"BL, OY, SY, TY, SE",15/0,100,100,,,2018-05-11,2018,NA,NA,0,0
1586,43,2018-05-11,96,MS,051118BL-04,30.0291,-89.0129,1.4,4.9,1512,27.3,26.1,26.1,10.8,14.4,14.2,9.7,8.3,8.5,30.0366,-89.0179,1449,0,5.2,30.0366,-89.0179,1507,1659,5.3,NA,"BL, OY, SY, TY, SE",15/0,100,100,,,2018-05-11,2018,0,24,0,24
1587,43,2018-05-11,96,MS,051118BL-05,30.1749,-88.8921,1,9.9,1759,26.4,24.2,21.5,14.1,23.8,34.1,8.8,6.8,3.1,30.1806,-88.8995,1738,0,9.1,30.1675,-88.8897,1754,1934,10.4,NA,"BL, OY, SY, TY, SE",15/0,100,100,,,2018-05-11,2018,0,8,0,8
1588,43,2018-05-18,96,MS,051818BL-01,30.269,-88.8274,1.3,6.4,912,27.3,27.1,26.6,17.8,18.3,19.9,6.4,5.9,5.6,30.2702,-88.8184,850,0,6.4,30.2695,-88.8364,906,1105,6.4,NA,"BL, OY, SY, TY, SE",15/0,100,100,,Moved out of national seashore,2018-05-18,2018,0,19,0,19
1589,43,2018-05-18,96,MS,051818BL-02,30.2425,-88.9672,1.1,6.4,1152,28.2,26.1,23.8,15.7,21.1,28.3,6.5,4.1,2.6,30.2449,-88.9577,1135,0,6.1,30.2409,-88.975,1147,1326,6.4,NA,"BL, OY, SY, TY, SE",15/0,100,100,,Moved out of national seashore,2018-05-18,2018,0,29,0,29
1590,43,2018-05-18,96,MS,051818BL-03,30.2822,-89.1754,0.8,5.5,1530,28.4,28.3,28.2,14.6,14.6,14.6,6.4,6.3,5.5,30.2824,-89.1675,1505,0,4.9,30.2746,-89.1829,1521,1654,4.9,NA,"BL, OY, SY, TY, SE",15/0,100,100,,,2018-05-18,2018,NA,NA,0,0
1591,43,2018-06-08,96,MS,060818BL-01,30.1911,-88.9272,4.9,8,1012,28.8,27.8,27.9,26,27.6,27.3,6.6,6.5,6.3,30.1836,-88.9238,949,0,8.8,30.2032,-88.9285,1009,1312,6.1,NA,"BL, OY, SY, TY, SE",15/0,100,100,,,2018-06-08,2018,0,39,0,39
1592,43,2018-06-15,96,MS,061518BL-01,30.2636,-88.4804,2.3,5.9,1010,27.7,27.7,27.6,22.7,22.9,22.8,6.1,5.6,5.7,30.2557,-88.4768,943,0,6.1,30.2708,-88.4879,1001,1206,5.9,NA,"BL, OY, SY, TY, SE",15/0,100,99,H,,2018-06-15,2018,0,24,0,24
1593,43,2018-06-15,96,MS,061518BL-02,30.2158,-88.7264,5.5,10.7,1330,28.1,28,27.8,23.8,29.5,27.5,6.6,6.1,6,30.218,-88.736,1301,0,10.4,30.2099,-88.7147,1320,1504,11.3,NA,"BL, OY, SY, TY, SE",15/0,100,100,,,2018-06-15,2018,0,1,0,1
1594,43,2018-06-26,96,MS,062618BL-01,30.098,-88.9695,2,9.3,1135,30.2,23.2,23.1,19.9,35.5,35.5,6.9,2.7,2.5,30.0918,-88.9616,1034,0,9.6,30.108,-88.973,1053,1235,9.4,NA,"BL, OY, SY, TY, SE",15/0,100,100,,,2018-06-26,2018,0,2,0,2
1595,43,2018-07-02,96,MS,070218BL-01,29.6808,-89.1561,1.6,4,700,28.9,28.7,28.8,26.4,26.6,27.1,4.4,4.3,3.6,29.673,-89.1359,634,0,4.1,29.6933,-89.1609,652,856,4,NA,"BL, OY, SY, TY, SE",15/0,100,96,H,,2018-07-02,2018,0,25,0,25
1596,43,2018-07-02,96,MS,070218BL-02,29.6174,-89.2685,1.5,4.6,944,28,28,28.1,27.1,27.2,27.9,4.1,4.1,3.1,29.6103,-89.2633,926,0,4.5,29.6262,-89.2739,940,1116,4.3,NA,"BL, OY, SY, TY, SE",15/0,100,99,H,,2018-07-02,2018,0,10,0,10
1597,43,2018-07-02,96,MS,070218BL-03,29.6264,-89.0532,1.9,5.7,1230,28.5,28.4,28.4,30.2,30.2,30.7,5.7,5.2,5,29.6213,-89.0445,1207,0,5.6,29.6336,-89.0633,1221,1355,5.6,NA,"BL, OY, SY, TY, SE",15/0,100,98,H,,2018-07-02,2018,NA,NA,0,0
1598,43,2018-07-02,96,MS,070218BL-04,29.5415,-89.0419,5,5.2,1439,28.9,28.7,28.6,30.8,31,31.5,5.4,5.8,4.9,29.5356,-89.0365,1420,0,6.1,29.552,-89.0417,1435,1559,4.9,NA,"BL, OY, SY, TY, SE",15/0,100,100,,,2018-07-02,2018,0,3,0,3
1599,43,2018-07-02,96,MS,070218BL-05,29.4668,-89.031,7.5,9.3,1648,28.2,27.3,25.2,31.7,32.9,35.1,5.7,5.4,4.8,29.4748,-89.035,1623,0,8.8,29.4575,-89.033,1638,1830,9.4,NA,"BL, OY, SY, TY, SE",15/0,100,95,H,,2018-07-02,2018,0,8,0,8
1600,43,2018-07-03,96,MS,070318BL-01,29.4337,-89.1089,5.4,5.8,705,27.8,27.7,27.8,30.4,30.4,30.6,5.1,5.1,5,29.4284,-89.0969,646,0,6.1,29.4365,-89.1185,700,844,5.8,NA,"BL, OY, SY, TY, SE",15/0,100,98,H,,2018-07-03,2018,0,4,0,4
1601,43,2018-07-03,96,MS,070318BL-02,29.9319,-88.794,7.3,9.3,1116,28.7,28.4,28.5,29.1,29.3,29.1,5.9,5.9,5.7,29.9342,-88.8016,1057,0,8.1,29.9279,-88.7846,1111,1244,11.2,NA,"BL, OY, SY, TY, SE",15/0,100,100,,,2018-07-03,2018,NA,NA,0,0
1602,43,2018-07-03,96,MS,070318BL-03,30.2575,-89.166,3.8,5,1444,28.2,28.2,28.1,27.6,23.4,23.6,6.2,6.4,6.2,30.2576,-89.1728,1446,0,5,30.2481,-89.1585,1440,1610,4.1,NA,"BL, OY, SY, TY, SE",15/0,100,100,,,2018-07-03,2018,0,1,0,1
1603,43,2018-07-03,96,MS,070318BL-04,30.2579,-88.9184,3.8,5.8,1715,27.4,27.4,27.4,28.3,28.3,28.3,5.8,5.9,5.8,30.2636,-88.9284,1653,0,5.8,30.2495,-88.9153,1707,1839,5.8,NA,"BL, OY, SY, TY, SE",15/0,100,100,,,2018-07-03,2018,0,1,0,1
1604,43,2018-07-19,96,MS,071918BL-01,30.2967,-88.8146,1.3,5,956,28.7,28.4,27.8,28,30.1,32.2,5.9,4.1,4.1,30.3005,-88.8068,935,0,4.1,30.2957,-88.8265,948,1130,5.1,NA,"BL, OY, SY, TY, SE",15/0,100,100,,,2018-07-19,2018,0,24,0,24
1605,43,2018-08-08,96,MS,080818BL-01,29.6368,-89.1565,1.5,4.7,703,29.6,29.5,29.5,26.8,26.8,26.8,6,5.8,6,29.6433,-89.1549,647,0,4.8,29.6265,-89.1586,701,1016,4.8,NA,"BL, OY, SY, TY, SE",15/0,100,87,"A, B, H",Mainline cut in half. Picked up again at 10:05. HF1 lat/long updated JH 12/8/23,2018-08-08,2018,0,20,0,20
1606,43,2018-08-08,96,MS,080818BL-02,29.6,-89.2016,0.9,5,1101,29.9,29.6,29.7,21.9,26.4,26.6,7.7,5.2,4.9,29.6061,-89.2046,1036,0,4.9,29.5929,-89.2057,1053,1316,5.2,NA,"BL, OY, SY, TY, SE",15/0,100,95,H,,2018-08-08,2018,0,35,0,35
1607,43,2018-08-08,96,MS,080818BL-03,29.5458,-89.1039,1.1,5.5,1400,29.8,29.3,29.1,28.8,30.2,30.8,7.9,6.6,6,29.5468,-89.1128,1342,0,5.9,29.5416,-89.0976,1345,1522,5,NA,"BL, OY, SY, TY, SE",15/0,100,97,H,,2018-08-08,2018,0,3,0,3
1608,43,2018-08-08,96,MS,080818BL-04,29.4785,-89.0721,1.4,4.7,1601,29.9,29.2,29.1,29.2,30.7,31.1,8.6,7.4,7.1,29.4809,-89.0778,1542,0,4.6,29.4727,-89.0623,1554,1754,5.3,NA,"BL, OY, SY, TY, SE",15/0,100,98,H,,2018-08-08,2018,NA,NA,0,0
1609,43,2018-08-09,96,MS,080918BL-01,29.6179,-88.921,5.5,10.5,710,29.3,28.6,27.8,31.8,32.6,32.9,6.9,7,6.8,29.6251,-88.9191,647,0,10.2,29.6103,-88.9262,701,843,10.1,NA,"BL, OY, SY, TY, SE",15/0,100,100,,,2018-08-09,2018,NA,NA,0,0
1610,43,2018-08-09,96,MS,080918BL-02,29.7296,-88.8499,5.2,10.2,933,28.9,28.3,28,32.3,32.7,33,7.1,7.2,6.9,29.7372,-88.8442,913,0,10.7,29.7246,-88.8584,927,1059,9.6,NA,"BL, OY, SY, TY, SE",15/0,100,100,,,2018-08-09,2018,NA,NA,0,0
1611,43,2018-08-09,96,MS,080918BL-03,29.9182,-88.7888,3.4,10.5,1208,29.7,28.4,26.7,31.9,33.1,34.6,7,7.6,5.8,29.9268,-88.7905,1147,0,10.5,29.9095,-88.7933,1200,1331,10.4,NA,"BL, OY, SY, TY, SE",15/0,100,100,,,2018-08-09,2018,NA,NA,0,0
1612,43,2018-08-09,96,MS,080918BL-04,30.0213,-88.979,2.2,7.1,1456,30.9,30.3,28.8,28.4,29.2,31.4,7.4,7.5,4.9,30.0286,-88.9792,1438,0,7.2,30.0127,-88.9815,1449,1641,6.7,NA,"BL, OY, SY, TY, SE",15/0,100,99,H,,2018-08-09,2018,0,4,0,4
1613,43,2018-08-09,96,MS,080918BL-05,30.2507,-89.1534,0.9,3.4,1805,30.8,30.8,30.8,27,26.9,27,7.7,7.6,7.5,30.2569,-89.148,1748,0,4,30.2471,-89.1613,1800,1944,3.5,NA,"BL, OY, SY, TY, SE",15/0,100,97,H,Boat went off course to line up with the wind better,2018-08-09,2018,0,11,0,11
1614,43,2018-08-10,96,MS,081018BL-01,30.2233,-88.7644,6.3,8.5,950,28.6,28.4,27.3,32,32,33.9,6.8,6.8,4.9,30.2224,-88.7586,927,0,9.1,30.2264,-88.7784,940,1111,5.5,NA,"BL, OY, SY, TY, SE",15/0,100,100,,,2018-08-10,2018,NA,NA,0,0
1615,43,2018-08-10,96,MS,081018BL-02,30.2924,-88.891,1.4,5.2,1210,29.9,29.8,29.8,30.2,30.4,30.2,6.2,5.7,6.3,30.2939,-88.8838,1148,0,5.8,30.2923,-88.9052,1200,1333,5.5,NA,"BL, OY, SY, TY, SE",15/0,100,100,,,2018-08-10,2018,NA,NA,0,0
1616,43,2018-08-10,96,MS,081018BL-03,30.2225,-89.0115,2.9,5.1,1418,29.4,29.2,29.2,30.9,31.1,31.2,7.1,6.5,6.4,30.2286,-89.0052,1359,0,5.2,30.2177,-89.022,1411,1540,5.8,NA,"BL, OY, SY, TY, SE",15/0,100,100,,,2018-08-10,2018,0,2,0,2
1617,44,2019-04-23,96,MS,042319BL-01,30.2741,-88.466,1.6,4.8,859,20.1,19.8,19.4,13.1,20.1,23.7,8.8,6.5,5.2,30.2738,-88.4649,827,0,5.3,30.2814,-88.4475,843,1011,3.8,NA,"BL, OY, SY, TY, SE",15/0,100,100,,,2019-04-23,2019,0,3,0,3
1618,44,2019-04-23,96,MS,042319BL-02,30.2114,-88.6748,4.2,11.1,1118,20.6,19.7,19.4,20.6,25.6,27.5,7.6,7.2,6.5,30.2158,-88.6826,1100,0,10.7,30.2158,-88.6826,1113,1238,11.4,NA,"BL, OY, SY, TY, SE",15/0,100,100,,,2019-04-23,2019,0,6,0,6
1619,44,2019-04-23,96,MS,042319BL-03,30.2203,-89.0218,1.6,5.5,1401,21.7,19.8,19.2,10.3,19.7,24.6,9.1,6.6,5.7,30.2265,-89.0265,1343,0,4.7,30.2138,-89.0133,1356,1524,6.7,NA,"BL, OY, SY, TY, SE",15/0,100,100,,,2019-04-23,2019,0,4,0,4
1620,44,2019-04-23,96,MS,042319BL-04,30.2886,-89.1478,1.1,4.7,1619,20.6,20.1,19.2,5.6,9.1,17.6,8.8,7.4,1.4,30.2944,-89.1513,1554,0,4.6,30.2849,-89.1355,1607,1728,4.7,NA,"BL, OY, SY, TY, SE",15/0,100,100,,,2019-04-23,2019,NA,NA,0,0
1621,44,2019-05-07,96,MS,050719BL-01,29.5143,-89.0239,3.1,7.7,709,24.3,24.5,21.9,20.6,22.1,28.9,7.2,6.8,2.7,29.5182,-89.014,648,0,9.1,29.5119,-89.0338,700,924,7.3,NA,"BL, OY, SY, TY, SE",15/0,100,100,,,2019-05-07,2019,0,14,0,14
1622,44,2019-05-07,96,MS,050719BL-02,29.5532,-88.9709,4,9.7,1022,24.7,24.4,20.8,20,22.8,32.1,7.6,6.9,1.9,29.5569,-88.9786,1004,0,9.1,29.5491,-88.9628,1016,1355,10.4,NA,"BL, OY, SY, TY, SE",15/0,100,100,,"Moved station to be far enough away from other stations, moved 2.3 miles",2019-05-07,2019,0,5,0,5
1623,44,2019-05-07,96,MS,050719BL-03,29.6148,-88.9485,3.1,9.4,1235,25.1,24.6,20.8,19.4,19.9,32,8.4,7.7,2.1,29.6134,-88.958,1217,0,9,29.6128,-88.9361,1229,1412,10.4,NA,"BL, OY, SY, TY, SE",15/0,100,100,,,2019-05-07,2019,NA,NA,0,0
1624,44,2019-05-07,96,MS,050719BL-04,29.718,-88.9995,1.2,4.5,1519,25.7,25.7,25.6,12,12,11.3,10.6,10.5,10.3,29.7165,-89.0095,1452,0,4.1,29.7157,-88.9892,1503,1643,5.2,NA,"BL, OY, SY, TY, SE",15/0,100,100,,,2019-05-07,2019,NA,NA,0,0
1625,44,2019-05-07,96,MS,050719BL-05,29.8224,-89.117,0.8,4,1733,25.5,25.5,24.3,6.1,6,6.6,9.4,10,5.8,29.8246,-89.1251,1716,0,4.4,29.8169,-89.1092,1727,1853,3.8,NA,"BL, OY, SY, TY, SE",15/0,100,100,,,2019-05-07,2019,NA,NA,0,0
1626,44,2019-05-08,96,MS,050819BL-01,29.8884,-88.9651,1.2,6.2,703,24.1,24.1,24.1,10.8,10.7,11,5.8,5.6,5.5,29.8958,-88.9671,642,0,6.4,29.8793,-88.9633,657,824,6.1,NA,"BL, OY, SY, TY, SE",15/0,100,100,,,2019-05-08,2019,NA,NA,0,0
1627,44,2019-05-08,96,MS,050819BL-02,29.9256,-89.1076,1.1,4.6,905,24.8,24.6,24.7,7.6,7.6,7.6,6.2,6.1,6.2,29.9267,-89.0772,850,0,4.3,29.9152,-89.0718,903,1027,4.6,NA,"BL, OY, SY, TY, SE",15/0,100,100,,,2019-05-08,2019,NA,NA,0,0
1628,44,2019-05-08,96,MS,050819BL-03,29.9964,-89.0143,1.3,5.6,1110,24.4,24.4,22.2,10.2,10.1,19.7,7,6.8,1.3,30.0007,-89.0177,1050,0,5.8,29.9891,-89.0079,1103,1244,6.1,NA,"BL, OY, SY, TY, SE",15/0,100,100,,,2019-05-08,2019,NA,NA,0,0
1629,44,2019-05-08,96,MS,050819BL-04,30.1068,-89.0277,1.8,7.7,1329,24.7,24.6,21.5,11,11.1,23.4,8,7.9,3,30.1111,-89.0325,1310,0,7.8,30.0967,-89.0237,1322,1451,7.6,NA,"BL, OY, SY, TY, SE",15/0,100,100,,,2019-05-08,2019,NA,NA,0,0
1630,44,2019-06-04,96,MS,060419BL-01,30.217,-88.7258,1.2,10.8,943,29.8,26.3,22.5,7.8,29.7,33.2,8.2,4,0.8,30.2178,-88.7358,920,0,10.7,30.214,-88.714,933,1223,10.7,NA,"BL, OY, SY, TY, SE",15/0,100,100,,,2019-06-04,2019,0,25,0,25
1631,44,2019-06-04,96,MS,060419BL-02,30.2488,-88.6081,1,4.7,1420,29.7,27.9,28,6.8,10.4,10.4,7.7,2.5,2.4,30.2495,-88.6182,1352,0,5,30.2462,-88.594,1407,1540,5.2,NA,"BL, OY, SY, TY, SE",15/0,100,100,,,2019-06-04,2019,NA,NA,0,0
1632,44,2019-06-12,96,MS,061219BL-01,30.014,-88.9294,3.7,7.6,1021,25.9,21.8,21.7,23.4,33,33.2,6.3,0.3,0.2,30.0067,-88.937,956,0,7.3,30.0228,-88.9187,1012,1153,7.8,NA,"BL, OY, SY, TY, SE",15/0,100,100,,,2019-06-12,2019,0,5,0,5
1633,44,2019-06-12,96,MS,061219BL-02,30.0472,-89.0117,3.7,5.7,1235,26.1,24.4,22.9,23.8,27.9,30.6,6.7,3.8,0.9,30.041,-89.015,1216,0,5.6,30.0545,-89.0055,1229,1353,6.1,NA,"BL, OY, SY, TY, SE",15/0,100,100,,,2019-06-12,2019,0,1,0,1
1634,44,2019-06-25,96,MS,062519BL-01,29.7397,-88.8296,1.4,9.9,1057,27,25,21.9,26.9,32.5,34.8,8.1,2.8,0.4,29.7461,-88.8286,1034,0,9.8,29.7262,-88.8342,1048,1246,10.1,NA,"BL, OY, SY, TY, SE",15/0,100,100,,,2019-06-25,2019,NA,NA,0,0
1635,44,2019-06-28,96,MS,062819BL-01,30.3176,-89.1539,0.8,3.9,927,28.8,28.9,29.2,5.8,6.5,9.1,6.5,5.7,4,30.3114,-89.1601,907,0,4.6,30.3242,-89.147,923,1053,3.7,NA,"BL, OY, SY, TY, SE",15/0,100,100,,,2019-06-28,2019,NA,NA,0,0
1636,44,2019-06-28,96,MS,062819BL-02,30.1841,-89.004,16.8,8.3,1151,29.6,29.4,28.8,17.9,18.6,22.9,8,7.6,4.8,30.1773,-89.0051,1132,0,8.4,30.1921,-89.001,1144,1320,8.1,NA,"BL, OY, SY, TY, SE",15/0,100,100,,,2019-06-28,2019,NA,NA,0,0
1637,44,2019-06-28,96,MS,062819BL-03,30.3028,-88.946,1,4.7,1410,29.7,29.1,27.4,10.6,12.2,25,9.8,8.2,2,30.3088,-88.9429,1351,0,4.6,30.2959,-88.9525,1404,1530,4.9,NA,"BL, OY, SY, TY, SE",15/0,100,100,,,2019-06-28,2019,NA,NA,0,0
1638,44,2019-07-20,96,MS,072019BL-01,29.2398,-89.0243,1,9.8,701,29.7,26.9,26.8,4.5,27.3,30.7,7.4,2.7,3.1,29.2484,-89.0301,640,0,10.1,29.2313,-89.0207,655,1104,9.2,NA,"BL, OY, SY, TY, SE",15/0,100,100,"A, B","Mainline bit in half, had to haul from other end",2019-07-20,2019,NA,NA,0,0
1639,44,2019-07-20,96,MS,072019BL-02,29.4591,-89.0374,1,9.3,1218,30.1,28.2,27.2,11.2,29.5,31.3,9.4,5.5,4.1,29.462,-89.0434,1156,0,7.9,29.4571,-89.0271,1210,1354,10.7,NA,"BL, OY, SY, TY, SE",15/0,100,100,,Moved station 1.86nm to get to acceptable depth,2019-07-20,2019,0,1,0,1
1640,44,2019-07-20,96,MS,072019BL-03,29.5646,-89.0893,1.5,5.5,1452,30.6,29.2,28.7,8.7,19,27.6,11,6.3,6.7,29.5715,-89.0928,1430,0,5.9,29.5578,-89.086,1442,1644,5.2,NA,"BL, OY, SY, TY, SE",15/0,100,100,,,2019-07-20,2019,0,8,0,8
1641,44,2019-07-26,96,MS,072619BL-01,29.6803,-89.1648,0.4,4.4,1028,28.6,28.5,28.4,14.2,14.2,14.2,6.8,6.4,6.3,29.6873,-89.1746,1010,0,4.4,29.6767,-89.1582,1022,1206,4.7,NA,"BL, OY, SY, TY, SE",15/0,100,100,"A, B",Mainline broke 12:06,2019-07-26,2019,NA,NA,0,0
1642,44,2019-08-12,96,MS,081219BL-01,29.4,-89.0817,0.9,7.2,720,29.7,29.8,26.5,6.8,23,34.7,7.5,5.4,2.1,29.3961,-89.0898,700,0,7.3,29.4079,-89.0738,712,838,6.4,NA,"BL, OY, SY, TY, SE",15/0,100,100,,,2019-08-12,2019,0,2,0,2
1643,44,2019-08-12,96,MS,081219BL-02,29.5228,-88.9639,2.4,11.1,936,30.1,26.8,26.6,21.2,35.4,35.6,6.4,2.7,2.4,29.5171,-88.9625,913,0,10.7,29.5313,-88.9665,925,1101,10.5,NA,"BL, OY, SY, TY, SE",15/0,100,100,,,2019-08-12,2019,0,3,0,3
1644,44,2019-08-12,96,MS,081219BL-03,29.5812,-89.0065,1.5,5.1,1152,30.1,30,29.9,21.3,21.5,23.2,6.4,5.9,4.3,29.5766,-89.0028,1135,0,5.9,29.587,-89.0138,1147,1402,3.9,NA,"BL, OY, SY, TY, SE",15/0,100,100,,,2019-08-12,2019,0,5,0,5
1645,44,2019-08-12,96,MS,081219BL-04,29.6566,-89.1349,1.5,4.1,1455,30.5,30.4,29.5,20.5,20.4,23,7.7,7.4,1.6,29.6622,-89.1361,1435,0,4.1,29.6472,-89.1355,1447,1615,4.3,NA,"BL, OY, SY, TY, SE",15/0,100,100,,,2019-08-12,2019,0,3,0,3
1646,44,2019-08-12,96,MS,081219BL-05,29.7453,-89.0172,1.1,3.7,1711,30.4,30.3,30.1,19.3,19.3,19.4,5.9,5.2,4.9,29.7527,-89.0149,1647,0,4,29.7364,-89.0227,1700,1829,3.6,NA,"BL, OY, SY, TY, SE",15/0,100,100,,,2019-08-12,2019,0,1,0,1
1647,44,2019-08-13,96,MS,081319BL-01,29.7486,-88.8345,2.5,10.2,710,30.1,27.1,27.3,22.2,33.8,33.2,6.2,0.8,1.4,29.7509,-88.827,653,0,10.2,29.7467,-88.8423,705,845,10,NA,"BL, OY, SY, TY, SE",15/0,100,100,,,2019-08-13,2019,NA,NA,0,0
1648,44,2019-08-13,96,MS,081319BL-02,29.9806,-88.979,1.4,6.3,1034,30.4,30.2,26.6,16.9,17.3,33.6,6.8,6.2,0.5,29.9847,-88.9692,1019,0,6.3,29.9777,-88.9858,1031,1159,6.2,NA,"BL, OY, SY, TY, SE",15/0,100,100,,,2019-08-13,2019,NA,NA,0,0
1649,44,2019-08-13,96,MS,081319BL-03,30.0361,-89.1208,1.1,3.5,1244,30.4,30.3,29.9,12.8,14.3,17.7,7.3,6.3,4.5,30.0369,-89.1134,1226,0,3.8,30.0358,-89.1323,1238,1403,3,NA,"BL, OY, SY, TY, SE",15/0,100,100,,,2019-08-13,2019,NA,NA,0,0
1650,44,2019-09-12,96,MS,091219BL-01,30.2297,-88.4096,1.4,6.5,829,30.4,30.3,30.3,26.5,26.4,26.6,5.3,5.1,5.1,30.2238,-88.4135,804,0,6.1,30.237,-88.4023,818,945,6.4,NA,"BL, OY, SY, TY, SE",15/0,100,100,,Moved station north out of National Seashore Park,2019-09-12,2019,0,1,0,1
1651,44,2019-09-12,96,MS,091219BL-02,30.2549,-88.6388,1.8,4,1045,30.4,30.3,30.3,26.8,26.8,26.8,5.9,5.9,5.4,30.2481,-88.6385,1026,0,4.7,30.2643,-88.6376,1038,1201,4,NA,"BL, OY, SY, TY, SE",15/0,100,100,,,2019-09-12,2019,0,1,0,1
1652,44,2019-09-12,96,MS,091219BL-03,30.1796,-88.9327,2.2,8.7,1316,30.8,30.6,30.6,25.5,25.6,26.8,6.8,6.2,5.2,30.1778,-88.9395,1258,0,8.8,30.1781,-88.9216,1310,1454,9,NA,"BL, OY, SY, TY, SE",15/0,100,100,,,2019-09-12,2019,NA,NA,0,0
1653,44,2019-09-12,96,MS,091219BL-04,30.3159,-89.0197,0.8,4.5,1545,32.7,31.1,30.6,24.2,24.1,24.4,8.2,7.4,5.2,30.3164,-89.0283,1530,0,4.4,30.3164,-89.0123,1542,1706,4.6,NA,"BL, OY, SY, TY, SE",15/0,100,100,,,2019-09-12,2019,NA,NA,0,0
1654,44,2019-09-12,96,MS,091219BL-05,30.3022,-88.9317,0.9,4.9,1745,31.4,30.8,30.8,24.7,24.7,25.1,7.1,5.7,4.2,30.3014,-88.9384,1726,0,4.9,30.2998,-88.9213,1738,1900,5,NA,"BL, OY, SY, TY, SE",15/0,100,100,,,2019-09-12,2019,NA,NA,0,0
1655,45,2020-07-27,96,MS,072720BL-01,29.8464,-89.0927,1.3,3.7,1004,27,27,26.9,25.6,25.6,25.6,4.4,4.4,4.6,29.8429,-89.1004,942,0,4,29.8479,-89.0826,954,1145,4.3,NA,"BL, OY, SY, TY, SE",15/0,100,100,,,2020-07-27,2020,0,3,0,3
1656,45,2020-07-27,96,MS,072720BL-02,29.9846,-89.1198,1,3.2,1242,26.9,26.9,26.8,23.9,23.9,23.9,4.4,4.3,4.6,29.9898,-89.1232,1216,0,3,29.9773,-89.1102,1229,1401,3.5,NA,"BL, OY, SY, TY, SE",15/0,100,100,,,2020-07-27,2020,0,1,0,1
1657,45,2020-07-27,96,MS,072720BL-03,30.0842,-89.0578,1,5.1,1451,27.1,27.1,27.1,23.1,23.1,23.2,6,5.9,5.5,30.0911,-89.0592,1428,0,5.5,30.0743,-89.0627,1442,1630,4.7,NA,"BL, OY, SY, TY, SE",15/0,100,100,"A, B",Line snapped in half during haul back @ 15:56. Finished pickup from HF2,2020-07-27,2020,NA,NA,0,0
1658,45,2020-07-28,96,MS,072820BL-01,30.2751,-88.5431,1.2,4.8,1000,27.2,27.2,27.6,23.2,23.5,25.8,5,4.6,4.6,30.2826,-88.539,924,0,4.3,30.2697,-88.551,952,1118,4.9,NA,"BL, OY, SY, TY, SE",15/0,100,100,,,2020-07-28,2020,NA,NA,0,0
1659,45,2020-07-28,96,MS,072820BL-02,30.3172,-88.8853,1.6,4.6,1238,27.6,27.5,27.3,16,21.1,24,6,4.9,3.8,30.325,-88.8835,1221,0,4.4,30.3097,-88.8904,1233,1356,4.9,NA,"BL, OY, SY, TY, SE",15/0,100,100,,Moved .5 mile East,2020-07-28,2020,NA,NA,0,0
1660,45,2020-07-28,96,MS,072820BL-03,30.3271,-88.9762,0.7,4.2,1435,27.4,27.2,27,19,19.9,20.4,6.2,5,4.8,30.3336,-88.9789,1417,0,4.1,30.316,-88.974,1428,1604,4.4,NA,"BL, OY, SY, TY, SE",15/0,100,100,,,2020-07-28,2020,NA,NA,0,0
1661,45,2020-07-30,96,MS,073020BL-01,29.3667,-89.1305,1.4,9.2,1129,29.3,29.2,27.8,24.1,23,32.8,4.3,4.1,2.8,29.3665,-89.1257,1110,0,9.6,29.3721,-89.142,1122,1256,8.8,NA,"BL, OY, SY, TY, SE",15/0,100,100,,,2020-07-30,2020,NA,NA,0,0
1662,45,2020-07-30,96,MS,073020BL-02,29.5828,-89.2423,1.1,4.7,1409,29.2,28.9,28.8,15.5,22.6,24,5.5,3.7,3.6,29.5863,-89.2351,1352,0,4.7,29.5787,-89.2504,1407,1544,4.4,NA,"BL, OY, SY, TY, SE",15/0,100,100,,,2020-07-30,2020,NA,NA,0,0
1663,45,2020-07-31,96,MS,073120BL-01,29.7942,-88.8251,2,8.8,1150,28.8,28.5,28.5,27.5,31.5,31.9,4.8,3.2,3.1,29.7991,-88.8166,1130,0,9.9,29.7944,-88.8342,1142,1315,8.5,NA,"BL, OY, SY, TY, SE",15/0,100,98,H,Moved station to get in acceptable depth,2020-07-31,2020,NA,NA,0,0
1664,45,2020-07-31,96,MS,073120BL-02,29.902,-88.8018,1.8,7.7,1516,30.2,29.2,28.6,20.2,25.9,30.5,8.3,6.2,3.2,29.9121,-88.8029,1454,0,7.6,29.894,-88.8012,1509,1636,7.6,NA,"BL, OY, SY, TY, SE",15/0,100,99,H,,2020-07-31,2020,NA,NA,0,0
1665,45,2020-08-03,96,MS,080320BL-01,29.7476,-89.0829,1.4,5.4,947,29.7,29.7,29.3,22.6,22.4,23.9,5,5,3.4,29.7477,-89.0769,930,0,5.2,29.7487,-89.0943,943,1127,4.9,NA,"BL, OY, SY, TY, SE",15/0,100,100,,Summer station,2020-08-03,2020,NA,NA,0,0
1666,45,2020-08-03,96,MS,083020BL-02,30.2811,-89.1673,1.8,4.8,1346,30.5,29,28.8,15.9,20.2,21.4,5.2,3.2,2.5,30.2823,-89.1591,1328,0,4.9,30.2783,-89.1778,1340,1508,4.6,NA,"BL, OY, SY, TY, SE",15/0,100,100,,Summer station,2020-08-03,2020,NA,NA,0,0
1667,45,2020-08-19,96,MS,081920BL-01,29.2632,-89.054,1,8.9,1146,31.1,26,24.6,11.5,33.8,36,7,1.7,1.4,29.2685,-89.049,1126,0,9.6,29.2551,-89.0621,1138,1313,7.8,NA,"BL, OY, SY, TY, SE",15/0,100,94,H,,2020-08-19,2020,NA,NA,0,0
1668,45,2020-08-19,96,MS,081920BL-02,29.53,-88.9768,2,9.8,1430,30.8,26.8,25.8,25.7,34.2,35.7,4.1,2,1.9,29.5361,-88.9736,1409,0,9.9,29.5366,-88.9887,1421,1543,9.8,NA,"BL, OY, SY, TY, SE",15/0,100,100,,,2020-08-19,2020,0,1,0,1
1669,45,2020-08-21,96,MS,082120BL-01,29.7514,-89.0398,1.2,5.2,1003,29.3,29.2,29.1,21.2,22.2,23.3,3.7,3.5,3.3,29.7582,-89.0352,944,0,5.2,29.7432,-89.0442,957,1144,5,NA,"BL, OY, SY, TY, SE",15/0,100,90,H,,2020-08-21,2020,NA,NA,0,0
1670,45,2020-08-21,96,MS,082120BL-02,29.864,-89.0864,1.1,3.9,1230,29.9,29.8,29.5,22.6,22.7,24,3.6,3.2,2.9,29.8597,-89.079,1210,0,4.1,29.8678,-89.0985,1223,1348,3.7,NA,"BL, OY, SY, TY, SE",15/0,100,100,,Moved 0.5 E to avoid Pogy boats,2020-08-21,2020,NA,NA,0,0
1671,45,2020-08-21,96,MS,082120BL-03,30.0361,-88.9725,1,8.1,1454,30.6,28.8,26.3,24.3,28.2,35.1,4.6,2.7,2.4,30.0436,-88.9769,1434,0,8.1,30.0273,-88.9659,1446,1615,8.1,NA,"BL, OY, SY, TY, SE",15/0,100,100,,,2020-08-21,2020,NA,NA,0,0
1672,45,2020-09-25,96,MS,092520BL-01,30.2006,-89.0396,1.3,7.6,836,23.8,23.5,23.4,26.8,26.9,26.9,6.4,6.3,6.1,30.1933,-89.0387,815,0,8.1,30.2084,-89.0413,827,1006,6.9,NA,"BL, OY, SY, TY, SE",15/0,100,100,,"Grabbed wrong YSI, no PH",2020-09-25,2020,0,13,0,13
1673,45,2020-09-25,96,MS,092520BL-02,30.3003,-89.1531,1.1,4.6,1102,24,23.7,23.7,20,20.1,23.6,6.8,7,5.9,30.2936,-89.1523,1041,0,4.7,30.3084,-89.1566,1054,1220,4.4,NA,"BL, OY, SY, TY, SE",15/0,100,100,,"Grabbed wrong YSI, no PH",2020-09-25,2020,NA,NA,0,0
1674,45,2020-09-25,96,MS,092520BL-03,30.2978,-89.0756,1.3,4.3,1305,24.7,24,24,21.7,21.9,22.1,7,7.3,7,30.3044,-89.0726,1244,0,4,30.2894,-89.0828,1258,1426,4.7,NA,"BL, OY, SY, TY, SE",15/0,100,100,,"Moved off station ~1 mile NW because too close to channel. Grabbed wrong YSI, no PH",2020-09-25,2020,NA,NA,0,0
1675,45,2020-09-25,96,MS,092520BL-04,30.2406,-88.9478,1.7,5.8,1516,24.4,24.4,24.1,24.2,24.5,26.6,8.9,8.6,6.6,30.2465,-88.942,1454,0,5.6,30.2367,-88.9568,1508,1641,5.9,NA,"BL, OY, SY, TY, SE",15/0,100,100,,"Grabbed wrong YSI, no PH",2020-09-25,2020,NA,NA,0,0
1676,45,2020-09-27,96,MS,092720BL-01,29.622,-88.9292,2.2,9.8,1026,26.9,26.6,26.1,30.1,30.1,30.3,7.6,7.4,6.2,29.6211,-88.9263,1003,0,10.2,29.6352,-88.9354,1017,1147,9.3,NA,"BL, OY, SY, TY, SE",15/0,100,100,,"Station too deep, moved ~1.27 miles NW",2020-09-27,2020,NA,NA,0,0
1677,45,2020-09-27,96,MS,092720BL-02,29.7101,-88.8525,3,10.1,1235,26.5,26.1,25.6,29.3,29.6,29.9,7.8,7.9,6.2,29.7029,-88.8482,1214,0,10.2,29.7174,-88.8547,1228,1359,10.1,NA,"BL, OY, SY, TY, SE",15/0,100,100,,"Station too deep, moved 3.5 miles NNW",2020-09-27,2020,0,1,0,1
1678,45,2020-09-28,96,MS,092820BL-01,30.2087,-88.6037,3.4,10.4,1029,26.3,26.2,25.7,26.9,27.9,29.3,8,7.3,5,30.2126,-88.6035,1005,0,9.4,30.1985,-88.6139,1020,1144,10.7,NA,"BL, OY, SY, TY, SE",15/0,100,100,,,2020-09-28,2020,0,1,0,1
1679,45,2020-09-28,96,MS,092820BL-02,29.9815,-88.7937,2,10.4,1303,27.1,26.1,24.9,28.8,29,29.7,8.5,8.5,5.7,29.9879,-88.7997,1243,0,9.8,29.9716,-88.7915,1257,1424,10.7,NA,"BL, OY, SY, TY, SE",15/0,100,100,,,2020-09-28,2020,NA,NA,0,0
1680,46,2021-04-05,96,MS,040521BL-01,29.7104,-88.8859,5.8,8.1,929,18.5,18.7,19,31.8,32.3,32.7,8.6,8,7.8,29.7104,-88.8859,910,1025,7.6,29.7146,-88.8648,923,1057,9.1,NA,"BL, OY, SY, TY, SE",15/0,100,100,,Moved W 5.03nm because station was too deep,2021-04-05,2021,0,2,0,2
1681,46,2021-04-05,96,MS,040521BL-02,29.7253,-88.8327,5.2,10.4,1129,18.9,18.9,19,31.7,32.2,32.5,8.8,8,7.9,29.7285,-88.8403,1112,1226,10.2,29.7207,-88.824,1124,1254,10.7,NA,"BL, OY, SY, TY, SE",15/0,100,100,,Moved W 3.45nm because station was too deep,2021-04-05,2021,NA,NA,0,0
1682,46,2021-04-05,96,MS,040521BL-03,30.2553,-88.6392,2.8,4,1525,18.3,19.8,18.4,22.6,18.1,26.4,9.2,10,7.6,30.2586,-88.6456,1507,1620,4.4,30.2489,-88.6299,1519,1648,4.3,NA,"BL, OY, SY, TY, SE",15/0,100,100,,,2021-04-05,2021,0,3,0,3
1683,46,2021-04-06,96,MS,040621BL-01,29.3086,-89.0832,0.7,8.2,1056,17.8,17.9,18.6,2,18.6,29.2,8.9,7.7,6.6,29.3139,-89.0931,1036,1151,7.5,29.3017,-89.0741,1050,1247,8.4,NA,"BL, OY, SY, TY, SE",15/0,100,100,,"Line was 1.22 miles, really bad knot in 2nd barrel",2021-04-06,2021,0,9,0,9
1684,46,2021-05-05,96,MS,050521BL-01,29.5173,-89.1346,0.4,7.9,1227,23.8,23,21.3,9.1,16.8,31.6,8.3,7,5.3,29.5147,-89.1345,1019,1135,8.1,29.5296,-89.1313,1032,1225,6.8,NA,"BL, OY, SY, TY, SE",15/0,100,100,,,2021-05-05,2021,0,7,0,7
1685,46,2021-05-05,96,MS,050521BL-02,30.1671,-89.1347,0.9,6.1,1504,24.3,24.4,23.7,7.7,8.7,14,8.8,8.5,7,30.1615,-89.1316,1443,1556,6.1,30.1769,-89.1408,1457,1632,4.1,NA,"BL, OY, SY, TY, SE",15/0,100,100,,,2021-05-05,2021,NA,NA,0,0
1686,46,2021-05-07,96,MS,050721BL-01,30.2049,-88.9254,0.7,5.9,735,23.4,23,23.1,11,14.5,15.6,8.7,8.4,7.9,30.2038,-88.9174,717,830,6.4,30.2046,-88.9358,730,858,6.1,NA,"BL, OY, SY, TY, SE",15/0,100,100,,,2021-05-07,2021,0,9,0,9
1687,46,2021-05-07,96,MS,050721BL-02,30.0633,-88.9805,1.1,7.9,950,24.2,24,20.8,14.3,14.8,27.3,8.4,8,2.5,30.0618,-88.9721,930,1042,8.4,30.0684,-88.9902,942,1108,7.5,NA,"BL, OY, SY, TY, SE",15/0,100,100,,,2021-05-07,2021,0,3,0,3
1688,46,2021-05-07,96,MS,050721BL-03,29.9289,-88.9465,1.5,5.9,1159,24.3,24.3,24.3,11.6,13.4,15.5,8.7,8.7,7.8,29.9255,-88.9402,1140,1253,5.9,29.9363,-88.9554,1153,1323,5.8,NA,"BL, OY, SY, TY, SE",15/0,100,100,,,2021-05-07,2021,NA,NA,0,0
1689,46,2021-05-11,96,MS,051121BL-01,29.6394,-89.173,1,4.3,927,23.8,23.9,23.8,8.6,13.2,14.7,7.9,6.2,5.2,29.6404,-89.1809,908,1010,4.3,29.6323,-89.1642,921,1059,4.4,NA,"BL, OY, SY, TY, SE",15/0,100,100,,,2021-05-11,2021,0,2,0,2
1690,46,2021-05-11,96,MS,051121BL-02,29.7228,-89.1234,1,4.4,1135,24,24,24,7.7,9,11.9,7.5,6.7,5.4,29.7165,-89.1275,1119,1225,4.4,29.7312,-89.1198,1130,1255,4.4,NA,"BL, OY, SY, TY, SE",15/0,100,100,,,2021-05-11,2021,NA,NA,0,0
1691,46,2021-05-11,96,MS,051121BL-03,29.6964,-89.0354,1.3,4.1,1334,24.2,24.1,24.1,8.4,11.2,10.6,9,8.4,8.4,29.6875,-89.0376,1315,1420,4.4,29.7018,-89.033,1328,1447,4,NA,"BL, OY, SY, TY, SE",15/0,100,100,,,2021-05-11,2021,0,2,0,2
1692,46,2021-06-04,96,MS,060421BL-01,29.8208,-89.0601,1,4.7,1053,27.3,27,26,6.9,9.4,19.5,11.4,10.1,5.1,29.8271,-89.0644,1029,1140,4.6,29.8087,-89.0632,1042,1211,4.9,NA,"BL, OY, SY, TY, SE",15/0,100,100,,,2021-06-04,2021,0,1,0,1
1693,46,2021-06-04,96,MS,060421BL-02,29.9301,-89.0031,3.6,5.4,1301,27.7,26.7,25,12.2,14.2,23.3,9.2,8.1,1.1,29.9354,-89.0121,1241,1355,5,29.9201,-88.9994,1254,1437,5.3,NA,"BL, OY, SY, TY, SE",15/0,100,100,,,2021-06-04,2021,0,4,0,4
1694,46,2021-06-09,96,MS,060921BL-01,29.2691,-89.0636,1,8,1050,27.5,26.8,25.5,19.9,26.6,31,8.5,7.4,6.2,29.2749,-89.0634,1028,1142,8.5,29.2598,-89.0598,1041,1327,8.2,NA,"BL, OY, SY, TY, SE",15/0,100,93,H,,2021-06-09,2021,0,1,0,1
1695,46,2021-07-01,96,MS,070121BL-01,30.3472,-88.8832,0.6,3.9,1000,28.5,28.5,29,5.5,8,12,8.1,7.6,6.8,30.3417,-88.8836,923,0,4.1,30.3594,-88.8752,938,1122,3.7,NA,"BL, OY, SY, TY, SE",15/0,100,100,,No 1st highflier back on board time,2021-07-01,2021,NA,NA,0,0
1696,46,2021-07-01,96,MS,070121BL-02,30.1924,-88.9602,1.8,7.3,1229,28.8,28.9,28.6,12.3,17,18.7,8.8,7.8,5.1,30.1911,-88.9688,1208,1322,7.2,30.1914,-88.9488,1222,1401,7.6,NA,"BL, OY, SY, TY, SE",15/0,100,100,,,2021-07-01,2021,NA,NA,0,0
1697,46,2021-07-02,96,MS,070221BL-01,29.5468,-89.0144,1.5,5.7,936,29.1,28.8,28.4,13.9,19,21.2,10.4,7.4,5.9,29.5443,-89.0106,916,1031,6.9,29.5504,-89.0262,930,1148,6.7,NA,"BL, OY, SY, TY, SE",15/0,100,89,H,"Moved NNW to 29.54513, -89.01173 because station was too deep",2021-07-02,2021,0,1,0,1
1698,46,2021-07-02,96,MS,070221BL-02,29.4835,-89.1352,1,8.2,1243,29.5,29.1,28.7,6,8.3,10.8,10.4,9.5,8.2,29.4885,-89.128,1219,1329,10.1,29.4863,-89.1421,1232,1440,8.8,NA,"BL, OY, SY, TY, SE",15/0,100,94,H,,2021-07-02,2021,0,16,0,16
1699,46,2021-07-07,96,MS,070721BL-01,29.618,-89.0434,2,5.7,930,27.6,27.7,27.7,18.4,21.4,26.8,9.1,7.3,5.3,29.6244,-89.0453,909,1024,5.8,29.607,-89.0393,923,1126,3.8,NA,"BL, OY, SY, TY, SE",15/0,100,93,H,Moved N 0.9 km because station was too deep,2021-07-07,2021,0,1,0,1
1700,46,2021-07-07,96,MS,070721BL-02,29.7446,-89.0756,1.2,5.3,1221,22.9,27.8,27.8,16.5,17.6,19,8.7,7.3,5.1,29.7414,-89.0826,1201,1312,5.3,29.7535,-89.0683,1214,1410,5.3,NA,"BL, OY, SY, TY, SE",15/0,100,96,H,,2021-07-07,2021,NA,NA,0,0
1701,46,2021-07-07,96,MS,070721BL-03,30.1455,-89.0195,1.5,7.8,1539,28.6,28.6,28.3,16.8,18.1,28.2,8.8,7.5,4.9,30.1434,-89.0251,1517,1630,7.9,30.146,-89.0035,1531,1716,8.8,NA,"BL, OY, SY, TY, SE",15/0,100,94,H,,2021-07-07,2021,0,6,0,6
1702,46,2021-07-09,96,MS,070921BL-01,29.344,-89.1235,0.7,7.1,1041,26.9,26.7,26.7,30.8,31.9,31.7,3,3.5,3.8,29.3495,-89.1304,1022,1134,7.2,29.336,-89.1188,1035,1254,6.4,NA,"BL, OY, SY, TY, SE",15/0,100,84,H,,2021-07-09,2021,NA,NA,0,0
1703,46,2021-07-13,96,MS,071321BL-01,30.176,-89.1204,1.4,9.1,950,26.8,27.9,27.7,12.8,15.1,22.5,7.6,7.4,2.8,30.1827,-89.1188,929,1038,5.2,30.1694,-89.1176,938,1113,9,NA,"BL, OY, SY, TY, SE",15/0,100,97,H,,2021-07-13,2021,0,1,0,1
1704,46,2021-08-10,96,MS,081021BL-01,29.1398,-88.9754,0.9,7.3,1048,31.5,29.8,28.2,12.5,22.8,33.7,10.2,3.6,1.3,29.1368,-88.9859,1031,1143,6.2,29.1431,-88.9687,1044,1230,7.9,NA,"BL, OY, SY, TY, SE",15/0,100,98,H,,2021-08-10,2021,NA,NA,0,0
1705,46,2021-08-12,96,MS,081221BL-01,29.4532,-89.0874,2.2,5.8,1116,30.6,30.8,30.2,19.9,22.9,27.4,6.9,6.2,5.2,29.4607,-89.097,1058,1210,6.9,29.4476,-89.0836,1111,1302,5.6,NA,"BL, OY, SY, TY, SE",15/0,100,91,H,,2021-08-12,2021,0,18,0,18
1706,46,2021-08-12,96,MS,081221BL-02,29.5564,-88.9691,5.2,10.2,1402,30.9,30,27.4,24,29.1,33.8,7,5.6,7.3,29.5551,-88.9776,1341,1454,9.4,29.558,-88.9583,1354,1528,10.7,NA,"BL, OY, SY, TY, SE",15/0,100,97,H,"Moved W 1.4nm to 29.55505, -88.97797. End of line 0.62nm from original coordinates",2021-08-12,2021,NA,NA,0,0
1707,46,2021-08-13,96,MS,081321BL-01,29.7632,-88.836,3.7,9.1,842,30.4,29.1,27.6,22.4,28,32.7,7,3.7,3.7,29.769,-88.8469,821,931,8.2,29.7583,-88.8282,833,959,9.9,NA,"BL, OY, SY, TY, SE",15/0,100,99,H,"Moved W 3.8nm to 29.76947, -88.84754. End of line 2.6nm from original coordinates",2021-08-13,2021,NA,NA,0,0
1708,46,2021-08-13,96,MS,081321BL-02,29.9987,-88.8121,3,6.5,1104,30.4,30.3,30.2,21.4,21.4,22.2,7.1,7.3,6.3,29.9908,-88.8204,1047,1158,5,30.0017,-88.8065,1100,1230,7.6,NA,"BL, OY, SY, TY, SE",15/0,100,99,H,,2021-08-13,2021,0,1,0,1
1709,46,2021-08-13,96,MS,081321BL-03,30.1893,-89.0035,2.7,8.1,1340,30.1,29.9,29.7,20,22.5,24.7,8,6.2,4.9,30.194,-89.0136,1322,1430,8.1,30.184,-88.9965,1334,1502,8.2,NA,"BL, OY, SY, TY, SE",15/0,100,100,,,2021-08-13,2021,NA,NA,0,0
1710,46,2021-08-13,96,MS,081321BL-04,30.2594,-88.7543,1.9,5.8,1410,31.1,30.2,30.2,22.7,23,22.8,7.5,7.1,7.3,30.2673,-88.752,1552,1701,6.1,30.2573,-88.758,1604,1724,5.8,NA,"BL, OY, SY, TY, SE",15/0,100,100,,,2021-08-13,2021,0,1,0,1
1711,46,2021-08-19,96,MS,081921BL-01,29.6349,-89.1255,1.5,5.1,911,31,31,30.9,22.3,22.5,23,7.3,7.2,7.2,29.6434,-89.1311,854,1007,5,29.6267,-89.1264,906,1052,5.3,NA,"BL, OY, SY, TY, SE",15/0,100,97,H,,2021-08-19,2021,0,2,0,2
1712,46,2021-08-19,96,MS,081921BL-02,29.8187,-89.0703,1.9,4.8,1150,31.2,31,30.6,19.2,20.6,23,7.7,7.3,6.8,29.8298,-89.0743,1134,1244,4.6,29.8128,-89.0701,1145,1320,5,NA,"BL, OY, SY, TY, SE",15/0,100,99,H,,2021-08-19,2021,0,5,0,5
1713,46,2021-08-19,96,MS,081921BL-03,29.934,-89.1093,1.6,3.2,1410,31.7,31.8,31.6,19.4,19.9,19.9,7.6,7.7,7.6,29.9402,-89.117,1351,1459,2.9,29.925,-89.1106,1402,1546,3,NA,"BL, OY, SY, TY, SE",15/0,100,99,H,,2021-08-19,2021,NA,NA,0,0
1714,46,2021-09-10,96,MS,091021BL-01,29.8935,-88.9563,1.8,5.9,814,27.7,27.8,27.9,16.2,24.4,24.5,6.8,4.1,3.1,29.8935,-88.9563,752,916,5.8,29.9086,-88.9478,806,938,6.1,NA,"BL, OY, SY, TY, SE",15/0,100,97,H,,2021-09-10,2021,0,4,0,4
1715,46,2021-09-10,96,MS,091021BL-02,30.0224,-88.9283,1.7,7.7,1003,27.8,27.8,28.2,29,29.1,30.9,5.1,5.5,3.3,30.016,-88.9326,1003,1116,7.5,30.0285,-88.9225,1014,1157,8,NA,"BL, OY, SY, TY, SE",15/0,100,100,,,2021-09-10,2021,0,10,0,10
1716,46,2021-09-10,96,MS,091021BL-03,30.2774,-89.1898,0.7,4.6,1334,28.3,28.2,27.8,11.1,11.1,11.3,7.6,8.4,7.2,30.2774,-89.1898,1314,1428,4.4,30.2796,-89.1697,1328,1457,4.6,NA,"BL, OY, SY, TY, SE",15/0,100,100,,,2021-09-10,2021,NA,NA,0,0
1717,47,2022-04-14,96,MS,041422BL-01,30.2595,-89.1042,1.1,5,750,21.5,21.4,21.4,16.5,17.1,18.2,7.4,7.2,6.7,30.2552,-89.0988,731,844,5,30.2638,-89.1136,742,912,4.7,NA,"BL, OY, SY, TY, SE",15/0,100,100,,,2022-04-14,2022,NA,NA,0,0
1718,47,2022-04-14,96,MS,041422BL-02,30.3021,-88.8629,1.2,5.3,1025,21.2,21.2,21.1,19.1,19.3,21.6,7.6,7.5,7,30.2958,-88.8635,1002,1115,5.5,30.313,-88.8607,1014,1145,4.7,NA,"BL, OY, SY, TY, SE",15/0,100,100,,,2022-04-14,2022,0,3,0,3
1719,47,2022-04-14,96,MS,041422BL-03,30.2806,-88.4866,0.6,4.8,1317,21.8,21.1,21.1,9.3,13.2,23.2,8.4,7.9,6.3,30.2806,-88.4866,1254,1408,5,30.2912,-88.469,1306,1433,4.3,NA,"BL, OY, SY, TY, SE",15/0,100,100,,,2022-04-14,2022,0,4,0,4
1720,47,2022-04-27,96,MS,042722BL-01,29.7538,-88.9927,9.7,3.8,854,23.7,23.6,23.6,20.6,20.6,20.6,6.5,6.7,6.6,29.7475,-88.9997,829,942,4.1,29.7578,-88.9842,842,1021,3.7,NA,"BL, OY, SY, TY, SE",15/0,100,100,,,2022-04-27,2022,0,4,0,4
1721,47,2022-04-27,96,MS,042722BL-02,29.8805,-88.9471,1.6,4.3,1115,23.5,23.4,23.4,19,18.7,19.3,6.9,6.9,6.5,29.8746,-88.95,1054,1206,4.6,29.8896,-88.9393,1106,1239,4.9,NA,"BL, OY, SY, TY, SE",15/0,100,100,,,2022-04-27,2022,0,2,0,2
1722,47,2022-04-27,96,MS,042722BL-03,29.9922,-88.8752,1.7,6.9,1330,23.3,23,22.2,23.1,23.8,27.4,6.7,6.3,5,29.985,-88.8716,1311,1423,6,30.0025,-88.8775,1324,1542,7.2,NA,"BL, OY, SY, TY, SE",15/0,100,100,,,2022-04-27,2022,0,8,0,8
1723,47,2022-04-28,96,MS,042822BL-01,29.8826,-89.1021,0.7,3.8,822,23.6,23.6,23.6,16.5,16.5,16.5,6.9,6.8,6.8,29.8774,-89.107,802,913,3.7,29.8887,-89.0913,814,948,4,NA,"BL, OY, SY, TY, SE",15/0,100,100,,,2022-04-28,2022,NA,NA,0,0
1724,47,2022-04-28,96,MS,042822BL-02,30.0144,-89.0904,1.2,3.8,1046,23.4,23.4,23.3,16.2,16.2,16.2,7.5,7.3,7.3,30.0097,-89.0981,1027,1138,4,30.0181,-89.0801,1040,1206,4.1,NA,"BL, OY, SY, TY, SE",15/0,100,100,,,2022-04-28,2022,0,2,0,2
1725,47,2022-04-28,96,MS,042822BL-03,30.0574,-89.0105,1.8,5.9,1243,23.7,23.3,23.1,22.3,23.3,23.9,7.2,7.1,7.1,30.0522,-89.0218,1223,1335,5.3,30.0613,-89.0034,1235,1235,6.4,NA,"BL, OY, SY, TY, SE",15/0,100,99,H,,2022-04-28,2022,0,11,0,11
1726,47,2022-04-28,96,MS,042822BL-04,30.2083,-88.883,1.6,8.7,1522,24.8,22.8,22.9,15.5,21.2,24.9,8,7.4,6.2,30.2141,-88.8898,1500,1614,8.1,30.2054,-88.8716,1515,1652,9.3,NA,"BL, OY, SY, TY, SE",15/0,100,100,,,2022-04-28,2022,0,21,0,21
1727,47,2022-05-12,96,MS,051222BL-01,29.5613,-88.9674,3.4,9.6,950,26.1,26.2,26.2,25.2,25.4,25.8,7.1,7.2,7.6,29.56,-88.9581,909,1022,10.2,29.5688,-88.9753,920,1114,9.1,NA,"BL, OY, SY, TY, SE",15/0,100,100,,,2022-05-12,2022,0,10,0,10
1728,47,2022-05-12,96,MS,051222BL-02,29.5973,-88.9686,2.8,9,1149,26.7,26.5,26.7,23.4,25.4,26.2,7.5,7.3,7.4,29.5929,-88.9613,1129,1240,10.1,29.6057,-88.9757,1140,1351,7.9,NA,"BL, OY, SY, TY, SE",15/0,100,95,H,,2022-05-12,2022,0,8,0,8
1729,47,2022-05-19,96,MS,051922BL-01,29.7708,88.8231,3.2,9.9,840,27.5,25.4,23.2,27.7,30.4,32.2,6.8,6,5,29.7708,88.8231,818,937,9.9,29.7562,88.8264,832,1009,10.2,NA,"BL, OY, SY, TY, SE",15/0,100,100,,Really strong current. Depth at original station was 40.5ft; moved SW 0.90 miles from original station.,2022-05-19,2022,0,1,0,1
1730,47,2022-06-03,96,MS,060322BL-01,30.2294,-88.413,2.7,6.6,1015,29.2,28.3,28.1,19.2,23.8,25.2,6.2,6.2,5.2,30.2242,-88.4206,947,1101,6.1,30.2372,-88.4056,1000,1151,6.6,NA,"BL, OY, SY, TY, SE",15/0,100,97,H,,2022-06-03,2022,0,2,0,2
1731,47,2022-06-03,96,MS,060322BL-02,30.2386,-88.5867,2.4,5.3,1253,29.7,29.3,28.3,22.1,22.6,26,6.3,6,5.8,30.2326,-88.5821,1228,1340,7.2,30.2479,-88.5817,1244,1506,5.5,NA,"BL, OY, SY, TY, SE",15/0,100,100,"A, B", Moved station S 1.05 miles b/c original station was close to ICW. Part of line lost due to 2 mainline bite off; no notes taken about lat/long or times.,2022-06-03,2022,0,8,0,8
1732,47,2022-06-10,96,MS,061022BL-01,30.2423,-88.9191,1.5,5.3,923,29.1,29,27.8,18.2,18.2,23.2,5.6,5.5,5.2,30.248,-88.9264,902,1015,5.5,30.2351,-88.9161,914,1049,5.8,NA,"BL, OY, SY, TY, SE",15/0,100,100,,,2022-06-10,2022,NA,NA,0,0
1733,47,2022-06-13,96,MS,061322BL-01,29.4822,-89.1451,0.9,8.5,1002,28.4,26.8,26.5,11.5,30,31.8,7,4.7,4.8,29.4806,-89.1354,943,1057,7.9,29.4813,-89.1535,955,1308,6.7,NA,"BL, OY, SY, TY, SE",15/0,100,93,"A, B, H","Main line broke. Last hook from first half retrieved at 12:51. Recovered 2nd highflyer at 12:58 @29.4700, -89.15308 and pulled in last hooks. Finished at 13:08.",2022-06-13,2022,0,8,0,8
1734,47,2022-06-13,96,MS,061322BL-02,30.3078,-88.9815,1.3,4.4,1605,29.5,27.8,27.1,18.5,22.9,25.3,7.6,6.8,5.5,30.3165,-88.9785,1546,1655,4.3,30.2984,-88.9833,1558,1735,4.6,NA,"BL, OY, SY, TY, SE",15/0,100,99,H,,2022-06-13,2022,0,5,0,5
1735,47,2022-06-14,96,MS,061422BL-01,29.5636,-89.0033,1.5,6.3,921,27.7,26.6,26.4,29.9,35.6,36,6.6,4.8,4.4,29.5695,-89.0061,902,1014,6.2,29.5553,-89.0139,915,1038,5.6,NA,"BL, OY, SY, TY, SE",15/0,100,100,,,2022-06-14,2022,0,4,0,4
1736,47,2022-06-14,96,MS,061422BL-02,29.6308,-88.9406,3.9,9,1127,28.6,27.4,26,28.2,31,34.6,7.1,5.6,3.5,29.6344,-88.9344,1105,1215,9.1,29.6264,-88.9501,1117,1256,9.2,NA,"BL, OY, SY, TY, SE",15/0,100,99,H,,2022-06-14,2022,NA,NA,0,0
1737,47,2022-06-14,96,MS,061422BL-03,29.9049,-88.7975,3.3,8.8,1419,30.2,24.4,23.3,25.8,33,34.6,7,3.2,2.6,29.9133,-88.7969,1400,1509,8.8,29.8956,-88.7988,1412,1539,8.5,NA,"BL, OY, SY, TY, SE",15/0,100,100,,,2022-06-14,2022,NA,NA,0,0
1738,47,2022-06-24,96,MS,062422BL-01,30.08,-88.9669,3.4,9.1,1016,31.4,31.3,24.2,25.7,25.7,33.2,5.5,5.2,1.3,30.0716,-88.9586,945,1055,9.6,30.0888,88.966,958,1137,9.3,NA,"BL, OY, SY, TY, SE",15/0,100,99,H,Soak time calculated with estimated HF1 retreival time (not recorded),2022-06-24,2022,NA,NA,0,0
1739,47,2022-07-18,96,MS,071822BL-01,29.9115,-88.9694,5,5.9,1025,30.3,30,27.3,20,20,30.5,6.3,6.4,1.5,29.9101,-88.9623,1003,1120,5.9,29.9182,88.9182,1017,1152,5.5,NA,"BL, OY, SY, TY, SE",15/0,100,100,,,2022-07-18,2022,NA,NA,0,0
1740,47,2022-07-18,96,MS,071822BL-02,30.0846,-89.0989,1.5,4.1,1300,30.9,30.6,29.7,22.8,22.9,24.5,6.4,6.3,2.8,30.0912,-89.1043,1238,1355,4,30.0748,-89.0962,1251,1438,4.1,NA,"BL, OY, SY, TY, SE",15/0,100,100,,,2022-07-18,2022,0,4,0,4
1741,47,2022-07-21,96,MS,072122BL-01,29.56,-89.105,1.5,5.5,936,29.3,28.6,28.8,26.6,30.4,27.3,6.5,6,6.5,29.5618,-89.0975,912,1024,5.3,29.5612,-89.1172,925,1100,5.6,NA,"BL, OY, SY, TY, SE",15/0,100,98,H,,2022-07-21,2022,0,2,0,2
1742,47,2022-07-21,96,MS,072122BL-02,29.6676,-89.1939,7.8,3.8,1152,30.4,30.2,20.9,23.5,23.8,25.2,8,7,6.1,29.6698,-89.1858,1132,1241,3.8,29.664,-89.203,1144,1331,3.8,NA,"BL, OY, SY, TY, SE",15/0,100,88,H,,2022-07-21,2022,0,7,0,7
1743,47,2022-08-29,96,MS,082922BL-01,30.262,-88.5875,0.9,4.1,726,26.9,28.5,28.4,4.7,16.4,20.5,5.3,6.2,4.3,30.2617,-88.5963,706,816,4,30.2647,-88.5775,719,844,4.6,NA,"BL, OY, SY, TY, SE",15/0,100,100,,,2022-08-29,2022,NA,NA,0,0
1744,47,2022-08-29,96,MS,082922BL-02,30.2514,-88.9019,1.4,6.2,1003,28.8,28.8,28.4,18.3,18.2,21.4,6.5,6.3,3.4,30.2481,-88.9072,942,1057,5.9,30.2561,-88.8887,956,1133,6.7,NA,"BL, OY, SY, TY, SE",15/0,101,101,,Set 101 hooks because the bait fell off of one as it was clipped to the mainline.,2022-08-29,2022,0,1,0,1
1745,47,2022-08-29,96,MS,082922BL-03,30.2388,-88.951,1.4,6.1,1207,29.3,29,29,17.2,19.2,19.2,6.6,5.4,5.5,30.2347,-88.9602,1148,1254,6.2,30.2398,-88.9426,1158,1329,6.1,NA,"BL, OY, SY, TY, SE",15/0,101,101,,Set 101 hooks because the bait fell off of one as it was clipped to the mainline.,2022-08-29,2022,0,2,0,2
1746,47,2022-08-29,96,MS,082922BL-04,30.305,-89.0781,1.2,4.1,1418,29.6,29.4,29.3,14.9,15.8,15.9,7.3,7.1,7.3,30.3096,-89.085,1358,1510,4,30.301,-89.069,1411,1536,4.3,NA,"BL, OY, SY, TY, SE",15/0,100,100,,Moved 1.3 miles South - dredge in the way of original station,2022-08-29,2022,NA,NA,0,0
1747,47,2022-09-07,96,MS,090722BL-01,30.0082,-88.8142,2,6.8,728,29.5,29.5,29.5,19.7,20.3,26.7,6,5,3.5,29.9981,-88.8135,706,820,7,30.0166,-88.8144,720,903,7.3,NA,"BL, OY, SY, TY, SE",15/0,100,100,,Moved 1.6m SW b/c depth was 38ft at original station,2022-09-07,2022,NA,NA,0,0
1748,47,2022-09-07,96,MS,090722BL-02,29.6981,-88.881,5,8.5,1042,29.3,29.3,29.5,22.7,22.9,23.6,6.5,5.5,5.2,29.6886,-88.8836,1024,1136,9,29.7031,-88.8795,1038,1210,9,NA,"BL, OY, SY, TY, SE",15/0,100,100,,Moved station about 0.5m b/c depth was 35.6ft at the original station,2022-09-07,2022,0,3,0,3
1749,47,2022-09-07,96,MS,090722BL-03,29.481,-89.0194,3.1,10,1322,29.4,29.6,29.7,22.2,24.5,28.6,5.9,5.1,3.3,29.476,-89.0267,1303,1421,9.6,29.4888,-89.0141,1317,1455,9.9,NA,"BL, OY, SY, TY, SE",15/0,100,100,,,2022-09-07,2022,NA,NA,0,0
1750,47,2022-09-07,96,MS,090722BL-04,29.2461,-89.0304,1.5,9.8,1606,29.5,29.7,29.6,14.6,16,19.2,6.8,5.4,4.2,29.2518,-89.0363,1547,1700,9.9,29.2373,-89.0257,1600,1731,9.1,NA,"BL, OY, SY, TY, SE",15/0,100,100,,,2022-09-07,2022,NA,NA,0,0
1751,47,2022-09-08,96,MS,090822BL-01,29.623,-89.0542,1.2,5.7,730,29,28.9,29.1,21.2,21.2,21.6,6,5.5,5.1,29.6144,-89.0591,705,821,6.2,29.6318,-89.0512,722,928,5.8,NA,"BL, OY, SY, TY, SE",15/0,100,99,"A, B, H",Mainline broke. Found at 08:47. Retrieved 2nd high flyer at 08:54. ,2022-09-08,2022,0,8,0,8
1752,47,2022-09-08,96,MS,090822BL-02,29.6912,-89.0415,1.4,4.5,1005,29,28.9,29.1,19.8,19.8,20,5.3,5.2,4.7,29.6835,-89.0446,944,1058,4.8,29.6982,-89.0392,1000,1131,4.3,NA,"BL, OY, SY, TY, SE",15/0,100,100,,,2022-09-08,2022,NA,NA,0,0
1753,47,2022-09-08,96,MS,090822BL-03,30.0437,-88.887,1.5,7.3,1316,29.9,29.1,28.9,19.7,29.1,31,5.7,0.8,0.2,30.0358,-88.884,1254,1408,7.5,30.0544,-88.8883,1308,1448,6.1,NA,"BL, OY, SY, TY, SE",15/0,100,100,,,2022-09-08,2022,NA,NA,0,0
1754,47,2022-09-08,96,MS,090822BL-04,30.0772,-89.0047,1.2,6.1,1536,30.8,29.5,29,19.5,20,26.7,6.8,5.4,0.2,30.0834,-89.0079,1515,1626,7,30.0656,-89.0078,1528,1651,5.9,NA,"BL, OY, SY, TY, SE",15/0,100,100,,,2022-09-08,2022,NA,NA,0,0
1755,48,2023-04-06,96,MS,040623BL01,30.2264,-88.3721,2.1,6,804,22.8,23,22.4,21,21.8,24.1,7.4,7.4,6.4,30.2294,-88.3782,743,843,6.4,30.2192,-88.3619,756,912,4,NA,"BL, OY, SY, TY, SE",15/0,100,100,,,2023-04-06,2023,0,2,0,2
1756,48,2023-04-06,96,MS,040623BL02,30.247,-88.5664,4.6,6,1012,23.4,23.4,22.8,21.6,21.6,23,7.7,7.4,6.4,30.2474,-88.5763,950,1054,5.8,30.2454,-88.554,1006,1139,5.8,NA,"BL, OY, SY, TY, SE",15/0,100,100,,,2023-04-06,2023,0,8,0,8
1757,48,2023-04-06,96,MS,040623BL03,30.2791,-88.7989,1.4,5.9,1252,23.7,23.9,23.6,21.8,21.7,22.2,7.6,7.6,7.1,30.2775,-88.8058,1227,1326,5.9,30.2788,-88.7857,1240,1351,5.6,NA,"BL, OY, SY, TY, SE",15/0,100,100,,,2023-04-06,2023,0,3,0,3
1758,48,2023-04-14,96,MS,041423BL01,30.0048,-88.9743,1.1,6.4,815,20.2,20.2,20.4,20.2,23.2,22.3,8.3,8,7.3,30.0048,-88.9743,752,852,6.7,30.0028,-88.9956,806,920,6.1,NA,"BL, OY, SY, TY, SE",15/0,100,100,,,2023-04-14,2023,NA,NA,0,0
1759,48,2023-04-14,96,MS,041423BL02,30.0429,-89.0919,0.8,4.1,1009,20.1,19.8,19.9,19.3,19.4,19.4,9.3,8.6,8.6,30.0458,-89.0844,949,1049,4.1,30.0411,-89.1029,1001,1113,3.7,NA,"BL, OY, SY, TY, SE",15/0,100,100,,,2023-04-14,2023,NA,NA,0,0
1760,48,2023-04-14,96,MS,041423BL03,30.0703,-88.8702,1.3,8,1223,20.6,20.6,20.7,21.1,21.7,22,8.6,8.6,8.5,30.0796,-88.8764,1204,1305,10.2,30.0651,-88.8664,1216,1347,5.6,NA,"BL, OY, SY, TY, SE",15/0,100,100,,,2023-04-14,2023,0,13,0,13
1761,48,2023-04-17,96,MS,041723BL01,29.5365,-89.0379,1.1,6,935,20,20.2,20.3,23.2,26.2,25.9,8,7.2,7.2,29.5296,-89.0412,912,1009,5.6,29.5438,-89.0306,925,1105,8.1,NA,"BL, OY, SY, TY, SE",15/0,100,96,H,Station moved 1.3 NM SE due to depth (4 ft) at original station,2023-04-17,2023,0,7,0,7
1762,48,2023-04-17,96,MS,041723BL02,29.6151,-88.952,3,9.3,1155,20.7,20.4,20.4,27,27.4,27.6,8.2,7.9,8,29.6088,-88.9546,1136,1236,9.3,29.6219,-88.9458,1147,1312,9.4,NA,"BL, OY, SY, TY, SE",15/0,100,97,H,Station moved 2 NM W due to depth (38 ft) at original station,2023-04-17,2023,0,5,0,5
1763,48,2023-05-02,96,MS,050223BL01,29.7099,-88.8644,2.1,9.6,857,22.2,22,21.9,25.7,29.9,31.8,8,7,6.8,29.7021,-88.864,835,940,9.4,29.7178,-88.8593,848,1014,9.8,NA,"BL, OY, SY, TY, SE",15/0,100,99,H,,2023-05-02,2023,0,3,0,3
1764,48,2023-05-02,96,MS,050223BL02,29.8427,-88.8196,2.1,7.6,1110,22.7,22.3,22.2,26.6,28,29.3,7.9,7.6,7.4,29.8365,-88.8216,1051,1152,6.9,29.85,-88.8137,1102,1224,8.7,NA,"BL, OY, SY, TY, SE",15/0,100,100,,Station moved 3.5 NM W due to depth (40 ft) at original station,2023-05-02,2023,0,7,0,7
1765,48,2023-05-02,96,MS,050223BL03,29.8977,-88.798,2.1,8.9,1302,23.4,22.4,22.1,26.1,26.4,30,7.9,7.7,7.3,29.9023,-88.7947,1241,1344,9.7,29.8909,-88.8051,1252,1416,7.5,NA,"BL, OY, SY, TY, SE",15/0,100,100,,Station moved 2 NM W due to depth (40 ft) at original station,2023-05-02,2023,0,3,0,3
1766,48,2023-05-05,96,MS,050523BL01,29.74,-89.0326,1.2,4.6,858,24.2,24.2,23.8,10.6,13.6,18.3,9.7,9.5,8.1,29.7439,-89.034,836,936,4.9,29.729,-89.0312,849,1011,4,NA,"BL, OY, SY, TY, SE",15/0,100,100,,,2023-05-05,2023,0,1,0,1
1767,48,2023-05-05,96,MS,050523BL02,29.889,-89.078,1.8,4.3,1120,23.1,23,22.7,16,18.3,21.2,6.6,6.5,5.8,29.893,-89.0842,1101,1159,4.3,29.8789,-89.0749,1113,1229,4.1,NA,"BL, OY, SY, TY, SE",15/0,100,100,,,2023-05-05,2023,0,8,0,8
1768,48,2023-05-05,96,MS,050523BL03,30.098,-89.0121,2.3,7.8,1332,23.4,22,21.8,18.8,30.2,31.3,7.8,6.3,6.2,30.0998,-89.0207,1312,1412,7.5,30.094,-89.0024,1327,1442,8.2,NA,"BL, OY, SY, TY, SE",15/0,100,100,,,2023-05-05,2023,0,10,0,10
1769,48,2023-06-02,96,MS,060223BL01,30.2686,-88.5448,2.1,5.5,1003,26.6,26.6,26.6,24.2,24.5,25.1,6.2,5.7,5.8,30.2675,-88.5537,943,1042,5.5,30.2679,-88.5334,957,1128,5.8,NA,"BL, OY, SY, TY, SE",15/0,100,98,H,"Station moved 2nm W; reason not recorded, but most likely to avoid the channel.",2023-06-02,2023,0,15,0,15
1770,48,2023-06-02,96,MS,060223BL02,30.1859,-88.4398,5.3,9.9,1238,26.6,26.5,26.2,27.5,27.6,29,6.1,6,5.1,30.1937,-88.4412,1214,1318,7,30.1772,-88.4299,1228,1418,12.8,NA,"BL, OY, SY, TY, SE",15/0,100,100,,,2023-06-02,2023,0,3,0,3
1771,48,2023-06-09,96,MS,060923BL01,29.9315,-88.8853,3.2,5.9,1048,28.3,28.1,28.1,23.7,25.2,24.7,5.8,5.7,6,29.9227,-88.8806,1017,1117,5.5,29.9408,-88.8819,1030,1153,6.1,NA,"BL, OY, SY, TY, SE",15/0,100,100,"A, B","Mainline broke @ 29.93709, -88.88128; last hook of first half came off at 11:43. 2nd high flyer picked up at 11:47 @ 29.94038, -88.88199; last hook of second half came off at 11:53.",2023-06-09,2023,0,1,0,1
1772,48,2023-06-09,96,MS,060923BL02,30.0325,-88.8788,3.2,4.9,1247,28.4,28.2,28.1,24.6,24.7,24.8,6.2,6.2,6.4,30.0404,-88.8773,1222,1322,4,30.0233,-88.8742,1235,1352,4,NA,"BL, OY, SY, TY, SE",15/0,100,100,,Station moved 2.5 nm S because original station was too deep; original depth not recorded.,2023-06-09,2023,0,3,0,3
1773,48,2023-06-09,96,MS,060923BL03,30.0937,-89.0047,2.9,8.3,1459,29,28.1,25.5,24.1,24.6,31.1,6,6,3.8,30.0973,-88.9982,1430,1528,8.5,30.0871,-89.0136,1444,1602,7.8,NA,"BL, OY, SY, TY, SE",15/0,100,100,,,2023-06-09,2023,0,9,0,9
1774,48,2023-06-28,96,MS,062823BL01,29.79,-88.8222,3.9,9.5,850,29.2,27.2,27,31.4,35.2,34.9,6.5,6.5,6.4,29.7892,-88.8159,828,940,9.9,29.7938,-88.8338,841,1008,8.7,NA,"BL, OY, SY, TY, SE",15/0,100,100,,Station moved 2.5 nm W because original station was too deep. Original depth not recorded.,2023-06-28,2023,NA,NA,0,0
1775,48,2023-06-28,96,MS,062823BL02,29.9663,-88.7972,7.1,9.5,1110,29.6,28.7,24.9,29.5,32.4,36.3,6.2,6.9,5.6,29.9615,-88.7911,1050,1203,9.9,29.971800000000002,-88.8056,1104,1233,7.3,NA,"BL, OY, SY, TY, SE",15/0,100,100,,Station moved 0.75 nm NW because original station was too deep. Original depth not recorded.,2023-06-28,2023,NA,NA,0,0
1776,48,2023-07-13,96,MS,071323BL01,29.5556,-88.9932,5.4,9,936,25.4,24.1,24,31.3,35.9,35.9,7.3,6,5.7,29.5628,-89.002,910,1029,7.2,29.5505,-88.9886,924,1059,9.4,NA,"BL, OY, SY, TY, SE",15/0,100,100,,,2023-07-13,2023,0,1,0,1
1777,48,2023-07-13,96,MS,071323BL02,30.2251,-88.7113,2.1,8.7,1354,29.1,27.2,25.3,29.4,32.2,34.8,5.8,5.8,5.5,30.2297,-88.7043,1328,1439,7.8,30.2199,-88.7213,1341,1506,9.8,NA,"BL, OY, SY, TY, SE",15/0,100,100,,Station moved 1 nm N because original station was too deep. Original depth not recorded.,2023-07-13,2023,0,1,0,1
1778,48,2023-07-14,96,MS,071423BL01,29.8721,-89.058,1.8,4.8,826,28.7,28.7,28.5,28.9,28.9,29.1,5.2,4.9,4.8,29.8728,-89.049,804,918,5,29.8727,-89.0697,817,1011,4.3,NA,"BL, OY, SY, TY, SE",15/0,100,100,,,2023-07-14,2023,0,6,0,6
1779,48,2023-07-14,96,MS,071423BL02,30.11,-89.1015,1.5,4.7,1125,29.3,25,24.3,25.9,35.2,35.7,6.2,2.6,2,30.1069,-89.0933,1106,1219,5.2,30.109,-89.1125,1119,1308,4,NA,"BL, OY, SY, TY, SE",15/0,100,97,H,,2023-07-14,2023,NA,NA,0,0
1780,48,2023-07-25,96,MS,072523BL01,29.6253,-89.1961,2.6,4.2,913,29.5,29.5,29,26,26,29,6.7,6.7,4.1,29.6187,-89.202,855,1007,4.4,29.635,-89.1948,908,1040,4.1,NA,"BL, OY, SY, TY, SE",15/0,100,100,,,2023-07-25,2023,NA,NA,0,0
1781,48,2023-07-25,96,MS,072523BL02,29.6935,-89.1397,1.7,4.2,1117,29.9,30,29.7,27.9,27.9,28.6,7.4,7.3,4.5,29.6864,-89.1474,1059,1209,4.3,29.6991,-89.1362,1110,1232,4.3,NA,"BL, OY, SY, TY, SE",15/0,100,100,,,2023-07-25,2023,NA,NA,0,0
1782,48,2023-08-09,96,MS,080923BL01,29.5914,-89.1986,1.2,4.9,917,29.9,26.9,27.7,19.4,33,30.2,8.8,5.1,5.4,29.5942,-89.1924,856,1012,4.9,29.5852,-89.2089,910,1054,5,NA,"BL, OY, SY, TY, SE",15/0,100,99,H,,2023-08-09,2023,0,6,0,6
1783,48,2023-08-09,96,MS,080923BL02,29.6539,-89.0268,2.2,5.1,1157,30.3,29,28.9,25.6,29.4,29.9,6.4,5.4,4.9,29.6612,-89.0276,1138,1248,4.9,29.645,-89.0301,1150,1311,5.2,NA,"BL, OY, SY, TY, SE",15/0,100,100,,,2023-08-09,2023,NA,NA,0,0
1784,48,2023-08-09,96,MS,080923BL03,29.7381,-89.1115,1,4,1402,31.2,30.5,31,26.5,27.3,26.6,6.1,4.8,5.8,29.7462,-89.1147,1339,1449,4,29.7289,-89.1125,1350,1520,4.1,NA,"BL, OY, SY, TY, SE",15/0,100,99,H,,2023-08-09,2023,NA,NA,0,0
1785,48,2023-08-14,96,MS,081423BL01,29.488,-89.0854,3.7,4.4,1005,27.4,24.8,24.1,32,35.2,36.2,6.4,6.1,5.6,29.4845,-89.0784,941,1053,4.7,29.4945,-89.0948,954,1119,3.5,NA,"BL, OY, SY, TY, SE",15/0,100,100,,Station moved 1.65 nm S because original station was too shallow. Original depth not recorded.,2023-08-14,2023,NA,NA,0,0
1786,48,2023-08-14,96,MS,081423BL02,30.3495,-88.9182,1.3,3.8,1325,32.1,31.6,30.8,27,27.4,28.7,7,6.7,4.6,30.3582,-88.9169,1506,1615,3.8,30.3429,-88.9228,1519,1651,4,NA,"BL, OY, SY, TY, SE",15/0,100,99,H,,2023-08-14,2023,NA,NA,0,0
1787,48,2023-09-12,96,MS,091223BL01,29.8309,-89.1123,1.4,4.2,845,30.2,30.2,30.2,29.5,29.5,29.6,5.3,5.4,5.1,29.8309,-89.1123,823,934,4.1,29.815,-89.1192,835,1002,4.3,NA,"BL, OY, SY, TY, SE",15/0,100,97,H,,2023-09-12,2023,NA,NA,0,0
1788,48,2023-09-12,96,MS,091223BL02,30.0206,-89.112,1,3.9,1113,29.9,29.9,29.8,31.5,31.5,31.5,4.9,4.8,4.7,30.0133,-89.1128,1053,1203,3.8,30.0298,-89.1154,1106,1237,3.8,NA,"BL, OY, SY, TY, SE",15/0,100,95,H,,2023-09-12,2023,0,3,0,3
1789,48,2023-09-12,96,MS,091223BL03,30.0128,-88.9798,3.1,6.9,1324,30,29.8,29.7,31.3,31.3,31.7,6.6,6.4,5.1,30.0126,-88.9883,1301,1411,6.7,30.0107,-88.9692,1315,1444,7,NA,"BL, OY, SY, TY, SE",15/0,100,100,,,2023-09-12,2023,0,2,0,2
1790,48,2023-09-13,96,MS,091323BL01,29.4348,-89.0385,2,8.2,1000,30.2,30.3,30.4,28.6,32.4,33.9,6.4,6.4,5.4,29.4348,-89.0385,935,1048,9.8,29.4436,-89.0555,948,1114,7.6,NA,"BL, OY, SY, TY, SE",15/0,100,100,,Station moved 0.40 nm NW due to depth at original station (38 ft),2023-09-13,2023,0,1,0,1
1791,48,2023-09-13,96,MS,091323BL02,29.644,-88.9198,2,9.2,1234,30.5,30.1,29.9,32.4,32.3,32.4,6.5,6.5,5.4,29.6435,-88.9106,1210,1326,10.1,29.6467,-88.9289,1228,1355,8.2,NA,"BL, OY, SY, TY, SE",15/0,100,100,,Station moved 4.08 nm NW due to depth at original station (42 ft).,2023-09-13,2023,NA,NA,0,0
1792,48,2023-09-14,96,MS,091423BL01,29.9863,-88.81,3,6.8,939,30,30,29.9,32.2,32.2,32.2,6.6,6.6,6.7,29.982,-88.8161,915,1028,5.6,29.9873,-88.7973,928,1058,10.2,NA,"BL, OY, SY, TY, SE",15/0,100,100,,Station moved 2.15 nm W due to depth at original station (42 ft).,2023-09-14,2023,0,1,0,1
1793,48,2023-09-14,96,MS,091423BL02,30.2289,-88.8155,3.4,8,1207,29.8,29.6,29.7,31.6,31.5,32.8,7,6.6,5.1,30.2325,-88.8235,1150,1300,6.1,30.2263,-88.8053,1201,1324,7.9,NA,"BL, OY, SY, TY, SE",15/0,100,100,,Station moved 0.90 nm S because original station was too shallow. Original depth not recorded.,2023-09-14,2023,NA,NA,0,0
1794,49,2012-06-25,69,TX,062512BL01,29.4487,-94.5513,1.5,4.6,1001,30.8,30.8,28.9,22,22,25,9.1,8.3,5.7,29.4367,-94.5617,0,1101,4.6,29.4487,-94.5513,1001,0,4.6,60,"BL, OY, SY, TY",15,100,100,,,2012-06-25,2012,0,6,0,6
1795,49,2012-06-25,69,TX,062512BL02,29.4472,-94.5178,1.5,5,1227,31.1,31.1,29,21.7,22.1,29.1,9.3,7.6,6.8,29.4345,-94.5288,0,1327,5,29.4472,-94.5178,1227,0,5,60,"BL, OY, SY, TY",15,100,100,,,2012-06-25,2012,0,4,0,4
1796,49,2012-07-18,69,TX,071812BL01,29.2322,-94.7855,6,5.5,1030,29.6,29.6,29.3,32.9,32.9,32.9,7.3,7.2,7,29.2247,-94.7995,0,1130,5.5,29.2322,-94.7855,1030,0,5.5,60,"BL, OY, SY, TY",15,100,100,,,2012-07-18,2012,0,11,0,11
1797,49,2012-08-16,69,TX,081612BL01,29.1203,-94.8308,15,8.6,1030,30,30,30,37,36,37,6,6,6,29.1353,-94.8212,0,1130,8.6,29.1203,-94.8308,1030,0,8.6,60,"BL, OY, SY, TY",15,100,100,,,2012-08-16,2012,0,4,0,4
1798,49,2012-08-16,69,TX,081612BL02,29.1862,-94.7292,7,8,1255,30.7,30.7,30.2,37.2,37.1,37.1,6.1,6.1,6.1,29.1992,-94.722,0,1355,8,29.1862,-94.7292,1255,0,8,60,"BL, OY, SY, TY",15,100,100,,,2012-08-16,2012,0,3,0,3
1799,49,2012-08-16,69,TX,081612BL03,29.2375,-94.7088,7,6.3,1512,31.3,31.3,30.4,37.1,37.1,37.1,6.4,6.4,6.4,29.2525,-94.7017,0,1412,6.3,29.2375,-94.7088,1512,0,6.3,60,"BL, OY, SY, TY",15,94,94,,,2012-08-16,2012,0,24,0,24
1800,49,2012-08-20,69,TX,082012BL01,29.3845,-94.6803,3,3.7,930,30,30,30,36.8,36.8,36.8,6.2,6.2,5.7,29.3972,-94.6675,0,1030,3.7,29.3845,-94.6803,930,0,3.7,60,"BL, OY, SY, TY",15,97,97,,,2012-08-20,2012,0,2,0,2
1801,49,2012-08-20,69,TX,082012BL02,29.3655,-94.5837,4,5.9,1325,30.6,30.6,30,36.5,36.6,37,6.7,5.9,5.5,29.3645,-94.6013,0,1425,5.9,29.3655,-94.5837,1325,0,5.9,60,"BL, OY, SY, TY",15,100,100,,,2012-08-20,2012,NA,NA,0,0
1802,49,2012-10-02,69,TX,100212BL01,29.368,-94.4633,2.5,6.6,1150,26.3,26.3,26.8,34,34.1,34.9,7.3,7.1,6.8,29.3763,-94.4472,0,1250,6.6,29.368,-94.4633,1150,0,6.6,60,"BL, OY, SY, TY",15,100,100,,,2012-10-02,2012,0,12,0,12
1803,49,2012-10-02,69,TX,100212BL02,29.402,-94.4825,1.5,6.6,1421,26.6,26.6,26.7,33.8,34.2,34.5,7.4,6.7,6.7,29.4163,-94.4772,0,1521,6.6,29.402,-94.4825,1421,0,6.6,60,"BL, OY, SY, TY",15,100,100,,,2012-10-02,2012,0,15,0,15
1804,49,2012-06-25,87,TX,062512BL01,27.657,-97.1317,NA,7.7,850,29.3,29.3,28.9,35.1,35.2,35.4,7,6.7,5.4,27.6703,-97.1183,0,953,7.7,27.657,-97.1317,850,0,7.7,63,"BL, OY, SY, TY",15,100,100,,,2012-06-25,2012,0,6,0,6
1805,49,2012-06-25,87,TX,062512BL02,27.6003,-97.0413,NA,12,1213,29.3,29.3,29,34.8,35,35.2,4.6,5.2,4.6,27.6138,-97.0283,0,1313,12,27.6003,-97.0413,1213,0,12,60,"BL, OY, SY, TY",15,100,100,,,2012-06-25,2012,0,4,0,4
1806,49,2012-07-18,87,TX,071812BL01,27.7172,-97.0208,NA,9.2,900,28.9,28.9,28.9,37.2,37.2,37.2,6.2,6.2,6.3,27.7333,-97.0272,0,1004,9.2,27.7172,-97.0208,900,0,9.2,64,"BL, OY, SY, TY",15,100,100,,,2012-07-18,2012,0,11,0,11
1807,49,2012-07-18,87,TX,071812BL02,27.6338,-97.0047,NA,1.5,1210,28.4,28.4,28.4,37.2,37.2,37.3,6.4,6.4,6.3,27.6497,-97.0175,0,1304,1.5,27.6338,-97.0047,1210,0,12.4,54,"BL, OY, SY, TY",15,100,100,,,2012-07-18,2012,0,3,0,3
1808,49,2012-08-09,87,TX,080912BL01,27.767,-97.058,10,6.6,1122,29.8,29.8,29.3,37.7,37.7,37.7,6.1,6.3,6.3,27.7813,-97.0442,0,1222,6.6,27.767,-97.058,1122,0,6.5,60,"BL, OY, SY, TY",15,100,100,,,2012-08-09,2012,NA,NA,0,0
1809,49,2012-08-09,87,TX,080912BL02,27.8342,-97.012200000000007,8,6.1,1417,30,30,29.5,37.8,37.7,37.9,6.1,6.5,6.3,27.852,-97.0038,0,1517,6.1,27.8342,-97.012200000000007,1417,0,6.1,60,"BL, OY, SY, TY",15,100,100,,,2012-08-09,2012,NA,NA,0,0
1810,49,2012-09-07,87,TX,090712BL01,27.9333,-96.8572,NA,8.6,840,NA,NA,28.2,NA,NA,33.7,NA,NA,6.1,27.9513,-96.8475,0,940,8.6,27.9333,-96.8572,840,0,8.6,60,"BL, OY, SY, TY",15,100,100,,,2012-09-07,2012,0,2,0,2
1811,49,2012-09-07,87,TX,090712BL02,27.9,-96.892,NA,8.7,1200,NA,NA,28.5,NA,NA,33.8,NA,NA,6.3,27.9172,-96.8812,0,1306,8.7,27.9,-96.892,1200,0,8.6,66,"BL, OY, SY, TY",15,100,100,,,2012-09-07,2012,NA,NA,0,0
1812,49,2012-09-24,87,TX,092412BL01,27.9328,-96.9672,3,4.3,905,28.8,28.8,28.3,37.7,37.7,38.2,6.8,6.9,5.2,27.9183,-96.9817,0,1005,4.3,27.9328,-96.9672,905,0,4.3,60,"BL, OY, SY, TY",15,100,100,,,2012-09-24,2012,0,1,0,1
1813,49,2012-09-24,87,TX,092412BL02,27.8503,-96.9625,6,7.9,1204,28.5,28.5,28.3,37.6,37.8,37.8,7.4,7.2,7.3,27.865,-96.9653,0,1309,7.9,27.8503,-96.9625,1204,0,7.8,65,"BL, OY, SY, TY",15,100,100,,,2012-09-24,2012,NA,NA,0,0
1814,50,2013-06-05,67,TX,060513BL01,27.6537,-97.0413,7,20,841,27.8,27,26.5,27.4,29.7,30.9,6.4,5.2,4.8,27.6537,-97.0413,0,943,20,27.6725,-97.0363,841,0,NA,62,"BL, OY, SY, TY",15,69,69,,69 hooks,2013-06-05,2013,0,32,0,32
1815,50,2013-06-05,67,TX,060513BL02,27.6508,-96.9888,8,23,1156,28.3,27.3,26.5,27.2,29.2,31.5,5.8,5.9,4.7,27.6508,-96.9888,0,1308,23,27.6695,-96.9867,1156,0,NA,72,"BL, OY, SY, TY",15,98,98,,98 hooks,2013-06-05,2013,0,27,0,27
1816,50,2013-06-28,67,TX,062813BL01,27.9337,-96.8912,8,13,856,26.9,26.8,25.4,35.6,36.7,35.9,5.8,5.5,4.2,27.9337,-96.8912,0,957,13,27.9492,-96.8825,856,0,NA,61,"BL, OY, SY, TY",15,100,100,,,2013-06-28,2013,0,2,0,2
1817,50,2013-06-28,67,TX,062813BL02,27.9333,-96.8395,13,17,1150,27.1,26.1,24.9,35.7,35.7,35.7,5.9,5.6,4.8,27.9333,-96.8395,0,1250,17,27.947,-96.8253,1150,0,NA,60,"BL, OY, SY, TY",15,100,100,,,2013-06-28,2013,0,17,0,17
1818,50,2013-07-10,67,TX,071013BL01,27.7667,-96.9745,4,18,822,28.5,28.4,28.4,36.8,36.9,36.9,5.6,5.6,5.4,27.7667,-96.9745,0,922,18,27.7838,-96.9792,822,0,NA,60,"BL, OY, SY, TY",15,100,100,,,2013-07-10,2013,NA,NA,0,0
1819,50,2013-07-10,67,TX,071013BL02,27.7842,-97.0645,4,8.2,1138,29.3,29.1,29.4,37,37,36.9,36.9,6,5.3,27.7842,-97.0645,0,1238,8.2,27.8013,-97.0547,1138,0,NA,60,"BL, OY, SY, TY",15,100,100,,,2013-07-10,2013,NA,NA,0,0
1820,50,2013-08-29,67,TX,082913BL01,27.683,-97.008,4,21,830,29.4,29.4,29.3,37.1,37.1,31.9,5.2,5.1,5.5,27.683,-97.008,0,937,21,27.6662,-97.0188,830,0,NA,67,"BL, OY, SY, TY",15,100,100,,,2013-08-29,2013,NA,NA,0,0
1821,50,2013-08-29,67,TX,082913BL02,27.75,-96.9,5,22.3,1122,29.9,29.8,30.2,37.1,37.2,37.1,5.5,5.4,5.4,27.75,-96.9,0,1222,22.3,27.7492,-96.9158,1122,0,NA,60,"BL, OY, SY, TY",15,100,100,,,2013-08-29,2013,NA,NA,0,0
1822,50,2013-09-06,67,TX,090613BL01,27.9163,-96.9247,7,14,905,30,30.2,30,35.5,35.7,35.9,5.9,5.6,5.6,27.9163,-96.9247,0,1005,14,27.8992,-96.9362,905,0,NA,60,"BL, OY, SY, TY",15,100,100,,,2013-09-06,2013,NA,NA,0,0
1823,50,2013-09-06,67,TX,090613BL02,27.883,-96.973,5,12.8,1148,30.2,30.3,30.4,35,35.4,35.9,6.1,5.9,5.8,27.883,-96.973,0,1256,12.8,27.8645,-96.983,1148,0,NA,68,"BL, OY, SY, TY",15,100,100,,,2013-09-06,2013,NA,NA,0,0
1824,50,2013-06-27,69,TX,062713BL01,29.2675,-94.618,7,14.3,1001,28.2,28.2,28.2,34.3,34.4,34.4,7.2,7.2,7.2,29.2675,-94.618,0,1101,14.3,29.2833,-94.6297,1001,0,NA,60,"BL, OY, SY, TY",15,100,100,,,2013-06-27,2013,0,16,0,16
1825,50,2013-06-27,69,TX,062713BL02,29.2347,-94.8337,3,8.5,1415,28.6,27.9,25.7,34.5,34.6,35.1,7.1,8.9,5.6,29.2347,-94.8337,0,1515,8.5,29.2528,-94.8328,1415,0,NA,60,"BL, OY, SY, TY",15,100,100,,,2013-06-27,2013,0,3,0,3
1826,50,2013-08-01,69,TX,080113BL01,29.4003,-94.5495,3,10.3,1005,24.2,24.2,24.3,37.3,37.5,37.8,5.6,5.4,5,29.4003,-94.5495,0,1105,10.3,29.4128,-94.53,1005,0,NA,60,"BL, OY, SY, TY",15,100,100,,,2013-08-01,2013,NA,NA,0,0
1827,50,2013-08-01,69,TX,080113BL02,29.4178,-94.5487,4,9.7,1230,24.7,24.3,24.4,37.7,37.6,37.8,5.8,5.4,4.9,29.4178,-94.5487,0,1330,9.7,29.428,-94.5288,1230,0,NA,60,"BL, OY, SY, TY",15,100,100,,,2013-08-01,2013,0,1,0,1
1828,50,2013-08-21,69,TX,082113BL01,29.2838,-94.6653,3,11.6,947,29.8,29.8,30,35.3,35.5,36,6.9,6.7,6.4,29.2838,-94.6653,0,1047,11.6,29.2903,-94.6462,947,0,NA,60,"BL, OY, SY, TY",15,100,100,,,2013-08-21,2013,0,1,0,1
1829,50,2013-08-21,69,TX,082113BL02,29.2983,-94.6838,3.5,8.5,1213,30.1,29.9,29.8,35.7,35.7,35.7,7.2,7,6.8,29.2983,-94.6838,0,1313,8.5,29.288,-94.7033,1213,0,NA,60,"BL, OY, SY, TY",15,100,100,,,2013-08-21,2013,0,2,0,2
1830,50,2013-09-25,69,TX,092513BL01,29.2003,-94.6487,3.5,16.5,1350,30.2,27.7,27.6,27.3,28.5,30.2,8,6.5,6.6,29.2003,-94.6487,0,1450,16.5,29.1992,-94.628,1350,0,NA,60,"BL, OY, SY, TY",15,100,100,,,2013-09-25,2013,0,5,0,5
1831,50,2013-09-27,69,TX,092513BL01,29.302,-94.5837,3.5,14.3,1007,27.9,27.9,28.2,25.5,25.5,31.4,7.5,7.4,7.1,29.302,-94.5837,0,1107,14.3,29.312,-94.6025,1007,0,NA,60,"BL, OY, SY, TY",15,100,100,,,2013-09-27,2013,0,5,0,5
1832,50,2013-09-30,69,TX,093013BL01,29.2347,-94.663,2.5,15.2,1143,27.8,27.6,27.8,26.1,26.6,29,8,7.8,5.6,29.2347,-94.663,0,1243,15.2,29.2462,-94.647,1143,0,NA,60,"BL, OY, SY, TY",15,100,100,,,2013-09-30,2013,0,2,0,2
1833,50,2013-09-30,69,TX,093013BL02,29.3692,-94.4972,3,13.1,1443,28.2,27.8,28,27.4,28.8,30,7.9,6.9,5.9,29.3692,-94.4972,0,1543,13.1,29.3872,-94.49,1443,0,NA,60,"BL, OY, SY, TY",15,100,100,,,2013-09-30,2013,NA,NA,0,0
1834,51,2014-07-09,67,TX,070914BL01,27.9208,-96.9722,5,10,825,29.1,29,29,37.4,37.3,37.4,4.3,4.4,4.6,27.9328,-96.9569,0,925,9.9,27.9208,-96.9722,825,0,10,60,"BL, OY, SY, TY",15,100,100,,,2014-07-09,2014,0,2,0,2
1835,51,2014-07-09,67,TX,070914BL02,27.85,-96.8483,10,20,1133,28.6,28.6,28.3,36.9,36.8,36.9,4.3,4.3,4.5,27.8664,-96.84,0,1233,20,27.85,-96.8483,1133,0,20,60,"BL, OY, SY, TY",15,100,100,,,2014-07-09,2014,0,8,0,8
1836,51,2014-07-30,67,TX,073014BL01,27.6817,-97.113,7,14,904,25.6,23.5,23.7,37.3,37.3,37.2,4.6,4.8,4.6,27.6992,-97.1069,0,1013,13.8,27.6817,-97.113,904,0,14,69,"BL, OY, SY, TY",15,100,100,,,2014-07-30,2014,NA,NA,0,0
1837,51,2014-07-30,67,TX,073014BL02,27.6142,-97.0172,16,21.6,1148,26.3,24.3,23.6,37.4,37.4,37.4,4.3,4.5,4.8,27.6314,-97.0222,0,1254,21.3,27.6142,-97.0172,1148,0,21.6,66,"BL, OY, SY, TY",15,100,100,,,2014-07-30,2014,0,1,0,1
1838,51,2014-08-13,67,TX,081314BL01,27.8663,-96.9578,8,13.8,810,28.8,28.7,27.6,37.3,37.3,37.4,3.9,3.9,4.5,27.8653,-97.9561,0,910,13.8,27.8508,-96.949700000000007,810,0,13.8,60,"BL, OY, SY, TY",15,100,100,,,2014-08-13,2014,0,4,0,4
1839,51,2014-08-13,67,TX,081314BL02,27.7662,-96.958,13.5,19.7,1041,28.9,28.6,26.6,37.4,37.3,37.3,3.8,3.9,4.2,27.7653,-96.9564,0,1141,19.7,27.7503,-96.9511,1041,0,19.7,60,"BL, OY, SY, TY",15,100,100,,,2014-08-13,2014,0,1,0,1
1840,51,2014-08-26,67,TX,082614BL01,27.6647,-97.0058,15.8,21.5,1053,27.6,26.3,24.5,37.3,37.2,37.3,3.9,4.1,4.5,27.6803,-97.0003,0,1202,20.7,27.6647,-97.0058,1053,0,21.5,69,"BL, OY, SY, TY",15,100,100,,,2014-08-26,2014,NA,NA,0,0
1841,51,2014-08-26,67,TX,082614BL02,27.7187,-97.0937,11,13.1,1413,29.1,27.4,25.3,37.3,37.3,37.3,4,4,4.2,27.7019,-97.1011,0,1514,13.1,27.7187,-97.0937,1413,0,13.1,61,"BL, OY, SY, TY",15,100,100,,,2014-08-26,2014,NA,NA,0,0
1842,51,2014-09-11,67,TX,091114BL01,27.7817,-97.0588,4,20.7,905,29.4,29.3,29,37.2,37.2,37.1,4.3,3.4,4.6,27.7997,-97.0578,0,1005,21,27.7817,-97.0588,905,0,20.7,60,"BL, OY, SY, TY",15,100,100,,,2014-09-11,2014,NA,NA,0,0
1843,51,2014-09-11,67,TX,091114BL02,27.7842,-97.0205,8,12.3,1127,29.6,29.5,29.4,37,37,37.1,3.5,3.4,4.6,27.7992,-97.01,0,1227,12.1,27.7842,-97.0205,1127,0,12.3,60,"BL, OY, SY, TY",15,100,100,,,2014-09-11,2014,NA,NA,0,0
1844,51,2014-07-14,69,TX,071414BL01,29.1972,-94.6853,5.5,16.8,1112,30.3,30.2,28.9,31.8,31.9,32.4,6.7,6.7,5.2,29.215,-94.6858,0,1212,15.2,29.1972,-94.6853,1112,0,16.8,60,"BL, OY, SY, TY",15,100,100,,,2014-07-14,2014,0,6,0,6
1845,51,2014-07-14,69,TX,071414BL02,29.247,-94.6908,5.5,11.3,1335,30.6,30.3,29.2,31.2,31.9,32.3,6.5,6.3,5,29.2639,-94.6861,0,1435,11.3,29.247,-94.6908,1335,0,11.3,60,"BL, OY, SY, TY",15,100,100,,,2014-07-14,2014,0,4,0,4
1846,51,2014-07-29,69,TX,072914BL01,29.1172,-94.795,3,16.5,1041,29.4,29,28.4,34.3,34.5,34.6,6.7,6.6,6.7,29.1322,-94.7836,0,1141,16.1,29.1172,-94.795,1041,0,16.5,60,"BL, OY, SY, TY",15,100,100,,,2014-07-29,2014,0,10,0,10
1847,51,2014-07-29,69,TX,072914BL02,29.1862,-94.8,4.5,12.8,1333,28.6,27.6,27.6,34,34.5,34.5,6.9,6.8,6.8,29.1983,-94.7844,0,1433,12.2,29.1862,-94.8,1333,0,12.8,60,"BL, OY, SY, TY",15,100,100,,,2014-07-29,2014,0,10,0,10
1848,51,2014-07-31,69,TX,073114BL01,29.3863,-94.6745,3,7.3,928,28.9,28.9,28.9,33.2,33.2,33.2,6.9,6.9,6.8,29.3692,-94.6669,0,1028,8.5,29.3863,-94.6745,928,0,7.3,60,"BL, OY, SY, TY",15,100,100,,,2014-07-31,2014,0,4,0,4
1849,51,2014-07-31,69,TX,073114BL02,29.388,-94.6512,4,8.5,1210,29.3,29.3,28.9,33.2,33.2,33.1,7.1,7.1,7.1,29.3994,-94.635,0,1310,8.2,29.388,-94.6512,1210,0,8.5,60,"BL, OY, SY, TY",15,100,100,,,2014-07-31,2014,0,2,0,2
1850,51,2014-08-07,69,TX,080714BL01,29.1658,-94.8008,8,14.9,1239,30,29.9,29.9,33,33,33.1,6.9,6.9,6.8,29.1508,-94.8136,0,1339,15.2,29.1658,-94.8008,1239,0,14.9,60,"BL, OY, SY, TY",15,100,100,,,2014-08-07,2014,0,3,0,3
1851,51,2014-08-07,69,TX,080714BL02,29.1497,-94.802,4.5,15.2,1457,30.3,30.1,29.9,33.1,33.1,33.1,7,7,7,29.1347,-94.8153,0,1557,15.5,29.1497,-94.802,1457,0,15.2,60,"BL, OY, SY, TY",15,100,100,,,2014-08-07,2014,NA,NA,0,0
1852,51,2014-08-14,69,TX,081414BL01,29.443,-94.59,2.5,6.7,1018,30.2,30.2,30.2,32.3,32.3,32.3,6.4,6.4,6.4,29.4506,-94.5708,0,1118,7.3,29.443,-94.59,1018,0,6.7,60,"BL, OY, SY, TY",15,100,100,,,2014-08-14,2014,NA,NA,0,0
1853,51,2014-08-14,69,TX,081414BL02,29.3047,-94.5883,5,12.8,1511,30.7,30.6,30.5,32.9,32.9,33,7,7,6.9,29.3164,-94.5697,0,1611,13.1,29.3047,-94.5883,1511,0,12.8,60,"BL, OY, SY, TY",15,100,100,,,2014-08-14,2014,0,1,0,1
1854,51,2014-09-09,87,TX,090914BL01,28.447,-96.2095,6.5,12.2,1133,29.9,29.8,29.8,33.5,33.5,33.5,7.3,7.2,6.9,28.447,-96.2095,0,1233,12.2,28.4397,-96.2283,1133,0,12.2,60,"BL, OY, SY, TY",15,100,100,,,2014-09-09,2014,NA,NA,0,0
1855,51,2014-09-09,87,TX,090914BL02,28.4828,-96.1763,6,10.1,1419,30.2,29.9,29.8,33.3,33.3,33.3,7.8,7.7,7.3,28.4828,-96.1763,0,1519,10.1,28.4917,-96.1587,1419,0,10.1,60,"BL, OY, SY, TY",15,100,100,,,2014-09-09,2014,0,3,0,3
1856,51,2014-09-11,87,TX,091114BL03,28.3242,-96.3825,5,11.3,1023,29.8,29.8,29.8,34,34,34.1,4.1,4.6,4.8,28.3242,-96.3825,0,1123,11.3,28.342,-96.3753,1023,0,11.3,60,"BL, OY, SY, TY",15,100,100,,,2014-09-11,2014,0,2,0,2
1857,51,2014-09-11,87,TX,091114BL04,28.2797,-96.3917,8,15.2,1256,30.1,29.8,29.7,34,34,34,4,5,4.4,28.2797,-96.3917,0,1356,15.2,28.2925,-96.3763,1256,0,15.2,60,"BL, OY, SY, TY",15,100,100,,,2014-09-11,2014,0,2,0,2
1858,52,2015-05-31,67,TX,053115BL01,27.2838,-97.3288,8.9,10.2,806,27.6,27.6,27.6,28.3,28.3,28.3,5.5,5.6,5.6,27.268,-97.3355,0,906,8.9,27.2838,-97.3288,806,0,10.2,60,"BL, OY, SY, TY",15,100,100,,,2015-05-31,2015,0,7,0,7
1859,52,2015-05-31,67,TX,053115BL02,27.803,-97.063,5.5,6.3,1303,27.8,27.7,27.7,23.6,24.2,24.7,6.1,5.5,5.4,27.803,-97.0633,0,1410,6.2,27.8128,-97.0561,1303,0,6.3,67,"BL, OY, SY, TY",15,100,100,,,2015-05-31,2015,0,5,0,5
1860,52,2015-07-27,67,TX,072715BL01,27.853,-97.0237,2.5,10,831,25.8,25.6,25.4,33.3,33.4,33.4,4.5,4.3,4.1,27.8358,-97.0262,0,931,9.8,27.853,-97.0237,831,0,10,60,"BL, OY, SY, TY",15,100,100,,,2015-07-27,2015,0,2,0,2
1861,52,2015-07-30,67,TX,073015BL01,27.8133,-97.0483,2.3,7,810,28.5,26.6,25.9,32.8,33.3,33.3,4.9,4.6,4.8,27.8112,-97.0362,0,912,6.7,27.8133,-97.0483,810,0,7,62,"BL, OY, SY, TY",15,100,100,,,2015-07-30,2015,0,4,0,4
1862,52,2015-08-25,67,TX,082515BL01,27.9728,-96.928,4,7.8,850,30.4,30.3,30.2,37.1,37.1,37.1,5.4,6,5.8,27.9867,-96.9163,0,953,7.8,27.9728,-96.928,850,0,7.8,63,"BL, OY, SY, TY",15,101,101,,101 hooks,2015-08-25,2015,NA,NA,0,0
1863,52,2015-08-25,67,TX,082515BL02,27.6587,-97.1592,3.2,10.1,1216,31.3,30.3,30,37.5,37.5,37.4,5.4,6,6,27.6737,-97.1512,0,1316,10.1,27.6587,-97.1592,1216,0,10.1,60,"BL, OY, SY, TY",15,100,100,,,2015-08-25,2015,0,5,0,5
1864,52,2015-05-28,69,TX,052815BL01,29.4117,-94.6512,0.8,7.6,837,26.3,26.8,27,15.8,18.8,19.4,5,5,6.1,29.4103,-94.6697,0,937,5.5,29.4117,-94.6512,837,0,7.6,60,"BL, OY, SY, TY",15,98,98,,98 hooks,2015-05-28,2015,NA,NA,0,0
1865,52,2015-05-28,69,TX,052815BL02,29.2862,-94.7625,0.7,7.3,1248,27.5,27.1,26.7,15.1,15.4,20.3,5.2,5.8,6.6,29.2903,-94.7444,0,1353,6.7,29.2862,-94.7625,1248,0,7.3,65,"BL, OY, SY, TY",15,100,100,,,2015-05-28,2015,NA,NA,0,0
1866,52,2015-06-30,69,TX,063015BL01,29.0613,-95.1053,0.9,9.8,1032,27.8,27.1,26.9,32.2,32.6,33.2,3.9,4.1,4.1,29.0678,-95.0892,0,1132,8.7,29.0613,-95.1053,1032,0,9.8,60,"BL, OY, SY, TY",15,100,100,,,2015-06-30,2015,0,3,0,3
1867,52,2015-07-28,69,TX,072815BL01,29.66,-94.01,1.5,5.2,1506,30,29.4,29,33.7,33.8,33.8,5,5.1,5.1,29.6525,-94.0306,0,1606,4.3,29.66,-94.01,1506,0,5.2,60,"BL, OY, SY, TY",15,100,100,,,2015-07-28,2015,NA,NA,0,0
1868,52,2015-07-28,69,TX,072815BL02,29.5108,-94.4117,1.3,8.2,1139,31.4,31.3,30.4,32.9,33,32.9,4.4,4.5,4.6,29.5019,-94.4275,0,1239,7.3,29.5108,-94.4117,1139,0,8.2,60,"BL, OY, SY, TY",15,100,100,,,2015-07-28,2015,NA,NA,0,0
1869,52,2015-08-11,69,TX,081115BL01,28.9803,-95.2075,1.6,9.8,1023,28.5,28.5,27.4,34.6,34.6,34.9,4.7,4.6,4.7,28.9667,-95.2233,0,1123,9.8,28.9803,-95.2075,1023,0,9.8,60,"BL, OY, SY, TY",15,100,100,,,2015-08-11,2015,0,2,0,2
1870,52,2015-08-11,69,TX,081115BL02,29.122,-95.0447,1,6.1,1323,30.7,28.9,28.8,34.7,34.8,34.8,4.5,4.8,4.8,29.1111,-95.0625,0,1423,6.1,29.122,-95.0447,1323,0,6.1,60,"BL, OY, SY, TY",15,100,100,,,2015-08-11,2015,NA,NA,0,0
1871,52,2015-09-24,69,TX,092415BL01,29.5505,-94.3417,1.5,7,1433,28.8,28.8,28.8,24.1,24.1,24.1,4.5,4.6,4.7,29.5511,-94.3211,0,1540,7.3,29.5505,-94.3417,1433,0,7,67,"BL, OY, SY, TY",15,90,90,B,"90 hooks set, lost anchor, picked up opposite end",2015-09-24,2015,NA,NA,0,0
1872,52,2015-09-25,69,TX,092515BL01,29.6353,-93.9513,1.2,6.7,924,28.3,28.3,28.3,23.6,23.6,23.6,4.4,4.9,4.9,29.6358,-93.9717,0,1026,6.7,29.6353,-93.9513,924,0,6.7,62,"BL, OY, SY, TY",15,100,100,,,2015-09-25,2015,NA,NA,0,0
1873,52,2015-09-25,69,TX,092515BL02,29.5345,-94.2488,1.6,11.3,1240,28.6,28.4,28.4,23.5,23.9,25.7,5.4,5.4,5.3,29.5397,-94.2689,0,1340,10.1,29.5345,-94.2488,1240,0,11.3,60,"BL, OY, SY, TY",15,100,100,,,2015-09-25,2015,NA,NA,0,0
1874,52,2015-06-10,87,TX,061015BL01,28.627,-95.8303,5,10.7,0,29.9,27.3,25.5,23.4,29.3,33.5,6.8,4.1,0.2,28.625,-95.8303,0,1248,10.4,28.6181,-95.8497,1147,0,10.7,61,"BL, OY, SY, TY",15,100,100,,,2015-06-10,2015,0,6,0,6
1875,52,2015-06-11,87,TX,061115BL02,28.2017,-96.6453,3,7.9,1217,28.8,28.4,27.7,26.5,27.3,28.5,6.6,6.1,4.5,28.2006,-96.6453,0,1317,7.3,28.19,-96.6617,1217,0,7.9,60,"BL, OY, SY, TY",15,100,100,,,2015-06-11,2015,0,1,0,1
1876,52,2015-08-12,87,TX,081215BL01,28.2208,-96.6053,2,6.4,1052,29.6,29.2,27.4,37.5,37.3,37.3,6,5.8,5.2,28.23,-96.6047,0,1153,5.2,28.2208,-96.6053,1052,0,6.4,61,"BL, OY, SY, TY",15,100,100,,,2015-08-12,2015,0,3,0,3
1877,53,2016-06-07,67,TX,060716BL01,27.185,-97.3572,8,8.2,952,27.5,27.5,27.5,27.7,27.8,28,6.3,6.5,6.5,27.167,-97.3588,0,1049,8,27.185,-97.3572,952,0,8.2,57,"BL, OY, SY, TY",15,101,101,M,101 hooks set,2016-06-07,2016,0,4,0,4
1878,53,2016-06-07,67,TX,060716BL02,27.3342,-97.3253,6.1,4,1223,27.7,27.8,27.6,26.9,26.9,27.1,6.3,6.2,5.9,27.317,-97.327,0,1318,4,27.3342,-97.3253,1223,0,4,55,"BL, OY, SY, TY",15,101,101,M,101 hooks set,2016-06-07,2016,0,1,0,1
1879,53,2016-07-18,67,TX,071816BL01,27.1158,-97.367,9.2,9.2,1020,27.1,27,26.9,35.8,35.8,35.8,6.4,6.5,6.5,27.1322,-97.362,0,1120,9.2,27.1158,-97.367,1020,0,9.2,60,"BL, OY, SY, TY",15,100,100,,,2016-07-18,2016,0,4,0,4
1880,53,2016-07-18,67,TX,071816BL02,27.6813,-97.1528,5,8,1520,30.6,30.1,29.6,35.8,35.8,35.8,7.1,7.1,7.2,27.697,-97.1433,0,1620,8,27.6813,-97.1528,1520,0,8,60,"BL, OY, SY, TY",15,100,100,,,2016-07-18,2016,0,1,0,1
1881,53,2016-08-03,67,TX,080316BL01,27.5012,-97.245,4,10.1,930,29.1,27.6,29.1,35.9,35.9,35.9,6.3,6.2,6.1,27.5025,-97.235,0,1030,9.4,27.5012,-97.245,930,0,10.1,60,"BL, OY, SY, TY",15,100,100,,,2016-08-03,2016,0,3,0,3
1882,53,2016-08-03,67,TX,080316BL02,27.6842,-97.1578,3.5,5.2,1308,30.8,28.5,28.5,36,35.9,35.9,6.6,6.5,6.2,27.6987,-97.1467,0,1408,2.9,27.6842,-97.1578,1308,0,5.2,60,"BL, OY, SY, TY",15,100,100,,,2016-08-03,2016,0,10,0,10
1883,53,2016-05-23,69,TX,052316BL01,29.52,-94.3103,2,9.7,1556,26.5,26.5,25.9,19,19,20.2,7.2,7,6.5,29.5183,-94.3328,0,1656,10.4,29.52,-94.3103,1556,0,9.7,60,"BL, OY, SY, TY",15,100,100,,,2016-05-23,2016,0,22,0,22
1884,53,2016-05-30,69,TX,053016BL01,29.682,-93.6867,1,8.5,1306,29.6,28,26.9,12.8,13,13.4,11,9.1,7.5,29.6788,-93.7067,0,1406,8.2,29.682,-93.6867,1306,0,8.5,60,"BL, OY, SY, TY",15,100,29,"A, B, H, M","100 hooks set, only 29 recovered after main line was cut and ran over by shrimp trawler",2016-05-30,2016,NA,NA,0,0
1885,53,2016-05-31,69,TX,053116BL01,29.667,-93.8097,0.3,6.4,1032,28,27.1,27.4,9.9,21.2,27.4,8.7,6,6.1,29.6712,-93.792,0,1132,7.6,29.667,-93.8097,1032,0,6.4,60,"BL, OY, SY, TY",15,100,100,,,2016-05-31,2016,0,4,0,4
1886,53,2016-05-31,69,TX,053116BL02,29.572,-94.0283,1,9.7,1350,28.6,28.2,26.2,14.8,14.9,29.7,9.7,10.5,6.4,29.578,-94.0092,0,1450,9.1,29.572,-94.0283,1350,0,9.7,60,"BL, OY, SY, TY",15,100,100,,,2016-05-31,2016,0,13,0,13
1887,53,2016-05-31,69,TX,053116BL03,29.6633,-94.02,0.5,4,1655,29.6,29.6,28.2,13.4,13.3,14.4,9.5,11,10.3,29.6505,-94.0045,0,1755,5.5,29.6633,-94.02,1655,0,4,60,"BL, OY, SY, TY",15,100,100,,,2016-05-31,2016,NA,NA,0,0
1888,53,2016-06-30,69,TX,063016BL01,29.5095,-94.3522,8.5,8.2,916,29.9,29.8,29.5,27.6,27.6,29,6.1,6,2.6,29.5045,-94.3697,0,1020,9.1,29.5095,-94.3522,916,0,8.2,64,"BL, OY, SY, TY",15,91,91,M,91 hooks set,2016-06-30,2016,0,28,0,28
1889,53,2016-06-30,69,TX,063016BL02,29.4997,-94.4397,4.5,7.3,1142,29.9,29.8,29.7,27.5,27.5,27.6,6.2,6.1,5.6,29.4942,-94.4588,0,1243,6.4,29.4997,-94.4397,1142,0,7.3,61,"BL, OY, SY, TY",15,100,100,,,2016-06-30,2016,0,4,0,4
1890,53,2016-06-30,69,TX,063016BL03,29.423,-94.6362,5,5.5,1448,31.4,31.2,30.5,25.9,25.9,27.3,6.8,6.7,5.1,29.4097,-94.6487,0,1549,6.1,29.423,-94.6362,1448,0,5.5,61,"BL, OY, SY, TY",15,100,100,,,2016-06-30,2016,NA,NA,0,0
1891,53,2016-09-07,69,TX,090716BL01,29.502,-94.4395,1,7.9,1439,31.7,30.5,30.4,20.8,21.4,22.1,9.7,7.1,4.7,29.5013,-94.4397,0,1549,9.1,29.502,-94.4395,1439,0,7.9,70,"BL, OY, SY, TY",15,100,100,A,,2016-09-07,2016,0,1,0,1
1892,53,2016-09-08,69,TX,090816BL01,29.6363,-93.9308,3,7.3,1013,30.8,30.2,30.1,18.5,20.4,27.1,4.4,3.4,3.1,29.6363,-93.9508,0,1114,6.1,29.6363,-93.9308,1013,0,7.3,61,"BL, OY, SY, TY",15,100,100,,,2016-09-08,2016,0,1,0,1
1893,53,2016-09-08,69,TX,090816BL02,29.5867,-94.0513,2,9.1,1338,31.8,30.6,30,18.8,22.1,22.8,8.2,6.8,4.6,29.5813,-94.0328,0,1442,9.4,29.5867,-94.0513,1338,0,9.1,64,"BL, OY, SY, TY",15,100,100,,,2016-09-08,2016,NA,NA,0,0
1894,53,2016-09-08,69,TX,090816BL03,29.6058,-94.2022,1,6.1,1600,32.4,31,30.3,19,20.9,22,8.9,8.8,6.5,29.613,-94.1845,0,1700,6.1,29.6058,-94.2022,1600,0,6.1,60,"BL, OY, SY, TY",15,100,100,,,2016-09-08,2016,NA,NA,0,0
1895,53,2016-04-07,87,TX,040716BL01,28.628,-95.8325,3.3,10.3,1022,20.4,20,20.1,27.3,32.5,34,7.7,6.3,6.8,28.628,-95.8525,0,1122,10.3,28.628,-95.8325,1022,0,10.3,60,"BL, OY, SY, TY",15,100,100,,,2016-04-07,2016,0,5,0,5
1896,53,2016-04-07,87,TX,040716BL02,28.4825,-96.1838,1.3,9.8,1349,21.7,20.2,20,27.9,29.5,33.7,8.3,6.8,6.6,28.4828,-96.203,0,1450,9.8,28.4825,-96.1838,1349,0,9.8,61,"BL, OY, SY, TY",15,100,100,,,2016-04-07,2016,0,5,0,5
1897,53,2016-06-29,87,TX,062916BL01,28.2738,-96.5092,2.3,7.9,1149,30.3,29.9,28.6,22.5,27.8,31.7,6.5,6.3,0.4,28.2653,-96.5283,0,1249,7.9,28.2738,-96.5092,1149,0,7.9,60,"BL, OY, SY, TY",15,100,100,,,2016-06-29,2016,NA,NA,0,0
1898,53,2016-06-29,87,TX,062916BL02,28.162,-96.7017,3.5,8,1452,31.7,31.3,30.9,28.7,29.3,29.4,7.6,8.1,7.2,28.1497,-96.718,0,1555,7.9,28.162,-96.7017,1452,0,8,63,"BL, OY, SY, TY",15,100,100,,,2016-06-29,2016,NA,NA,0,0
1899,53,2016-08-03,87,TX,080316BL01,28.3703,-96.362,1.8,7.6,1047,31.2,30.9,30.6,35.6,35.6,35.5,7.4,7.4,6.6,28.3872,-96.3525,0,1147,7,28.3703,-96.362,1047,0,7.6,60,"BL, OY, SY, TY",15,100,100,,,2016-08-03,2016,0,3,0,3
1900,53,2016-08-03,87,TX,080316BL02,28.2603,-96.512,3.3,9.4,1347,31.3,30.6,30.5,35.8,35.8,35.8,7.7,7.6,6.9,28.265,-96.4925,0,1447,8.9,28.2603,-96.512,1347,0,9.4,60,"BL, OY, SY, TY",15,100,100,,,2016-08-03,2016,0,10,0,10
1901,54,2017-07-11,67,TX,071117BL01,27.2347,-97.3497,6,6.9,1022,28.4,28.4,28.3,33.5,33.6,33.4,5.7,5.7,5.7,27.2165,-97.3511,0,1122,5.3,27.2347,-97.3497,1022,0,6.9,60,"BL, OY, SY, TY",15,100,100,,,2017-07-11,2017,NA,NA,0,0
1902,54,2017-07-11,67,TX,071117BL02,27.5488,-97.2294,5,5.9,1425,29.5,29.4,29.3,33,32.9,32.9,5.8,5.8,5.8,27.5311,-97.2189,0,1525,5.1,27.5488,-97.2294,1425,0,5.9,60,"BL, OY, SY, TY",15,100,100,,,2017-07-11,2017,NA,NA,0,0
1903,54,2017-08-23,67,TX,082317BL01,27.5667,-97.2169,4,7.9,855,29.8,29.5,29.2,33.9,33.9,33.8,5.4,5.5,5.7,27.5831,-97.2065,0,955,7.8,27.5667,-97.2169,855,0,7.9,60,"BL, OY, SY, TY",15,100,100,,,2017-08-23,2017,0,6,0,6
1904,54,2017-08-23,67,TX,082317BL02,27.75,-97.0986,4.5,6.5,1331,30.6,30.4,29.5,34,33.9,33.9,5.6,5.7,5.8,27.7675,-97.0933,0,1431,6.4,27.75,-97.0986,1331,0,6.5,60,"BL, OY, SY, TY",15,100,100,,,2017-08-23,2017,0,1,0,1
1905,54,2017-07-05,69,TX,070517BL01,29.2492,-94.8375,1.5,8.8,955,29.2,29.2,28.2,27.4,27.4,28.6,5.7,5.4,3.1,29.23,-94.8458,0,1055,8.8,29.2492,-94.8375,955,0,8.8,60,"BL, OY, SY, TY",15,100,100,,,2017-07-05,2017,NA,NA,0,0
1906,54,2017-07-05,69,TX,070517BL02,29.455,-94.5658,1,7,1345,30.3,29.7,28.7,24.7,24.8,27,6.9,5.7,2.8,29.4719,-94.5597,0,1445,4.9,29.455,-94.5658,1345,0,7,60,"BL, OY, SY, TY",15,100,100,,,2017-07-05,2017,NA,NA,0,0
1907,54,2017-07-18,69,TX,071817BL01,29.6097,-94.1822,2,8.2,937,30,30.4,29.9,21.2,21,25.6,5,2.9,3.3,29.5933,-94.1742,0,1037,8.2,29.6097,-94.1822,937,0,8.2,60,"BL, OY, SY, TY",15,100,100,,,2017-07-18,2017,NA,NA,0,0
1908,54,2017-07-18,69,TX,071817BL02,29.6497,-93.9483,1,5.2,1236,30,30,30.1,20.1,20.2,20.1,4.8,5.1,5.7,29.6561,-93.9297,0,1336,4.6,29.6497,-93.9483,1236,0,5.2,60,"BL, OY, SY, TY",15,100,100,,,2017-07-18,2017,NA,NA,0,0
1909,54,2017-07-18,69,TX,071817BL03,29.5822,-93.8483,1,10,1500,30.2,30,28.8,19.2,24.2,28.6,4.6,1.1,2,29.5817,-93.8289,0,1601,10,29.5822,-93.8483,1500,0,10,61,"BL, OY, SY, TY",15,100,100,,,2017-07-18,2017,NA,NA,0,0
1910,54,2017-10-18,69,TX,101817BL01,29.25,-94.8169,3,8.8,1129,25.9,25.7,25.7,29.8,29.3,29.4,6.3,6.2,5.9,29.2367,-94.83,0,1230,8.8,29.25,-94.8169,1129,0,8.8,61,"BL, OY, SY, TY",15,100,100,,,2017-10-18,2017,NA,NA,0,0
1911,54,2017-10-18,69,TX,101817BL02,29.3136,-94.71,2.5,7.9,1410,25.8,25.9,26,28.7,29.8,30,6.3,6.2,6.2,29.2964,-94.71,0,1513,7.9,29.3136,-94.71,1410,0,7.9,63,"BL, OY, SY, TY",15,100,100,,,2017-10-18,2017,NA,NA,0,0
1912,54,2017-10-30,69,TX,103017BL01,29.605,-94.0778,1,7.3,1004,21.9,21.9,21.9,33.6,33.6,33.6,6.7,6.6,6.7,29.6178,-94.063,0,1110,7.3,29.605,-94.0778,1004,0,7.3,66,"BL, OY, SY, TY",15,100,100,,,2017-10-30,2017,NA,NA,0,0
1913,54,2017-10-30,69,TX,103017BL02,29.6086,-93.94,1,5.8,1349,21.8,21.8,21.5,32.6,32.6,32.6,7.6,7.6,7.5,29.6233,-93.9292,0,1450,5.8,29.6086,-93.94,1349,0,5.8,61,"BL, OY, SY, TY",15,100,100,,,2017-10-30,2017,NA,NA,0,0
1914,54,2017-07-10,87,TX,071017BL01,28.8667,-95.3233,5.5,11.8,1134,30.3,28.5,26.5,31.7,33,34.3,6.5,2.6,0.1,28.8792,-95.3072,0,1236,11.9,28.8667,-95.3233,1134,0,11.8,62,"BL, OY, SY, TY",15,100,100,,,2017-07-10,2017,0,8,0,8
1915,54,2017-07-10,87,TX,071017BL02,28.6711,-95.7669,2.8,8.2,1714,31.2,29.8,28.4,32.1,32.8,33.9,7,6.1,2.9,28.6808,-95.7481,0,1815,8.1,28.6711,-95.7669,1714,0,8.2,61,"BL, OY, SY, TY",15,100,100,,,2017-07-10,2017,NA,NA,0,0
1916,54,2017-08-23,87,TX,082317BL03,28.6097,-95.8714,1,9.8,857,31.2,31.2,31.2,36.9,36.9,36.9,6.5,6.4,6.4,28.6008,-95.8903,0,957,9.5,28.6097,-95.8714,857,0,9.8,60,"BL, OY, SY, TY",15,100,100,,,2017-08-23,2017,NA,NA,0,0
1917,54,2017-08-23,87,TX,082317BL04,28.9117,-95.3042,2.5,8.4,1326,31,31.1,30.9,35.7,35.8,36,6.9,6.9,6.3,28.9003,-95.3208,0,1426,8.2,28.9117,-95.3042,1326,0,8.4,60,"BL, OY, SY, TY",15,100,100,,,2017-08-23,2017,NA,NA,0,0
1918,55,2018-04-25,87,TX,042518BL01,28.942,-95.2655,2.2,8.4,820,21.8,21.6,21.3,28.3,29.3,31.5,6.3,5.4,4.9,28.9569,-95.2519,802,920,8.1,28.942,-95.2655,820,0,8.4,60,"BL, OY, SY, TY",15,100,100,,,2018-04-25,2018,0,20,0,20
1919,55,2018-04-25,87,TX,042518BL02,28.2288,-96.6033,5,6.8,1700,24.3,24.2,23.7,30.6,30.7,30.6,7.5,7.5,7.4,28.2406,-96.5864,1640,1800,6.5,28.2288,-96.6033,1700,0,6.8,60,"BL, OY, SY, TY",15,100,100,,,2018-04-25,2018,0,3,0,3
1920,55,2018-07-05,87,TX,070518BL01,28.8087,-95.462,1.5,7.7,1110,28.8,28.2,28.1,35.5,35.4,35.4,6.2,5.9,5.8,28.8036,-95.4831,1052,1210,7.7,28.8087,-95.462,1110,0,7.7,60,"BL, OY, SY, TY",15,100,100,,,2018-07-05,2018,NA,NA,0,0
1921,55,2018-07-05,87,TX,070518BL02,28.5645,-95.9987,2.5,8.6,1657,29.1,28.4,28.1,35.9,35.8,35.9,6.5,6.2,5.4,28.5581,-96.0186,1641,1757,8.6,28.5645,-95.9987,1657,0,8.6,60,"BL, OY, SY, TY",15,100,100,,,2018-07-05,2018,0,1,0,1
1922,55,2018-08-22,87,TX,082218BL01,28.1203,-96.77,1.5,4.3,1440,29.1,28.3,27.7,35.9,35.7,35.7,6.3,6.1,6.2,28.1328,-96.7542,1423,1540,4.3,28.1203,-96.77,1440,0,4.3,60,"BL, OY, SY, TY",15,100,100,,,2018-08-22,2018,NA,NA,0,0
1923,55,2018-08-30,87,TX,083018BL01,28.833,-95.3558,1.5,11,1143,30.4,30.4,30.4,36,36,35.9,5.9,5.8,5.8,28.8269,-95.3764,1125,1243,11,28.833,-95.3558,1143,0,11,60,"BL, OY, SY, TY",15,100,100,,,2018-08-30,2018,NA,NA,0,0
1924,55,2018-05-08,67,TX,050818BL01,27.3003,-97.3312,7.5,7.5,959,25.9,25.9,25.7,32.1,32.5,32.4,7.2,7.3,7.7,27.2897,-97.3324,931,1059,7.4,27.3019,-97.3269,959,0,7.5,60,"BL, OY, SY, TY",15,100,100,,,2018-05-08,2018,0,10,0,10
1925,55,2018-05-08,67,TX,050818BL02,27.9325,-96.9642,7.7,7.7,1421,26.1,26.1,25.8,30.9,30.9,31.1,7.4,7.5,7.5,27.9172,-96.9753,1402,1521,7.6,27.9325,-96.9642,1421,0,7.7,60,"BL, OY, SY, TY",15,100,100,,,2018-05-08,2018,0,11,0,11
1926,55,2018-07-25,67,TX,072518BL01,27.6995,-97.137200000000007,5,8.4,826,25.7,25.4,23.6,38,38,38.1,7.4,7.3,7.4,27.6833,-97.1436,802,926,10.1,27.6995,-97.137200000000007,826,0,8.4,60,"BL, OY, SY, TY",15,100,100,,,2018-07-25,2018,0,6,0,6
1927,55,2018-07-25,67,TX,072518BL02,27.9778,-96.9242,4,6.4,1159,27.2,24.8,24.4,38,38,38,7.8,7.4,8,27.9625,-96.9331,1135,1259,8,27.9778,-96.9242,1159,0,6.4,60,"BL, OY, SY, TY",15,100,100,,,2018-07-25,2018,NA,NA,0,0
1928,55,2018-09-18,67,TX,091818BL01,27.2845,-97.3353,2,6.5,1028,29.1,29.1,29.2,34.5,34.6,34.1,6.5,6.6,7.3,27.2636,-97.3419,1007,1134,6.5,27.2845,-97.3353,1028,0,6.5,66,"BL, OY, SY, TY",15,100,100,,,2018-09-18,2018,NA,NA,0,0
1929,55,2018-09-18,67,TX,091818BL02,27.968,-96.942,NA,3.8,1536,29.7,28.4,28.4,28.5,28.9,28.5,8.3,7.1,6,27.9531,-96.9522,1514,1636,3.8,27.968,-96.942,1536,0,3.8,60,"BL, OY, SY, TY",15,100,100,,,2018-09-18,2018,NA,NA,0,0
1930,55,2018-05-08,69,TX,050818BL03,29.2908,-94.7753,1,4.6,1304,26.1,24.7,24.6,26.6,27,27,7.2,6.7,6.6,29.3014,-94.7592,1246,1404,4.9,29.2908,-94.7753,1304,0,4.6,60,"BL, OY, SY, TY",15,100,100,,,2018-05-08,2018,0,6,0,6
1931,55,2018-05-08,69,TX,050818BL04,29.2962,-94.6712,1.5,9.1,944,24.3,24,24,22,27.2,27.4,7.4,7.6,7.3,29.3106,-94.6631,924,1044,10.6,29.2962,-94.6712,944,0,9.1,60,"BL, OY, SY, TY",15,100,100,,,2018-05-08,2018,0,16,0,16
1932,55,2018-06-13,69,TX,061318BL01,29.1512,-94.9867,1.5,8.2,1424,28.9,29,27.8,36.8,36.8,36.8,7.1,6.9,6.3,29.1614,-94.9706,1404,1524,8.5,29.1512,-94.9867,1424,0,8.2,60,"BL, OY, SY, TY",15,100,100,,,2018-06-13,2018,0,6,0,6
1933,55,2018-07-25,69,TX,072518BL01,29.5612,-94.2817,0.5,7.6,1028,29.4,29.3,29.3,38.3,38.4,38.4,6,6,6,29.5561,-94.3,1008,1128,7.3,29.5612,-94.2817,1028,0,7.6,60,"BL, OY, SY, TY",15,100,100,,,2018-07-25,2018,0,6,0,6
1934,55,2018-07-25,69,TX,072518BL02,29.6338,-94.1045,3,6.1,1410,30.7,29.6,29.6,37.8,37.8,38,6.3,6.2,6,29.6375,-94.085,1351,1510,6.1,29.6338,-94.1045,1410,0,6.1,60,"BL, OY, SY, TY",15,100,100,,,2018-07-25,2018,NA,NA,0,0
1935,55,2018-09-17,69,TX,091718BL01,29.418,-94.6562,1.5,5.5,1324,28.6,27.9,28,27.2,28.2,28.2,5.8,5.3,5.1,29.4317,-94.6439,1304,1429,4.6,29.418,-94.6562,1324,0,5.5,65,"BL, OY, SY, TY",15,100,100,,,2018-09-17,2018,0,1,0,1
1936,55,2018-09-18,69,TX,091818BL03,29.5838,-93.9388,5,8.2,852,28.5,28.5,28.4,26.4,26.6,28.7,7.9,7.8,6.6,29.5831,-93.9189,835,953,8,29.5838,-93.9388,852,0,8.2,61,"BL, OY, SY, TY",15,100,100,,,2018-09-18,2018,NA,NA,0,0
1937,55,2018-09-18,69,TX,091818BL04,29.6137,-94.0587,3,7,1136,29.2,28.7,28.6,29.9,30.1,34,7,7.2,5.8,29.6119,-94.0392,1056,1236,7.3,29.6137,-94.0587,1136,0,7,60,"BL, OY, SY, TY",15,100,100,,,2018-09-18,2018,NA,NA,0,0
1938,55,2018-09-18,69,TX,091818BL05,29.6262,-94.1408,1,5.8,1445,30.1,29,28.5,32.7,33.6,34.1,6.6,6.5,5.2,29.6319,-94.1219,1427,1545,6,29.6262,-94.1408,1445,0,5.8,60,"BL, OY, SY, TY",15,100,100,,,2018-09-18,2018,NA,NA,0,0
1939,56,2019-05-31,69,TX,053119BL01,29.5817,-93.9722,0.7,8.8,1036,27.9,27.9,27.8,7.6,10.8,13.6,6.9,6.5,6,29.598,-93.9745,0,1137,8.8,29.5817,-93.9722,1036,1320,8.8,61,"BL, OY, SY, TY",15,100,100,,,2019-05-31,2019,NA,NA,0,0
1940,56,2019-05-31,69,TX,053119BL02,29.5622,-94.2813,1,7.6,1433,27.7,28.4,29.2,14.4,11.3,11.2,7.2,8.6,8.6,29.5712,-94.265,0,1533,7.6,29.5622,-94.2813,1433,1657,7.6,60,"BL, OY, SY, TY",15,100,100,,,2019-05-31,2019,NA,NA,0,0
1941,56,2019-05-31,87,TX,053119BL03,28.2958,-96.4437,3,7.2,941,28.5,28.5,28.2,21.5,21.5,21.9,7.5,7.4,5.9,28.2888,-96.4613,0,1041,7.2,28.2958,-96.4437,941,1149,7.2,60,"BL, OY, SY, TY",15,100,100,,,2019-05-31,2019,NA,NA,0,0
1942,56,2019-05-31,87,TX,053119BL04,28.198,-96.632,2,10.3,1354,29.3,28.8,26.1,21.1,21.6,28,7.6,7,8,28.188,-96.647,0,1454,10.3,28.198,-96.632,1354,1618,10.3,60,"BL, OY, SY, TY",15,100,100,,,2019-05-31,2019,NA,NA,0,0
1943,56,2019-06-03,67,TX,060319BL01,27.8997,-96.9945,4.5,6.9,1325,29.8,29.6,29.2,23.2,23.4,24.8,7.4,7.6,7.8,27.883,-97.003,0,1425,6.9,27.8997,-96.9945,1325,1458,6.9,60,"BL, OY, SY, TY",15,100,100,,,2019-06-03,2019,0,1,0,1
1944,56,2019-06-03,67,TX,060319BL02,27.7628,-97.0972,6,6.2,1604,30.1,30.2,30.1,24,23.9,24,7.5,7.6,7.8,27.7463,-97.1045,0,1704,6.2,27.7628,-97.0972,1604,1738,6.2,60,"BL, OY, SY, TY",15,100,100,,,2019-06-03,2019,0,3,0,3
1945,56,2019-06-28,69,TX,062819BL01,29.2512,-94.8363,1,5.5,1008,28.2,28.1,28.3,19.3,20.7,21.7,7.2,7,7,29.2378,-94.8487,0,1110,5.5,29.2512,-94.8363,1008,1130,5.5,62,"BL, OY, SY, TY",15,100,100,,,2019-06-28,2019,NA,NA,0,0
1946,56,2019-07-08,87,TX,070819BL01,28.9403,-95.2487,1,10.7,1227,30.7,28.5,26,22,31,32.6,6.2,4.3,0.2,28.9528,-95.2325,0,1327,10.7,28.9403,-95.2487,1227,1458,10.7,60,"BL, OY, SY, TY",15,100,100,,,2019-07-08,2019,NA,NA,0,0
1947,56,2019-07-08,87,TX,070819BL02,28.6188,-95.8655,3,8.9,712,30.6,29.9,28.2,28.1,29.1,31.3,5.9,5.4,3.1,28.627,-95.8462,0,812,8.9,28.6188,-95.8655,712,910,8.9,60,"BL, OY, SY, TY",15,100,100,A,"Mainline cut at 98th hook, picked up rest from HF2, retrieved all 100 hooks",2019-07-08,2019,NA,NA,0,0
1948,56,2019-07-23,67,TX,072319BL01,27.818,-97.0192,6,7.2,1535,NA,NA,29.9,NA,NA,35.7,NA,NA,6.3,27.8186,-97.0356,0,1635,7.2,27.818,-97.0192,1535,1750,7.2,60,"BL, OY, SY, TY",15,100,100,,,2019-07-23,2019,NA,NA,0,0
1949,56,2019-07-24,69,TX,072419BL01,29.6292,-93.8788,1.9,5.8,823,28.7,28.8,29,23.1,23.1,23.3,5.2,5.3,5.1,29.6203,-93.8947,0,923,5.8,29.6292,-93.8788,823,1043,5.8,60,"BL, OY, SY, TY",15,100,100,A,"Mainline cut at 59th hook at 9:50, retrieved all 100 hooks",2019-07-24,2019,NA,NA,0,0
1950,56,2019-07-24,69,TX,072419BL02,29.6262,-94.1197,1.1,6.4,1156,28.4,28.4,28.4,28.3,28.6,28.6,6.9,6,5.7,29.6237,-94.14,0,1255,6.4,29.6262,-94.1197,1156,1449,6.4,59,"BL, OY, SY, TY",15,100,100,A,"Mainline cut at 65th hook at 13:58, retrieved all 100 hooks",2019-07-24,2019,NA,NA,0,0
1951,56,2019-07-24,69,TX,072419BL03,29.5262,-94.3313,1.8,8.8,1548,28.9,28.9,28.8,29,29.5,29.5,7.1,6.9,6.8,29.515,-94.3467,0,1649,8.8,29.5262,-94.3313,1548,1815,8.8,61,"BL, OY, SY, TY",15,100,100,,,2019-07-24,2019,0,5,0,5
1952,56,2019-07-27,67,TX,072719BL01,27.0628,-97.3717,4,6.9,1021,29,28.8,28.7,35.9,35.9,35.9,6.6,6.6,6.3,27.0792,-97.3692,0,1121,6.9,27.0628,-97.3717,1021,1151,6.9,60,"BL, OY, SY, TY",15,100,100,,No catch,2019-07-27,2019,NA,NA,0,0
1953,56,2019-08-20,69,TX,082019BL01,29.0192,-95.1758,1,6.1,1158,29.1,28.7,28.2,37.4,38.2,38.3,6.3,5.3,3.5,29.0305,-95.1612,0,1258,6.1,29.0192,-95.1758,1158,1324,6.1,60,"BL, OY, SY, TY",15,100,100,,,2019-08-20,2019,NA,NA,0,0
1954,56,2019-08-20,69,TX,082019BL02,29.3167,-94.7017,1.5,7.9,1530,30.9,30.4,30.3,33.6,36.5,37.3,6.7,5.9,5.4,29.3187,-94.683,0,1630,7.9,29.3167,-94.7017,1530,1709,7.9,60,"BL, OY, SY, TY",15,100,99,H,"100 hooks set, 99 hooks retrieved",2019-08-20,2019,NA,NA,0,0
1955,56,2019-08-30,69,TX,083019BL01,29.6328,-93.842,1.2,5.8,933,29.8,29.8,29.7,23,23.9,24,7.2,6.9,6.9,29.6292,-93.8603,0,1033,5.8,29.6328,-93.842,933,1128,5.8,60,"BL, OY, SY, TY",15,100,100,,,2019-08-30,2019,NA,NA,0,0
1956,56,2019-08-30,69,TX,083019BL02,29.4888,-94.4687,2,7.6,1353,31.1,30.6,30.5,31.5,31.5,31.6,6.9,6.8,6.4,29.4812,-94.4858,0,1453,7.6,29.4888,-94.4687,1353,1701,7.6,60,"BL, OY, SY, TY",15,100,100,,,2019-08-30,2019,NA,NA,0,0
1957,56,2019-09-25,87,TX,092519BL01,28.8753,-95.3055,2,12.8,938,28.6,28.5,28.9,20.9,21.2,26.4,6.6,6.4,4.2,28.8663,-95.3245,0,1038,12.8,28.8753,-95.3055,938,1144,12.8,60,"BL, OY, SY, TY",15,100,100,,,2019-09-25,2019,NA,NA,0,0
1958,56,2019-09-25,87,TX,092519BL02,28.74,-95.5475,1.8,10.8,1335,29.6,28.6,28.6,22.2,22.2,22.3,7.1,6.1,6.2,28.7333,-95.567,0,1435,10.8,28.74,-95.5475,1335,1536,10.8,60,"BL, OY, SY, TY",15,100,100,,,2019-09-25,2019,NA,NA,0,0
1959,56,2019-09-26,67,TX,092619BL01,27.6845,-97.1533,6.5,5.3,834,29.9,30.2,29.6,26.5,26.9,27,6.8,6.9,6.1,27.6673,-97.1619,0,934,5.3,27.6845,-97.1533,834,1057,5.3,60,"BL, OY, SY, TY",15,100,100,,,2019-09-26,2019,NA,NA,0,0
1960,56,2019-09-26,67,TX,092619BL02,27.8242,-97.0353,4,7.2,1139,29.8,29.8,29.9,26.4,26.3,27.1,6.6,6.7,6.6,27.8101,-97.0494,0,1239,7.2,27.8242,-97.0353,1139,1325,7.2,60,"BL, OY, SY, TY",15,100,100,B,,2019-09-26,2019,NA,NA,0,0
1961,57,2021-05-13,TAMUG,TX,051321BL01,29.6357,-93.8689,0.8,5,1542,25.5,25.5,25.4,16.5,16.7,17.1,7.4,6.9,6.5,29.6418,-93.8729,1442,1612,5.4,29.6418,-93.8896,1512,0,4.6,60,"BL, OY, SY, TY",15,100,100,,,2021-05-13,2021,NA,NA,0,0
1962,57,2021-05-14,TAMUG,TX,051421BL01,29.515,-94.3656,2.5,8.7,1211,25.1,25.1,25,16,16.5,16.8,9,8.5,7.8,29.508,-94.3673,1134,1304,8.8,29.5217,-94.3666,1200,0,8,64,"BL, OY, SY, TY",15,100,100,,,2021-05-14,2021,0,1,0,1
1963,57,2021-05-26,TAMUG,TX,052621BL01,29.358,-94.7032,1,4,1300,26.6,25.7,25.4,15.7,15.9,17.2,7.9,7.4,6.7,29.3514,-94.7018,1234,1355,3.8,29.3657,-94.7048,1255,0,4.8,60,"BL, OY, SY, TY",15,100,100,,,2021-05-26,2021,NA,NA,0,0
1964,57,2021-05-26,TAMUG,TX,052621BL02,29.2174,-94.8612,1.2,9.2,907,25.3,25.2,25.1,16.2,16.7,21,7.2,6.8,5.6,29.2158,-94.8691,835,1005,9.1,29.2184,-94.8534,900,0,9.3,65,"BL, OY, SY, TY",15,100,100,,Station was in waters greater than 30ft so station moved into waters less than 30ft.,2021-05-26,2021,NA,NA,0,0
1965,57,2021-05-27,TAMUG,TX,052721BL01,28.7084,-95.6739,1.5,8.9,1305,27.8,25.7,25.6,14.9,20.2,20.5,9.9,7.2,6.9,28.7062,-95.697,1224,1355,9.1,28.709,-95.6653,1252,0,9.2,63,"BL, OY, SY, TY",15,100,100,,,2021-05-27,2021,0,5,0,5
1966,57,2021-05-27,TAMUG,TX,052721BL02,28.6362,-95.8566,0.9,6.7,952,27.3,26.1,26.1,11.4,17.2,20.1,8,7.6,7.6,28.6344,-95.8618,915,1048,5.8,28.6372,-95.849,942,0,6.8,66,"BL, OY, SY, TY",15,100,100,,,2021-05-27,2021,NA,NA,0,0
1967,57,2021-07-15,99,TX,071521BL01,26.7169,-97.3014,9,9.2,908,28,28.2,28.2,34.7,34.5,34.5,6.5,6.5,6.5,26.708,-97.3133,837,955,9.4,26.7255,-97.3175,854,0,9.2,61,"BL, OY, SY, TY",15,102,102,B,102 hooks,2021-07-15,2021,0,1,0,1
1968,57,2021-07-15,99,TX,071521BL02,26.8169,-97.3464,5,5.7,1206,28.5,28.6,28.6,34.4,34.4,34.6,6.4,6.8,6.9,26.81,-97.3443,1131,1249,6,26.8277,-97.3486,1149,0,5.6,60,"BL, OY, SY, TY",15,100,100,B,,2021-07-15,2021,NA,NA,0,0
1969,57,2021-09-09,99,TX,090921BL01,26.521,-97.2486,2,9,1012,29.9,29.9,29.9,36,36,36,6.3,6.1,6.1,26.5288,-97.251,944,1059,8.2,26.5133,-97.2458,959,0,9,60,"BL, OY, SY, TY",15,100,100,B,,2021-09-09,2021,NA,NA,0,0
1970,57,2021-09-09,99,TX,090921BL02,26.275,-97.1713,4,11.7,1318,29.3,29.3,29,35.9,35.9,35.9,6.4,6.3,6.1,26.2827,-97.1722,1252,1407,11,26.2663,-97.1708,1307,0,10.7,60,"BL, OY, SY, TY",15,100,100,B,,2021-09-09,2021,0,1,0,1
1972,57,2021-08-24,87,TX,082421BL01,28.2188,-96.6003,3,9.2,748,31,31,30.8,33.7,33.7,34.2,6.3,6.3,5.2,28.2181,-96.5947,748,918,9.4,28.2119,-96.611,818,0,9.8,60,"BL, OY, SY, TY",15,100,100,,,2021-08-24,2021,NA,NA,0,0
1973,57,2021-08-24,87,TX,082421BL02,28.5729,-95.9783,2,8.4,1302,32,31,30.7,32.5,32.7,33.3,6.6,5.9,3.7,28.5756,-95.9706,1240,1402,8.6,28.5681,-95.99,1302,0,8.7,60,"BL, OY, SY, TY",15,100,100,,,2021-08-24,2021,NA,NA,0,0
1974,57,2021-06-17,69,TX,061721BL01,29.278,-94.68,1.5,9.7,956,28.5,28.3,28,23,25.7,28.7,7.4,6.4,5.7,29.273,-94.6875,932,1048,9.7,29.2828,-94.6714,947,0,10,61,"BL, OY, SY, TY",15,100,100,,,2021-06-17,2021,0,8,0,8
1975,57,2021-06-17,69,TX,061721BL02,29.4305,-94.6303,1.8,6.4,1323,29.3,29.3,29.2,25.9,26.1,26.4,8.1,7.8,7.6,29.4261,-94.6392,1300,1420,6.4,29.4353,-94.6225,1318,0,6.1,62,"BL, OY, SY, TY",15,100,100,,,2021-06-17,2021,NA,NA,0,0
1976,57,2021-06-30,69,TX,063021BL01,29.4883,-94.4888,0.5,7,1020,28.4,28.4,28.2,20,19.9,19.9,6.6,6.6,6.7,29.4844,-94.4989,951,1109,7.3,29.4925,-94.481,1009,0,7,60,"BL, OY, SY, TY",15,100,100,,,2021-06-30,2021,NA,NA,0,0
1977,57,2021-09-01,69,TX,090121BL01,29.4214,-94.6478,1.2,5.5,1428,30.8,30.2,30.1,28.1,30.6,31.2,6.1,4.7,3.8,29.4297,-94.643,1405,1524,4.6,29.4139,-94.6519,1423,0,6.1,61,"BL, OY, SY, TY",15,100,100,,,2021-09-01,2021,NA,NA,0,0
1978,57,2021-09-07,69,TX,090721BL01,29.2227,-94.8786,1,6.4,1032,28.9,28.9,28.9,34.8,34.9,34.9,6.2,5.9,5.4,29.2172,-94.8867,1006,1128,6.7,29.2289,-94.8719,1026,0,5.8,62,"BL, OY, SY, TY",15,100,100,,,2021-09-07,2021,NA,NA,0,0
1979,57,2021-09-07,69,TX,090721BL02,29.3169,-94.7255,1.5,5.2,1334,29.6,29.5,29.2,33,33,33.1,6.8,7,6.8,29.313,-94.7336,1312,1432,5.2,29.3222,-94.7167,1332,0,5.2,60,"BL, OY, SY, TY",15,100,100,,,2021-09-07,2021,0,1,0,1
1980,57,2021-07-27,67,TX,072721BL01,28.0375,-96.8642,6.3,6.3,834,29.5,29.5,29.9,34.8,34.8,35,7.4,8.7,10.8,28.0314,-96.8739,810,929,5.7,28.0433,-96.8594,829,0,5.7,60,"BL, OY, SY, TY",15,100,100,B,No catch,2021-07-27,2021,NA,NA,0,0
1981,57,2021-07-27,67,TX,072721BL02,27.8508,-97.0189,9.6,9.6,1124,30.5,30.3,30.1,35.4,35.4,35.4,7.8,7.9,8,27.86,-97.0128,1057,1222,9.5,27.8447,-97.025,1121,0,9.7,61,"BL, OY, SY, TY",15,100,100,B,,2021-07-27,2021,NA,NA,0,0
1982,57,2021-08-03,67,TX,080321BL01,27.0842,-97.3633,4.8,8.9,1036,27,26.1,25.9,36.3,36.3,36.3,6.9,6.5,6,27.0753,-97.3658,1009,1132,8.1,27.0933,-97.363,1032,0,8.9,60,"BL, OY, SY, TY",15,100,100,B,No catch,2021-08-03,2021,NA,NA,0,0
1983,57,2021-08-04,67,TX,080421BL01,28.2747,-96.4689,2.2,8.4,1202,28.6,27.8,27.6,34.4,35.6,35.6,6,4.6,4.5,28.2703,-96.4739,1129,1254,8.8,28.28,-96.4564,1156,0,8.4,58,"BL, OY, SY, TY",15,100,100,B,,2021-08-04,2021,NA,NA,0,0
1984,57,2021-08-24,67,TX,082421BL03,27.2878,-97.3303,2,8.6,950,30.8,30.4,30.3,36.7,36.7,36.7,5.7,5.4,5.2,27.2803,-97.3358,913,1045,6.7,27.2975,-97.3281,945,0,8.6,60,"BL, OY, SY, TY",15,100,100,B,,2021-08-24,2021,NA,NA,0,0
1985,57,2021-08-24,67,TX,082421BL04,27.76,-97.0945,2.8,8,1502,32,31.4,31.4,36.1,36.2,36.2,6.4,6.7,6.2,27.7525,-97.0942,1439,1600,8.5,27.7692,-97.0908,1500,0,7.1,60,"BL, OY, SY, TY",15,100,100,B,,2021-08-24,2021,NA,NA,0,0
1986,58,2022-05-23,99,TX,052322BL01,29.6081,-94.0403,0.3,7.4,1001,26.9,26.9,26.9,29.1,30.2,30.1,3.1,6.3,4.8,29.6023,-94.0337,929,1029,7.5,29.614,-94.0448,956,0,7,33,"BL, OY, SY, TY",15,100,99,,,2022-05-23,2022,0,1,0,1
1987,58,2022-05-23,99,TX,052322BL02,29.5913,-93.8862,0.5,6.8,1304,26.9,27.2,27.2,27.9,29.8,30,6,4.8,4,29.5886,-93.88,1235,1335,6.8,29.595,-93.8903,1255,0,6.6,40,"BL, OY, SY, TY",15,100,100,,,2022-05-23,2022,0,1,0,1
1988,58,2022-05-27,67,TX,052722BL01,27.9449,-96.9439,2,9.8,838,26.5,26.5,26.6,32.5,32.5,32.6,6.9,7,7,27.9525,-96.9344,759,938,9.8,27.94,-96.9481,828,0,9.8,70,"BL, OY, SY, TY",15,102,100,"B, H, Q",,2022-05-27,2022,0,7,0,7
1989,58,2022-06-03,67,TX,060322BL01,27.4515,-97.2712,3.5,8.8,913,28.5,28.4,28.4,34.1,34.1,34.1,6.5,6.5,6.3,27.4442,-97.2767,848,1008,8.8,27.4585,-97.2679,908,0,8.8,60,"BL, OY, SY, TY",15,102,101,B,,2022-06-03,2022,0,3,0,3
1990,58,2022-06-23,67,TX,062322BL01,27.5575,-97.2182,3,7.8,847,30.2,30,29.8,37.1,37.1,36.9,5.9,6,6.1,27.5503,-97.2234,812,951,7.8,27.5656,-97.2129,842,0,7.8,69,"BL, OY, SY, TY",15,102,102,,No catch,2022-06-23,2022,NA,NA,0,0
1991,58,2022-06-23,67,TX,062322BL02,27.7523,-97.0894,4,9.9,1148,31.1,30.2,30,37.4,37.5,37.4,6.3,6.3,5.9,27.7402,-97.097,1118,1243,9.9,27.7558,-97.087,1143,0,9.9,60,"BL, OY, SY, TY",15,102,102,,,2022-06-23,2022,NA,NA,0,0
1992,58,2022-08-24,67,TX,082422BL01,27.5835,-97.2048,5,8.4,857,29.5,29.5,29.4,38.2,38.2,38.2,5.7,5.7,5.5,27.5767,-97.2104,827,950,8.3,27.5923,-97.2008,850,0,8.4,60,"BL, OY, SY, TY",15,101,101,B,No catch,2022-08-24,2022,NA,NA,0,0
1993,58,2022-08-24,67,TX,082422BL02,27.766,-97.0792,5,9.7,1154,29.9,29.6,29.5,38,38,38,5.7,5.9,5.8,27.7582,-97.0845,1128,1250,9.1,27.7741,-97.0751,1150,0,9.7,60,"BL, OY, SY, TY",15,101,101,B,No catch,2022-08-24,2022,NA,NA,0,0
1994,58,2022-05-26,69,TX,052622BL01,29.0036,-95.2053,0.7,4.6,1125,25.6,25.4,24.8,33.3,33.3,33.2,6.8,6.8,6.8,29.0092,-95.2011,1059,1218,3.7,28.9947,-95.2122,1116,0,6.1,62,"BL, OY, SY, TY",15,100,100,,,2022-05-26,2022,0,4,0,4
1995,58,2022-05-26,69,TX,052622BL02,29.3467,-94.6475,0.6,9.4,1530,26.2,26.1,25.7,30.6,30.7,30.9,6.9,6.8,6.7,29.3556,-94.6433,1503,1621,9.1,29.3397,-94.6525,1521,0,9.7,60,"BL, OY, SY, TY",15,100,100,,,2022-05-26,2022,0,9,0,9
1996,58,2022-07-07,69,TX,070722BL01,29.0578,-95.0958,2.7,10,1213,29.2,29,28.5,34.9,34.9,34.9,6.1,5.8,5.5,29.0656,-95.0908,1141,1303,9.1,29.0492,-95.1008,1202,0,10.6,61,"BL, OY, SY, TY",15,100,100,,,2022-07-07,2022,0,10,0,10
1997,58,2022-07-11,69,TX,071122BL01,29.6172,-94.0058,1.5,6.4,1606,30,30,29.8,34,34.4,35.5,6.8,6.7,6.4,29.6245,-94.0058,1538,1656,5.8,29.6078,-94.0036,1556,0,6.7,60,"BL, OY, SY, TY",15,100,100,,,2022-07-11,2022,NA,NA,0,0
1998,58,2022-07-12,69,TX,071222BL01,29.6442,-94.0044,0.5,5.8,927,29.5,29.5,29.5,34.1,34.1,34.1,6.2,6.2,6.3,29.645,-93.9964,903,1019,5.5,29.6425,-94.0164,918,0,5.8,61,"BL, OY, SY, TY",15,100,100,,,2022-07-12,2022,NA,NA,0,0
1999,58,2022-07-12,69,TX,071222BL02,29.2917,-94.7586,1,5.8,1402,29.6,29.3,29,35.4,35.4,35.4,6.5,6.5,6.4,29.2978,-94.7511,1342,1456,5.8,29.2867,-94.7664,1355,0,6.1,61,"BL, OY, SY, TY",15,100,100,,,2022-07-12,2022,NA,NA,0,0
2000,58,2022-09-01,69,TX,090122BL01,29.4492,-94.5172,2.5,8.2,1103,29.4,28.9,29.2,32.6,32.9,33.3,7,6.7,6.8,29.4442,-94.5242,1038,1157,8.5,29.4556,-94.5092,1057,0,8.2,60,"BL, OY, SY, TY",15,100,100,,,2022-09-01,2022,NA,NA,0,0
2001,58,2022-09-01,69,TX,090122BL02,29.6255,-93.9736,1.9,6,1614,29.4,29.2,29.4,24.1,25.6,29.2,8.3,7.2,6.3,29.6222,-93.9828,1534,1650,6.1,29.6294,-93.9642,1550,0,5.5,60,"BL, OY, SY, TY",15,100,100,,,2022-09-01,2022,NA,NA,0,0
2002,58,2022-09-02,69,TX,090222BL01,29.5125,-94.4311,2.5,6.4,1549,29.6,29.2,29.2,26.5,26.6,27.8,8.4,7.9,7.7,29.5108,-94.4383,1520,1642,6.1,29.5139,-94.4186,1541,0,6.4,61,"BL, OY, SY, TY",15,99,99,,,2022-09-02,2022,NA,NA,0,0
2003,58,2022-10-05,69,TX,100522BL01,29.0761,-95.0917,1.5,8.5,1052,25.2,25.2,25.1,28,28,28,7.2,7.2,7.2,29.0725,-95.1006,1026,1146,6.7,29.08,-95.0828,1046,0,8.5,60,"BL, OY, SY, TY",15,100,100,,,2022-10-05,2022,NA,NA,0,0
2004,58,2022-05-27,99,TX,052722BL02,26.9525,-97.4661,5,6.1,1030,26.8,26.9,26.8,34.4,35.5,34.8,6.8,6.8,6.7,26.9442,-97.3819,1002,1129,6.1,26.9597,-97.3644,1019,0,6,70,"BL, OY, SY, TY",15,100,100,,,2022-05-27,2022,NA,NA,0,0
2005,58,2022-05-27,99,TX,052722BL03,26.6219,-97.2847,5,8.7,1310,26.6,26.3,26.1,35.7,35.7,35.7,7,7.1,7.1,26.6156,-97.2856,1340,1455,8.7,26.6289,-97.2844,1355,0,8.7,60,"BL, OY, SY, TY",15,100,100,,,2022-05-27,2022,NA,NA,0,0
2006,58,2022-06-27,99,TX,062722BL01,26.4939,-97.2442,3,6,925,25.7,24.5,24.3,36.6,36.9,36.8,6.8,6.6,6.6,26.4872,-97.2431,848,948,5.1,26.5005,-97.2442,905,0,7.4,43,"BL, OY, SY, TY",15,100,100,B,,2022-06-27,2022,NA,NA,0,0
2007,58,2022-06-27,99,TX,062722BL02,26.0236,-97.1425,3,6.2,1247,27.2,26.1,24.9,37.4,37.5,37.4,6.6,6.5,6.4,26.0169,-97.1428,1218,1318,7.2,26.0319,-97.1428,1233,0,7.4,45,"BL, OY, SY, TY",15,100,100,,,2022-06-27,2022,NA,NA,0,0
2008,58,2022-08-10,99,TX,081022BL01,26.5528,-97.2556,3.5,9.9,939,28.6,28.5,29,36.4,36.4,37.1,6.1,6.1,3.9,26.5456,-97.2558,919,1022,8.9,26.5622,-97.2553,934,0,10.3,48,"BL, OY, SY, TY",15,100,100,,,2022-08-10,2022,NA,NA,0,0
2009,58,2022-08-10,99,TX,081022BL02,26.1064,-97.1519,7,8.5,1251,27.8,27,27,36.3,36.3,36.3,7,6.3,6.2,26.1003,-97.1522,1232,1333,7.7,26.1142,-97.1522,1246,0,8.8,47,"BL, OY, SY, TY",15,100,100,,,2022-08-10,2022,NA,NA,0,0
2010,58,2022-05-16,87,TX,051622BL01,28.7147,-95.6769,1,9,827,26.6,25.3,24.6,28.1,30.2,31.5,4.9,2.6,2.2,28.7147,-95.6769,827,953,8.8,28.7036,-95.6939,852,0,7,61,"BL, OY, SY, TY",15,100,100,,,2022-05-16,2022,0,9,0,9
2011,58,2022-05-16,87,TX,051622BL02,28.2114,-96.6042,2,9.4,1609,27.7,26.9,24.5,28.7,29.7,32.9,5,4,2.9,28.2061,-96.6233,1609,1736,9.2,28.2114,-96.6042,1635,0,9.4,61,"BL, OY, SY, TY",15,100,100,,,2022-05-16,2022,0,18,0,18
2012,58,2022-07-25,87,TX,072522BL01,28.5722,-96.0238,2.5,5.4,925,30.8,30.8,30.8,35.9,36,37.3,6.5,6.4,5.5,28.5769,-96.0178,843,1016,5.4,28.5645,-96.0339,914,0,5.7,62,"BL, OY, SY, TY",15,100,100,,10 hooks back with bait,2022-07-25,2022,NA,NA,0,0
2013,58,2022-07-25,87,TX,072522BL02,28.3482,-96.3759,3.5,8.5,1359,29.9,29.3,29.3,36,36,36,7.6,7.6,7,28.355,-96.3739,1326,1446,7.3,28.3378,-96.3745,1346,0,10,60,"BL, OY, SY, TY",15,100,100,,,2022-07-25,2022,0,1,0,1
2014,58,2022-08-17,87,TX,081722BL01,28.665,-95.7917,2.5,6.7,1244,31.3,30.8,36.6,27.2,31.4,33.8,6.8,5.5,2.6,28.6704,-95.7862,1244,1408,4.6,28.6771,-95.7759,1307,0,6.7,61,"BL, OY, SY, TY",15,100,100,,,2022-08-17,2022,NA,NA,0,0
2015,58,2022-08-17,87,TX,081722BL02,28.5056,-96.159,3,8.7,812,30.7,30.7,30.7,28.4,29.2,29.2,6.3,6.2,6.4,28.5065,-96.1579,812,935,8.7,28.4935,-96.159,833,0,8.7,62,"BL, OY, SY, TY",15,100,100,C,,2022-08-17,2022,NA,NA,0,0
2016,59,2023-05-16,69,TX,051623BL01,29.1389,-94.9986,0.9,9,1020,25.6,25.2,24.2,22.7,22.7,25.3,7.7,7,6.3,29.1444,-94.9911,0,1117,8.8,29.1336,-95.0064,1015,0,9,62,"BL, OY, SY, TY",15,100,98,,,2023-05-16,2023,NA,NA,0,0
2017,59,2023-05-16,69,TX,051623BL02,29.2817,-94.76,1,6.8,1355,26.6,25.2,25.1,21.4,21.4,21.9,9.3,7.1,6.8,29.2886,-94.7528,0,1448,6.6,29.2825,-94.7597,1345,0,6.9,63,"BL, OY, SY, TY",15,100,100,,,2023-05-16,2023,NA,NA,0,0
2018,59,2023-05-18,99,TX,051823BL01,26.8838,-97.3608,5,5,1013,27.2,27.1,27,30.6,30.8,30.8,6.7,6.7,6.7,26.8921,-97.3637,0,1106,3.6,26.8759,-97.3556,1006,0,5.6,60,"BL, OY, SY, TY",15,100,100,,,2023-05-18,2023,0,1,0,1
2019,59,2023-05-18,99,TX,051823BL02,26.5861,-97.2705,9.7,9.7,1317,26.9,26.4,26.4,31.2,31.3,31.6,6.8,6.8,6.7,26.5791,-97.2661,0,1413,9.5,26.5927,-97.2747,1312,0,9.3,61,"BL, OY, SY, TY",15,100,100,,No catch,2023-05-18,2023,NA,NA,0,0
2020,59,2023-05-24,67,TX,052423BL01,27.9258,-96.9752,4,6.5,913,27.9,27.9,27.9,28.2,28.2,28.2,6.1,6.1,6.1,27.9196,-96.9825,0,1007,6.5,27.9325,-96.9691,907,0,6.5,60,"BL, OY, SY, TY",15,102,102,B,Hauled back from second HF due to safety concerns with current direction,2023-05-24,2023,0,1,0,1
2021,59,2023-05-24,67,TX,052423BL02,27.8115,-97.0442,3.5,7.8,1257,28.8,28.1,27.9,29.6,29.6,29.6,6.4,6.4,6.4,27.8057,-97.0522,0,1350,9.3,27.8157,-97.0364,1250,0,6.6,60,"BL, OY, SY, TY",15,101,101,B,Hauled back from second HF due to safety concerns with current direction,2023-05-24,2023,NA,NA,0,0
2022,59,2023-06-01,69,TX,060123BL01,29.5517,-94.2731,2,8.8,1041,26.9,26.8,26.5,26,29.3,29.8,6.8,6.3,5.8,29.5489,-94.2819,0,1140,8.7,29.555,-94.2636,1037,0,8.7,63,"BL, OY, SY, TY",15,100,100,,,2023-06-01,2023,0,21,0,21
2023,59,2023-06-29,69,TX,062923BL01,29.1436,-95.0106,0.5,6,1115,24.3,23.3,23.3,37.1,36.4,36.4,5.4,5.4,5.6,29.1481,-95.0047,0,1206,6.1,29.1367,-95.0194,1106,0,6.7,60,"BL, OY, SY, TY",15,100,100,,,2023-06-29,2023,0,2,0,2
2024,59,2023-06-29,69,TX,062923BL02,29.3883,-94.6675,1.5,6.8,1514,27.5,25.3,24.3,37.2,37.5,37.9,6,4.8,3.4,29.3928,-94.66,0,1603,6.9,29.3822,-94.6761,1503,0,6.7,60,"BL, OY, SY, TY",15,100,100,,,2023-06-29,2023,0,3,0,3
2025,59,2023-07-21,67,TX,072123BL01,27.8081,-97.0317,5,9.1,909,27.2,26.8,24.7,37.4,37.4,37.4,6.3,6.1,5.5,27.7997,-97.0353,0,1000,9.4,27.8139,-97.0253,900,0,11.9,60,"BL, OY, SY, TY",15,102,102,B,Hauled back from second HF due to safety concerns with current direction,2023-07-21,2023,0,1,0,1
2026,59,2023-07-21,99,TX,072123BL02,26.9164,-97.3594,8,8.4,1000,24.7,23.9,23.4,36.9,36.9,36.9,6,5.8,5.9,26.925,-97.3608,0,1108,8.2,26.9075,-97.3583,1007,0,8.5,61,"BL, OY, SY, TY",15,100,100,,No catch,2023-07-21,2023,NA,NA,0,0
2027,59,2023-07-21,99,TX,072123BL03,26.5864,-97.2774,6.2,7.2,1311,25.1,23.5,24.1,37.1,37.1,37.2,6.2,5.4,5.1,26.5783,-97.2756,0,1408,5.2,26.5944,-97.2792,1308,0,7.2,60,"BL, OY, SY, TY",15,100,100,,,2023-07-21,2023,NA,NA,0,0
2028,59,2023-07-24,87,TX,072423BL01,28.9524,-95.2688,3,5.2,1010,27.9,27,25.6,37.4,37.5,37.5,4.7,3.8,4.6,28.945,-95.275,0,1102,5.2,28.9589,-95.2617,1002,0,5.2,60,"BL, OY, SY, TY",15,100,100,,,2023-07-24,2023,NA,NA,0,0
2029,59,2023-07-24,87,TX,072423BL02,28.7841,-95.5344,4.5,7.3,1445,29.2,27.9,27.8,38,38.4,38.5,7.6,7.8,8,28.7764,-95.5408,0,1539,7.3,28.7917,-95.5272,1439,0,7.3,60,"BL, OY, SY, TY",15,100,100,,,2023-07-24,2023,NA,NA,0,0
2030,59,2023-07-30,67,TX,073023BL01,27.324,-97.3176,6,9.5,1037,24.6,26.1,27.9,37.4,37.5,37.5,6.9,7.1,7.1,27.3174,-97.3196,0,1130,9.5,27.3356,-97.3149,1029,0,9.5,61,"BL, OY, SY, TY",15,102,102,B,No catch,2023-07-30,2023,NA,NA,0,0
2031,59,2023-08-16,99,TX,081623BL01,26.7371,-97.3274,7,8.6,937,26.4,23.8,23.8,36.9,36.9,36.9,5.7,5.7,5.7,26.7447,-97.3254,0,1034,8,26.7314,-97.3209,934,0,8.8,60,"BL, OY, SY, TY",15,100,100,,,2023-08-16,2023,NA,NA,0,0
2032,59,2023-08-16,99,TX,081623BL02,26.1329,-97.1609,3.5,5.4,1337,27.4,24.8,23.5,37,37.1,37.1,6.1,6.1,6,26.1398,-97.1622,0,1433,5.4,26.1256,-97.1597,1333,0,5.2,60,"BL, OY, SY, TY",15,100,100,,No catch,2023-08-16,2023,NA,NA,0,0
2033,59,2023-08-28,67,TX,082823BL01,27.6126,-97.1909,3,9.5,917,29.8,29.5,29.4,37.4,37.4,37.4,6.7,6.4,6.2,27.6139,-97.1886,0,908,8.5,27.6269,-97.175,1010,0,10.3,62,"BL, OY, SY, TY",15,102,102,,No catch,2023-08-28,2023,NA,NA,0,0
2034,59,2023-08-28,67,TX,082823BL02,27.9115,-96.9849,2.8,7.9,1237,30.4,30,29.6,37.3,37.3,37.3,6.8,6.6,6.3,27.915,-96.9825,0,1331,7.2,27.9003,-96.9933,1231,0,7.7,60,"BL, OY, SY, TY",15,101,101,,,2023-08-28,2023,0,1,0,1
2035,59,2023-08-30,87,TX,083023BL01,28.9013,-95.3267,3.5,6.9,929,31,31,31,33.5,33.4,33.3,5.4,5.3,5.2,28.89,-95.34,0,1020,6.9,28.9,-95.3155,920,0,6.7,60,"BL, OY, SY, TY",15,100,100,,,2023-08-30,2023,0,23,0,23
2036,59,2023-08-30,87,TX,083023BL02,28.6456,-95.7841,3,10.5,1407,30.6,30.6,31.3,33,32.9,32.9,6.4,6.1,6.3,28.6462,-95.7938,0,1500,10.3,28.6453,-95.7723,1400,0,11,60,"BL, OY, SY, TY",15,100,100,,,2023-08-30,2023,NA,NA,0,0
2037,59,2023-09-07,69,TX,090723BL01,29.5875,-94.1889,1.2,7.8,1319,31.5,31.5,31.2,35.4,35.4,35.4,6.5,6.4,5.9,29.585,-94.1983,0,1409,7.9,29.5903,-94.1797,1309,0,7.8,60,"BL, OY, SY, TY",15,100,99,,,2023-09-07,2023,NA,NA,0,0
2038,59,2023-09-08,69,TX,090823BL01,29.6019,-93.8589,1,6.8,856,30.9,30.9,30.9,33.9,34,34,5.9,5.9,5.9,29.6031,-93.8503,0,946,7.1,29.6014,-93.8697,844,0,6.4,62,"BL, OY, SY, TY",15,100,96,,,2023-09-08,2023,0,3,0,3
2039,59,2023-09-08,69,TX,090823BL02,29.6303,-93.9511,0.8,5.4,1222,31.2,31.1,30.9,34.6,34.6,34.6,6.1,6,5.8,29.6294,-93.9419,0,1316,5.2,29.6322,-93.9614,1216,0,5.4,60,"BL, OY, SY, TY",15,100,97,,,2023-09-08,2023,NA,NA,0,0
2040,59,2023-09-27,69,TX,092723BL01,29.2172,-94.8469,9,9.6,1040,29.9,29.9,30.1,32.7,32.7,32.8,7.9,7.8,7.3,29.2119,-94.8544,0,1135,9.8,29.2222,-94.8392,1035,0,9.6,60,"BL, OY, SY, TY",15,100,100,,,2023-09-27,2023,NA,NA,0,0
2041,59,2023-09-27,69,TX,092723BL02,29.4181,-94.6242,5.5,7.6,1403,30,29.7,29.8,31.5,31.6,31.7,7.1,7,6.5,29.4128,-94.6328,0,1455,7.4,29.4231,-94.6167,1355,0,7.5,60,"BL, OY, SY, TY",15,100,100,,,2023-09-27,2023,NA,NA,0,0
